Sequence,Predicted passes /20,tsAMP-CS passes /11,LLAMP passes /9,Mean predicted log10 MIC,Coverage rank,Elite selection reason,Cheap potency score,Library selection score,Top selected,Final rank,MIC uM | Acinetobacter baumannii ATCC 19606,MIC uM | Acinetobacter baumannii ATCC BAA-1605,MIC uM | Escherichia coli ATCC 11775,MIC uM | Escherichia coli K-12 BW25113,MIC uM | Klebsiella pneumoniae ATCC 13883,MIC uM | Pseudomonas aeruginosa PAO1,MIC uM | Pseudomonas aeruginosa PA14,MIC uM | Bacillus subtilis ATCC 23857,MIC uM | Staphylococcus aureus ATCC 12600,MIC uM | Staphylococcus aureus ATCC BAA-1556,MIC uM | Enterococcus faecalis ATCC 700802,MIC uM | Enterobacter cloacae ATCC 13047,MIC uM | Escherichia coli AIC221,MIC uM | Escherichia coli AIC222,MIC uM | Escherichia coli ATCC BAA-3170,MIC uM | Klebsiella pneumoniae ATCC BAA-2342,MIC uM | Pseudomonas aeruginosa ATCC BAA-3197,MIC uM | Salmonella enterica ATCC 9150,MIC uM | Salmonella enterica Typhimurium ATCC 700720,MIC uM | Enterococcus faecium ATCC 700221
GWMKRFGKKVGNGLKKYGPKIPRIITVGLRVANAV,20,11,9,0.23623945506225344,1,Rank,0.0868615011157749,0.0868615011157749,True,1,2.0494893,1.8055849,1.238053,1.2776648,1.9300703,1.7696638,4.2866564,6.9672346,2.248841,3.350158,2.2303562,1.669463625096046,1.278580193904458,1.278580193904458,1.278580193904458,0.7056924442815798,1.7610952762216558,0.7770850746408156,0.7770850746408156,2.019443838659378
GQWLKKSGKKIFKAGIKVLRTVAGVGPAIKG,20,11,9,0.2586864670516654,2,Rank,0.1064431851389405,0.1064431851389405,True,2,1.440269,1.4344226,1.0820988,0.91843027,1.8909872,2.09361,5.7305284,6.971603,4.0156355,2.237243,5.14426,1.5468328252630283,1.1267108040209313,1.1267108040209313,1.1267108040209313,1.4552388267589926,2.2396243058380922,1.0021166641619226,1.0021166641619226,1.3726717649045141
GRLSKSSKKLWKSAKNLAKRALPVGPAIALGLKG,20,11,9,0.38787628814714403,3,Rank,0.0964786259364539,0.0964786259364539,True,3,2.6004303,2.2213666,2.3382118,1.4241029,3.0313108,3.5865958,6.3338037,5.0400243,2.16308,2.0114694,10.2304325,1.442151454280242,1.8768101083889241,1.8768101083889241,1.8768101083889241,1.74055663879171,1.8288689781902603,1.3274089741119246,1.3274089741119246,3.6007489978696046
GIPLKKWKSFWKTIKKVGKAVGHVAINYLN,20,11,9,0.3942359153491274,4,Rank,0.0570228235747303,0.0570228235747303,True,4,1.8922632,1.5914425,1.0005895,1.0525688,1.6286486,3.1799011,8.082518,4.304924,1.8536307,2.2385209,10.948541,2.9438948053169938,2.014339228603245,2.014339228603245,2.014339228603245,3.185827282343986,3.001685352305987,1.9182018845695243,1.9182018845695243,3.48858659382493
GLWLTFKRKAKEFFKKVGPHVIHFLKN,20,11,9,0.3974523208023669,5,Rank,0.0320702274055576,0.0320702274055576,True,5,1.818958,1.7741044,1.7620773,1.7053225,5.630307,8.600583,8.752224,1.888355,2.3020887,2.613171,14.806978,1.6546665295576581,1.3440056230863349,1.3440056230863349,1.3440056230863349,2.577594993144393,1.9747785363980497,1.5547883651864836,1.5547883651864836,2.602587282244424
GWRSKFKKFGKLVKAFRKKVGPIPIPL,20,11,9,0.41630232746710216,6,Rank,0.0547750850114234,0.0547750850114234,True,6,1.7061027,1.5314223,1.6145678,1.572142,1.0434899,1.9378903,3.6443484,3.9312017,8.626962,5.102533,8.507609,3.031375754019285,1.4419580423674005,1.4419580423674005,1.4419580423674005,3.7699786194606992,2.8206314934742354,2.6574606860352263,2.6574606860352263,4.313878475134372
GRFKRIVQRIRAWFRKKKFL,20,11,9,0.41858768128345025,7,Rank,0.1195429556745125,0.1195429556745125,True,7,1.9034482,1.519293,3.1671379,3.1082187,3.414501,2.2695155,2.4928493,2.0979075,1.491655,2.3844955,15.682004,2.829148510692647,2.04270423549315,2.04270423549315,2.04270423549315,3.8688190341966284,2.166839255957217,2.146323737954648,2.146323737954648,3.927493687436265
GILGKLEKIGRSFKKFGRTIVKGLAVQVGQKAL,20,11,9,0.4246468544032802,8,Rank,0.1644342174299984,0.1644342174299984,True,8,3.700946,3.0917156,1.292657,0.88527626,2.734102,2.26318,8.982518,13.498708,3.4360192,5.8583403,10.430046,1.9777226024096843,1.4377315378679998,1.4377315378679998,1.4377315378679998,2.0008204088970802,2.664965034130325,1.293085105695542,1.293085105695542,2.8785218925889695
GALKKLLKKILKHIRKWKF,20,11,9,0.4395170657814578,9,Rank,0.1161244421125338,0.1161244421125338,True,9,3.5834277,3.1797917,3.1351922,2.7213914,5.9343596,4.010272,5.6722574,1.2593585,3.9083178,2.5670118,15.003411,1.956199968537715,1.9151670207043876,1.9151670207043876,1.9151670207043876,2.1688796984951475,2.6455005265960283,1.2542885667732488,1.2542885667732488,1.9996620606445887
NRARRWGRVLGKLIKVGPKIINTLRIH,20,11,9,0.4408098726104746,10,Rank,0.14339949391637,0.14339949391637,True,10,2.1177711,2.5762925,1.8481536,2.2518075,2.9305847,3.8392167,10.95929,8.957304,3.9351532,4.1070056,8.560191,2.2510306491010046,1.346257661589097,1.346257661589097,1.346257661589097,2.800319214071678,1.6287046200330129,1.6745846774704265,1.6745846774704265,2.687180573307361
GFMGKVLRMAKKVGKGALKIVPKLISAKQQ,20,11,9,0.4412604317886174,11,Rank,0.1710666027974071,0.1710666027974071,True,11,2.0209475,3.0424275,1.3960452,1.1376357,1.7494853,2.4845676,4.194824,4.9752765,3.1320689,5.115585,3.4332695,4.569930612145758,2.051735727868019,2.051735727868019,2.051735727868019,3.7856565673629494,4.988051537521407,2.9880531505120023,2.9880531505120023,2.0619656863901508
GWLRKLLKKYGKAIAKVVKQ,20,11,9,0.45220319906234485,12,Rank,0.1720252643323946,0.1720252643323946,True,12,2.811577,2.1473253,2.3894951,2.0841591,8.752289,3.2672195,4.8406453,1.4094524,2.1766145,2.5503347,9.332133,2.7628710935686955,2.2098870000491693,2.2098870000491693,2.2098870000491693,3.421027465447402,3.4792894068480327,1.8437458488801777,1.8437458488801777,3.018879595616094
RAKWKKFFKKVVQHVTRKGVGLIG,20,11,9,0.4542240851862278,13,Rank,0.079043812430264,0.079043812430264,True,13,3.043728,2.1492524,1.4112152,1.4867947,2.5834491,4.656595,6.894563,3.0553555,2.83716,7.7101135,11.2154045,2.5595550308448822,1.4563589098528713,1.4563589098528713,1.4563589098528713,3.502729442229618,2.475716933053146,2.0929145065499952,2.0929145065499952,4.739880818379337
GLLRKVFKKVGSWIKKYGPVIVQIGMRAVN,20,11,9,0.46283295401695684,14,Rank,0.0636211711651878,0.0636211711651878,True,14,2.198773,2.1310947,3.5210242,2.1899545,3.1959724,2.465037,4.642336,5.237833,2.1459224,2.9055092,4.620079,2.7378570689136184,2.5282829932937085,2.5282829932937085,2.5282829932937085,3.3637933085420646,5.409175235510608,1.910301742651762,1.910301742651762,3.082615427083347
GKLWKGALKGIKKFGIKIAPNVLNTVM,20,11,9,0.4655400929891478,15,Rank,0.1004585552707082,0.1004585552707082,True,15,2.0111594,1.7609541,1.503766,1.3751214,1.9403659,4.235536,7.0722737,5.394217,1.8536271,2.4385805,4.7581506,3.209384015207923,2.5871555712986973,2.5871555712986973,2.5871555712986973,4.38823740856159,3.1477558449432026,2.9197394723861128,2.9197394723861128,6.329074711922195
GWLSKFGKKLGSVGKAVIKVGPGIPKIATLIST,20,11,9,0.4757828345151278,16,Rank,0.1093934717204186,0.1093934717204186,True,16,1.9193308,1.8988461,1.3031561,1.3579501,2.4490495,5.949444,9.24692,7.404877,8.834007,2.8574727,13.656087,2.540455416508071,1.560629296930942,1.560629296930942,1.560629296930942,3.2701347347227654,4.0149653608347045,1.9684812343551361,1.9684812343551361,3.0085759585581027
GALKKLGKKLLGWGKKIGVQIKGKL,20,11,9,0.47769322690096117,17,Rank,0.0820364386855108,0.0820364386855108,True,17,1.972081,2.7061028,2.0769465,1.9095743,5.8874497,4.8109365,13.417968,6.406442,4.055727,5.9221015,9.593212,1.9347036359095542,1.3231581587913304,1.3231581587913304,1.3231581587913304,3.087317656738184,2.1659484666155144,1.5397022505413556,1.5397022505413556,4.243379677608809
GKFGKGLEKFGKKIVNRLKKFAEKVAEKLQSMQAL,20,11,9,0.47996128473818434,18,Rank,0.1407642643191116,0.1407642643191116,True,18,5.7800736,3.6638434,2.6815646,2.0904245,4.9413996,1.7504342,2.1133335,6.436765,4.7034087,8.717558,15.015141,2.2700458887303343,1.7243693337729973,1.7243693337729973,1.7243693337729973,2.42273639025511,2.24689462834602,1.5653118756563922,1.5653118756563922,2.9767894489473483
GLPLVKRGFKKFWKSARKVLDIIRHAIQQG,20,11,9,0.4851013553396191,19,Rank,0.1336538972424419,0.1336538972424419,True,19,1.6627254,1.6281579,1.8318888,1.9665577,2.8601906,3.958505,5.735861,1.6574696,2.0212767,3.2437673,15.761161,2.2961850539856785,3.6268615172473524,3.6268615172473524,3.6268615172473524,6.4000530900953905,3.949131440951953,2.2239414773502157,2.2239414773502157,3.3895227422745196
GPIKSPLWKIVKKFGKTVLRTLIATGK,20,11,9,0.491762199243328,20,Rank,0.1136666655597471,0.1136666655597471,True,20,1.6185478,1.6076043,2.1500506,2.0922167,1.7518231,5.0094533,11.4250965,2.3964584,9.120321,6.128131,15.909179,2.1235284159042047,2.0322814144036663,2.0322814144036663,2.0322814144036663,4.341671163913692,3.7128448159415433,1.9569989885830652,1.9569989885830652,2.48675575259656
GIPFKSLWKKLKSVGKAALKAATKAV,20,11,9,0.5052256993087634,21,Rank,0.0623171507225971,0.0623171507225971,True,21,1.2793175,1.2437764,1.9723603,1.1177137,1.946716,5.4179616,5.118669,2.2459412,3.6366365,2.0731366,13.883416,4.931863470541866,3.1375286028349745,3.1375286028349745,3.1375286028349745,5.255073440122546,5.924341830410238,3.741846979549201,3.741846979549201,4.303218060832802
GVFKKILSWGLKAGKAGVKALLQ,20,11,9,0.5078773581108721,22,Rank,0.1321114048137718,0.1321114048137718,True,22,2.1317306,1.8665255,1.7489907,1.5068663,3.242002,5.345642,6.546428,4.281245,3.1505873,2.663866,13.382814,4.249304301641245,2.3963435809529385,2.3963435809529385,2.3963435809529385,4.1068757358315,5.697162756515898,3.152566742424172,3.152566742424172,1.8476334150836191
GKRFKKALEKFGRKYLNLFPRKLIPISV,20,11,9,0.5125898656594694,23,Rank,0.0583388817677062,0.0583388817677062,True,23,2.0152168,2.3586223,1.2396305,1.3911997,3.399689,5.22848,5.9030237,12.264747,10.196902,5.4868927,10.838001,2.0035552539711,1.6308742045262314,1.6308742045262314,1.6308742045262314,5.512662182723336,5.204707550621779,1.3671556915834187,1.3671556915834187,5.989456024425549
GFFSKIRGGIKKIGRQILSKVKR,20,11,9,0.5190987468844214,24,Rank,0.1085645273232027,0.1085645273232027,True,24,1.6339868,1.5496843,1.8581467,1.9541236,2.869651,1.0616157,1.6852832,15.13257,3.5492108,4.955314,9.145034,7.463244433505164,2.323878463200154,2.323878463200154,2.323878463200154,5.4979405915070645,4.366718501100169,4.760867505172146,4.760867505172146,4.115148251629553
GVRFRLRKVRRAFRIVQQIYGKVK,20,11,9,0.5293630801887844,25,Rank,0.1701733186998565,0.1701733186998565,True,25,2.5471697,2.0612466,1.9332908,2.0465214,2.7030797,4.3849363,7.084205,2.3479486,2.5061715,6.044029,4.4351997,2.757066119847396,3.768356888536417,3.768356888536417,3.768356888536417,4.031848039388305,5.0359724923825775,2.98463737549083,2.98463737549083,5.265431862701147
RFKRLRKWVKTVARAVKKIGQ,20,11,9,0.5294505385808297,26,Rank,0.0973588345465172,0.0973588345465172,True,26,1.7368815,1.3041962,1.5081644,2.1893487,3.9593847,1.9617186,2.5716422,1.9746885,6.963306,4.5535645,10.641663,4.222452897553708,3.4971405971753873,3.4971405971753873,3.4971405971753873,5.564521783741222,2.868060741313875,4.675375470674512,4.675375470674512,6.189146245840683
GGLKSLGKKVLKWAKKYGKRIKIGVGAL,20,11,9,0.5350529775819565,27,Rank,0.0720590115429573,0.0720590115429573,True,27,2.1064649,2.938464,1.4302955,1.1984632,5.194158,4.856484,9.408115,5.196519,2.3536239,3.1293988,7.631828,3.881674013456612,2.6190186644329043,2.6190186644329043,2.6190186644329043,5.2648436560432845,5.575730448752192,2.633170432479115,2.633170432479115,4.8125545969244925
RTKRKWWKKLKNLGVSLGKSALGSL,20,11,9,0.5380502513055047,28,Rank,0.0403899733010998,0.0403899733010998,True,28,1.4845135,1.5777475,6.1542377,4.6969347,5.281543,15.937034,11.279209,4.5165963,2.4214616,2.6461685,10.988391,2.0201368527886903,2.1804219936176175,2.1804219936176175,2.1804219936176175,3.110303285650397,2.176487099355017,1.3837373913585564,1.3837373913585564,10.395336462579726
GIWLKTPLKILKGVAKQAGKAMAKYYA,20,11,9,0.5380887706111451,29,Rank,0.1547791114313798,0.1547791114313798,True,29,1.3029506,1.307755,1.4401647,1.682153,2.8649755,7.8309608,9.627644,2.9390113,8.680304,4.626714,9.678252,3.767835082720345,2.694072152787563,2.694072152787563,2.694072152787563,5.602792038719456,5.424842819267508,2.8743765311121137,2.8743765311121137,3.0660776082264563
GPLKLFGKLLKSVKKYGPSVVKIIKGAIA,20,11,9,0.5427939528333807,30,Rank,0.0923503001965889,0.0923503001965889,True,30,1.4814497,1.5023011,4.156537,2.000376,2.9944541,2.8151233,7.3047614,5.0284534,2.2996938,2.2956264,15.920139,4.180613511107728,2.5799206079584773,2.5799206079584773,2.5799206079584773,4.552448973512823,6.461542901658533,3.836229882631208,3.836229882631208,4.794779160017472
GFFGKLKRIGRVGYRYGQRIRRAVS,20,11,9,0.5453158012191055,31,Rank,0.1534896193082195,0.1534896193082195,True,31,2.741552,2.7471795,7.32149,3.4249277,5.4670424,1.5956066,2.1233685,9.267321,2.42181,5.9136157,6.1374044,6.027477967558631,1.9923445566321025,1.9923445566321025,1.9923445566321025,5.0161889599744995,3.8720476476751404,3.684787512971266,3.684787512971266,2.249973697194094
GFWRVLIRIGRKFRKKVK,20,11,9,0.5460518801303338,32,Rank,0.1314177813346793,0.1314177813346793,True,32,2.5350573,2.2282865,4.270056,2.644812,4.5891714,2.985971,3.9966705,5.9323807,5.154844,4.1386986,9.107931,3.3872798527724846,2.20825617599953,2.20825617599953,2.20825617599953,5.68075390050589,5.437331048644236,3.047563271319513,3.047563271319513,1.9783699381147082
GLLRKVKRFGKNIRKGLKKLIGVVIP,20,11,9,0.5463997881927988,33,Rank,0.1036570685670262,0.1036570685670262,True,33,3.4500582,3.1074922,3.1646125,2.1310236,2.4951286,6.2489734,13.850511,6.458797,2.922234,2.4500198,15.758072,5.610155762219627,1.694153996712855,1.694153996712855,1.694153996712855,3.2284130613558117,3.455429032907906,2.7633955625560294,2.7633955625560294,3.204298844336128
GFRGKIKRWVQRAVKKLRKL,20,11,9,0.5466479140267865,34,Rank,0.1162908951437224,0.1162908951437224,True,34,2.5974517,2.567766,3.1317775,3.1231518,8.56147,1.9960221,3.5366385,8.167888,2.4698665,2.728181,9.254809,3.102154517861654,3.218914075649946,3.218914075649946,3.218914075649946,3.0827226779126184,3.404199205442914,3.0229788116600407,3.0229788116600407,4.300628494335529
GIWMKTVKKLFSKARKVAKRAGQNLVQSGQNQ,20,11,9,0.5491473733814577,35,Rank,0.0858028017241379,0.0858028017241379,True,35,2.0084145,2.0544477,1.6197128,1.347504,5.9122863,3.243454,3.7154982,7.514659,3.946898,3.6201682,14.467718,3.9623130936615025,2.167508927031845,2.167508927031845,2.167508927031845,7.061023466100659,5.429417658353634,3.298472076324412,3.298472076324412,5.73163765953309
GIGGLISKFGKLALKKGAKLIPSLIQGA,20,11,9,0.5512483043418454,36,Rank,0.1496464637240316,0.1496464637240316,True,36,1.841532,2.2024012,3.000871,1.7888654,1.9836638,3.3432343,8.489042,6.1049657,3.382091,5.242537,11.150087,3.2289306235445543,2.9174730845718027,2.9174730845718027,2.9174730845718027,5.402529072942895,3.9025729703856307,3.424965230834122,3.424965230834122,3.6103038507384793
GIPLKLFWKAGKKIGKAIGKAALKAVT,20,11,9,0.5518450267584961,37,Rank,0.0979937221056267,0.0979937221056267,True,37,1.6869346,2.3894866,2.7107499,1.8349392,1.7284254,4.188171,5.3388095,4.288025,3.9093833,3.2315037,10.179242,4.513108849059252,3.888536428993295,3.888536428993295,3.888536428993295,4.593027056862008,3.5787172640373894,3.8881570001200614,3.8881570001200614,3.863964721355488
GKWGSFFQKVKNALKRIGPRLVRLYLQLH,20,11,9,0.5573270076170751,38,Rank,0.0479573597975665,0.0479573597975665,True,38,2.3952253,2.6222985,2.588838,1.9457415,4.451673,2.337862,4.955362,2.480651,2.4026754,2.6895878,5.7195344,5.631202855858182,2.689146266150877,2.689146266150877,2.689146266150877,9.148330753150415,8.811261293473308,4.564636357946813,4.564636357946813,5.0928419812619135
GLGRVFGKIRRVRAKLKKFW,20,11,9,0.5581541781876359,39,Rank,0.1070434122788374,0.1070434122788374,True,39,5.176743,5.491287,5.908643,3.3570745,2.7015495,2.5246572,5.435318,5.50267,3.0115237,3.753158,9.450923,1.5213533671511852,3.942265969747196,3.942265969747196,3.942265969747196,2.656268675368896,6.615320938452017,1.4461955821569707,1.4461955821569707,3.458502522792418
KKFGRMAEKLRNKLKKFGTKILESAGKAGQGLW,20,11,9,0.5590423350658521,40,Rank,0.1441271551724138,0.1441271551724138,True,40,3.6400955,3.7760787,1.3977243,1.2070625,5.2578845,4.380873,5.6750293,9.597113,7.280473,8.4900055,14.814738,2.1491589468061534,1.4644695093109805,1.4644695093109805,1.4644695093109805,4.480204188124902,6.063370807788607,2.271855168250534,2.271855168250534,6.014740371066834
GYWLTTTKNKLKKFGKGILKGGIAVMAAAK,20,11,9,0.5592915240633584,41,Rank,0.1683454485680888,0.1683454485680888,True,41,1.3314034,1.3927897,1.2198273,1.6621703,1.6036086,6.2039967,7.193302,3.5034676,6.1142507,5.530612,7.82143,5.9798953330131175,2.7764459524510663,2.7764459524510663,2.7764459524510663,10.705290934994778,6.147731416874237,4.349602300333607,4.349602300333607,3.860901810927744
GKLRKWLKKLKSLIKVL,20,11,9,0.5608870746328735,42,Rank,0.0931273577386961,0.0931273577386961,True,42,7.659957,7.084698,6.8190675,4.868014,6.4705763,4.399462,7.131717,2.3025467,2.887804,3.0935838,15.636218,2.447615819973527,2.0654620667926324,2.0654620667926324,2.0654620667926324,2.603435750293015,2.175979050460236,1.5747721214310422,1.5747721214310422,4.632107576501773
GAVRGKLKRFWKKGLKAVKKVIGGAI,20,11,9,0.5664537875620406,43,Rank,0.111160530457999,0.111160530457999,True,43,1.7036391,1.7360961,1.6298304,1.6004641,12.954557,3.80037,6.6440988,6.7470403,7.7779083,4.4556017,8.932012,3.8285842716545195,1.9502987424984861,1.9502987424984861,1.9502987424984861,7.0103599616048475,3.8972815430240284,3.614814682706337,3.614814682706337,3.992123043478101
GKLKKILKWAKSLLRK,20,11,9,0.5687363114461834,44,Rank,0.0955554550103607,0.0955554550103607,True,44,1.4502397,1.434671,7.7553215,4.8850913,10.135349,7.433546,9.755747,6.4883723,5.418603,2.4982238,15.332708,2.597458429345389,2.028759618090924,2.028759618090924,2.028759618090924,3.1615288713792844,3.4183344310345283,1.7950846975256027,1.7950846975256027,4.0213425655442245
GLIKVLRKWIRKVKKFNRKL,20,11,9,0.571000772088488,45,Rank,0.0853036501779926,0.0853036501779926,True,45,1.9806188,1.951109,2.51601,2.5550652,3.1771703,2.18862,2.8439076,1.6177194,5.4381833,2.6171062,9.898913,5.809612452334457,4.267486279181475,4.267486279181475,4.267486279181475,5.770027691868945,7.409328865884545,4.823331440632151,4.823331440632151,5.23132662249679
GKVFKRALKKLGSSLGQKIKRIFQ,20,11,9,0.5740819966777289,46,Rank,0.1370966938526114,0.1370966938526114,True,46,1.5851088,1.599817,3.0573263,2.3287525,2.7117414,1.2180328,2.2633307,7.532937,3.92916,6.613686,13.287572,3.3723944502419196,4.554116244602843,4.554116244602843,4.554116244602843,6.357047240972847,5.549865830384423,3.7535541424682943,3.7535541424682943,5.4533436307612195
YGWLKVLRKYGRKILKGYRK,20,11,9,0.5751227099816145,47,Rank,0.1103917748127092,0.1103917748127092,True,47,3.4968996,3.6534712,1.5038977,1.8714759,3.8162649,4.2495265,4.608891,4.705848,2.8848915,2.703103,7.069356,5.646867149363844,2.6190091391151897,2.6190091391151897,2.6190091391151897,8.314968368380338,6.650003219265483,4.652516188223695,4.652516188223695,3.7566489273340804
GFFSKLRSWARNMRKKWKKLK,20,11,9,0.5777987018792196,48,Rank,0.0960790971521173,0.0960790971521173,True,48,2.3529236,2.9615562,3.3011723,4.1415877,3.0190055,4.3953886,4.001362,2.5930862,4.1306753,3.1674984,12.021751,4.690260210449498,2.3422807524569196,2.3422807524569196,2.3422807524569196,8.048111932251718,4.688353918064467,3.8562214948804323,3.8562214948804323,5.155465390025965
GVLRKLMKWGLKKIKKVLKKLGQE,20,11,9,0.5779823809033049,49,Rank,0.0723223892194888,0.0723223892194888,True,49,3.3154743,3.563395,2.481376,1.4603428,9.154489,3.5524998,4.968182,4.5890546,3.0208635,3.621346,10.293199,2.9299507759921624,3.7276998407745885,3.7276998407745885,3.7276998407745885,4.838760269664965,4.191882544282497,3.0162907580453098,3.0162907580453098,3.6239109552548294
KFFKFLRKNFKKIYKKIA,20,11,9,0.5801731121125484,50,Rank,0.1724048685643696,0.1724048685643696,True,50,1.0828034,0.87407464,3.0094547,2.7821643,3.401828,4.104523,3.4414904,9.480288,2.8930776,2.1511712,15.372097,4.485292170503423,4.2512491179419225,4.2512491179419225,4.2512491179419225,7.901607433617618,5.036203345403901,4.334561092939085,4.334561092939085,4.509546225076194
GLFSKIWGRAKKFVQRIVKN,20,11,9,0.581229211151683,51,Rank,0.0722684268901758,0.0722684268901758,True,51,2.8809075,2.584004,3.4136405,2.3473103,5.875649,1.905339,4.1118565,10.034047,2.5951047,3.970573,14.796776,4.390798976563699,2.540402768757818,2.540402768757818,2.540402768757818,4.090227867100642,4.915985290410074,3.7827387955706873,3.7827387955706873,4.842103147496347
ALKALLAKLKKIARFLRKFR,20,11,9,0.5824019902287306,52,Rank,0.0675492136443334,0.0675492136443334,True,52,2.12784,2.1096091,5.96217,4.446421,8.371938,1.5616972,2.9349873,1.7489275,3.402966,3.3304837,13.176522,4.010337699652794,3.1735096729419108,3.1735096729419108,3.1735096729419108,5.921553605493519,6.415934435798588,3.6492782909506642,3.6492782909506642,5.749198651809612
GLPRKLFQTLLKFLRKLGPAIKLANTARK,20,11,9,0.5825186806450826,53,Rank,0.0464480749561659,0.0464480749561659,True,53,1.8571562,1.6211331,2.7957623,1.7548593,5.1018476,2.6629763,5.432578,2.4656851,9.326306,10.60463,13.452331,5.099098770512116,2.3339794993643843,2.3339794993643843,2.3339794993643843,8.458763653307095,5.438625191859197,3.4116340593080667,3.4116340593080667,3.6009526074157745
GKFWKKLKSKIKSIYHQVVLRK,20,11,9,0.5834964635984888,54,Rank,0.0863604816428457,0.0863604816428457,True,54,2.0069916,1.7099946,3.480963,4.7093215,4.396007,2.4408906,3.1774037,1.6275892,2.6146033,2.5511627,9.951232,4.572647191185828,4.814519318713482,4.814519318713482,4.814519318713482,10.517048069210281,5.606007188110251,3.3024863269641953,3.3024863269641953,6.877498069281323
GKMWKVFKKLGSMAKEAGKKVLPSGLELLGKAIS,20,11,9,0.5878046377181381,55,Rank,0.1427538138913979,0.1427538138913979,True,55,3.527848,3.0661862,2.7962856,1.5003262,4.3650646,6.5611606,9.60014,6.7207155,3.7215207,3.9477599,8.766254,2.9751428401474524,2.477802186202758,2.477802186202758,2.477802186202758,5.380680761667694,4.195233360585945,3.039918261518209,3.039918261518209,5.592971886239264
GALKKLGKKLLGVAKKYLIKSAGQKGLELIQENKR,20,11,9,0.5925063209683836,56,Rank,0.1191309740449498,0.1191309740449498,True,56,2.636136,3.0931232,1.6150287,1.9739507,2.53146,5.721323,7.1423755,6.152676,2.2822492,8.407532,14.981206,3.383014882618395,2.4405531818677204,2.4405531818677204,2.4405531818677204,6.596638806081599,5.499234065601865,3.3697387748030985,3.3697387748030985,7.350316949847884
ARWRFGKLFKKVLKAVPKIPPVLPLVAG,20,11,9,0.5925191521820996,57,Rank,0.0438284114154402,0.0438284114154402,True,57,4.576029,5.8663907,3.4762418,2.0873334,5.2845445,2.332212,4.351475,11.448375,7.628987,10.7661495,11.396638,2.7106417299846193,2.13569973161656,2.13569973161656,2.13569973161656,4.251372813620277,3.832391495136436,1.9814700108804846,1.9814700108804846,3.747096046426899
GVPWKIPGKKVWKLIKKVGKRIQNHIF,20,11,9,0.5950346599109407,58,Rank,0.0254297476887519,0.0254297476887519,True,58,2.5728867,4.1832547,2.1071799,1.8327599,2.5146518,4.045652,8.574777,2.89728,1.1600707,2.842777,11.814442,4.23758428224394,5.251918279396769,5.251918279396769,5.251918279396769,7.9059703127218235,7.666014651026631,3.837523190666306,3.837523190666306,3.547577434878594
GKFKRILKFWRKLGKKLLK,20,11,9,0.6017505777907364,59,Rank,0.0883205594814303,0.0883205594814303,True,59,7.782891,7.5689816,4.763502,4.2822328,3.2237024,3.5809937,5.972279,2.8209398,6.0012293,6.7485147,15.706925,2.8986086572147065,2.1493126268866227,2.1493126268866227,2.1493126268866227,4.616951134321733,2.5924261409569493,2.3912975470303555,2.3912975470303555,3.7015811081126953
GIDNLKKLPKKLLTLWKKFRNKDLNAFKGML,20,11,9,0.6070767079487862,60,Rank,0.1349645592024865,0.1349645592024865,True,60,0.7560855,0.66003305,1.0933591,2.2967203,7.708455,5.470474,6.074182,4.5737276,3.703993,4.282167,6.5999503,8.107069611150205,3.2589341870024295,3.2589341870024295,3.2589341870024295,10.006389411794533,12.639544392470695,6.4412756051580855,6.4412756051580855,6.121509934721756
GILGKFLRKIKGVLKKYGKKYRIGLMNS,20,11,9,0.6078689907402739,61,Rank,0.0194972122230487,0.0194972122230487,True,61,7.6828356,9.919986,3.9280198,4.4715595,2.4903777,2.6862268,3.6646369,7.509732,4.2045755,4.080244,10.209738,2.4982718348753883,4.053532168440482,4.053532168440482,4.053532168440482,3.083457457005348,3.4010843505017574,2.1013724313720212,2.1013724313720212,4.319429620087544
KRIQFLKVVKKLGTHIVGAIRNSRKHFGLH,20,11,9,0.6081733944968292,62,Rank,0.1357028053769725,0.1357028053769725,True,62,1.3954613,1.366,1.9552656,5.440114,2.3184028,2.8896067,4.761454,7.669339,3.6442327,3.703567,9.176731,4.737491396273193,3.1159920803023975,3.1159920803023975,3.1159920803023975,10.036579337381205,9.661262222709448,5.2439278277259085,5.2439278277259085,6.205483582311049
GIMGSVLKKLLKRVAKYGAKAMLNRGQE,20,11,9,0.609105485091632,63,Rank,0.1692819025290898,0.1692819025290898,True,63,2.4109123,1.9051186,2.3652864,1.9535036,8.337257,12.908898,11.99047,2.0770416,2.0094423,3.4467335,14.317285,3.890041701461162,3.414767011962485,3.414767011962485,3.414767011962485,6.90726307056303,4.761855554759358,3.779854398419212,3.779854398419212,3.7042542719451004
GWLSKIKKLGKALGKAAIGAVKDMVNAQS,20,11,9,0.6093925048948735,64,Rank,0.1363102966765846,0.1363102966765846,True,64,1.3082939,1.3270065,2.9317076,1.8055611,2.5967746,4.7682676,6.4436097,5.1586375,2.9376366,2.6043012,13.698003,5.627225613188105,3.6575104246274686,3.6575104246274686,3.6575104246274686,8.813835058631954,8.421170905648461,5.9146934991372335,5.9146934991372335,5.438514722400123
GSLRLLFKKIGKILRKYV,20,11,9,0.6126085965924782,65,Rank,0.152789769406514,0.152789769406514,True,65,2.247155,2.558837,5.3128347,2.403583,3.540528,3.468373,5.270404,3.1548524,2.6958907,3.6842146,15.426346,5.177173642556194,4.040202308109088,4.040202308109088,4.040202308109088,6.453017390440473,5.016217874776509,3.559548702498041,3.559548702498041,5.555877294800019
GIWRRFKKKSKELFKKAGQRAFNFAQPLMP,20,11,9,0.6138350288115572,66,Rank,0.0910529212714521,0.0910529212714521,True,66,2.190605,1.953768,1.5903237,1.4949118,2.1156967,4.863732,6.596158,14.040732,8.548679,13.444305,12.809878,3.278560288056936,3.0340770594621476,3.0340770594621476,3.0340770594621476,5.439123825176347,6.314210783424416,2.721658778381433,2.721658778381433,5.685881657114998
GFLSKVLRGVKKIGKGVGHAFRR,20,11,9,0.6182163851590974,67,Rank,0.1466061015620848,0.1466061015620848,True,67,3.0122302,3.3344038,3.3337133,3.42615,3.6737416,7.925143,12.368108,8.069365,2.8185992,5.148933,14.427268,3.7891485914614704,2.2529804547751033,2.2529804547751033,2.2529804547751033,3.64761686772375,7.680882886562556,2.8848563637605653,2.8848563637605653,3.2810369317793557
GIGRKILSAGKKFGKGVLKTLMPHMPS,20,11,9,0.6203747238158271,68,Rank,0.1683055994633653,0.1683055994633653,True,68,2.5623212,4.527898,3.4544902,1.7222593,3.0990725,2.8320253,9.055286,5.471837,9.202823,6.329799,8.84652,3.273944197584752,2.6813489673538093,2.6813489673538093,2.6813489673538093,5.805341880873978,6.939769914047447,3.7145614394324684,3.7145614394324684,4.7088500691967
GGLKDFFKKGTKKVLRKLRNAGQKVSAVAAGVSMG,20,11,9,0.6204041685576739,69,Rank,0.1764279677620743,0.1764279677620743,True,69,2.1702943,2.7642353,1.7575746,1.076444,3.6708093,4.661742,6.3341036,9.456355,3.8783042,3.5233727,13.864992,3.9649089893779976,3.7119419703136662,3.7119419703136662,3.7119419703136662,6.16011822793702,7.83802497732661,4.916778793710077,4.916778793710077,4.9051427998293615
KIWWRVRGRVTRAIRRF,20,11,9,0.6227505586621194,70,Rank,0.0754648647122894,0.0754648647122894,True,70,1.0480455,0.8932651,2.8139262,2.9851637,3.9448578,1.9550614,2.5475762,1.8781544,3.1441436,4.615002,6.735594,8.219909640958393,7.305869305143461,7.305869305143461,7.305869305143461,13.79295687022613,10.85026153427443,7.224208610585599,7.224208610585599,4.015212231200766
GLLGRLLKKWKSAIKKYLK,20,11,9,0.6252399965580567,71,Rank,0.1193789932123691,0.1193789932123691,True,71,1.6119838,1.738826,3.489575,2.2879655,6.3829703,6.353818,6.3038497,2.3233013,2.5065632,3.2039392,13.903251,3.6867117657522166,4.435424841817244,4.435424841817244,4.435424841817244,9.920858347114255,6.182926464193914,4.190866662979184,4.190866662979184,6.216085702182464
GYKGGGFLKGILSWLKKVGPKIIKVGERVNKYK,20,11,9,0.6273234012929302,72,Rank,0.1219727133255406,0.1219727133255406,True,72,1.9044728,1.5494808,2.158635,1.354011,4.5678134,5.7470336,11.674123,8.605124,4.4031916,3.2146666,11.739389,4.312982193588454,3.393883950593013,3.393883950593013,3.393883950593013,10.501243072315402,6.25347243247674,3.917487005302832,3.917487005302832,5.479960134042123
GYLSKIGSKILRALKKAGKKIAESYKVYVYPIKTC,20,11,9,0.6275102381299884,73,Rank,0.1701589979278465,0.1701589979278465,True,73,6.1279273,6.694652,1.9196277,5.4172354,5.237165,4.10291,5.4510508,3.3791227,6.9866195,2.4537213,12.787093,3.794226549251467,3.2696666605651434,3.2696666605651434,3.2696666605651434,3.7303324778912845,5.020519774894525,2.9815123384665667,2.9815123384665667,4.343388805670432
GINWKKLFSKLWKSIKQKLK,20,11,9,0.629493934210613,74,Rank,0.0932695277216938,0.0932695277216938,True,74,4.3254967,3.650651,1.8982142,1.9914691,4.2589107,5.4541564,5.133068,2.7727168,1.8216374,2.4080477,12.932729,4.49120566092393,5.508626528228701,5.508626528228701,5.508626528228701,12.182479203372099,5.2405089204878905,3.806818005007945,3.806818005007945,5.0015135308178005
GKWGKILRALKEMGVAAAKVGVKIRNIVAGA,20,11,9,0.6299226655484416,75,Rank,0.1062082414590085,0.1062082414590085,True,75,5.352429,4.122067,1.3214587,1.6090953,8.430581,5.9227324,8.105278,5.176352,11.62486,10.77682,14.23563,2.980798375260669,1.764495784984346,1.764495784984346,1.764495784984346,4.578937273618308,6.10970049761331,3.1183210964972896,3.1183210964972896,5.080481115761759
GGLGSLFGKLKKFGKKIVGKIKNGIQRK,20,11,9,0.6317158882887289,76,Rank,0.0533388568620158,0.0533388568620158,True,76,1.173134,1.1242379,4.016651,2.9830508,2.2411413,0.95632625,4.325349,7.6594734,5.035321,5.888084,12.696247,6.709719778715216,4.731013376190277,4.731013376190277,4.731013376190277,7.383042181040786,6.848122610899682,6.35198717645347,6.35198717645347,7.037562133052922
GFRSKLRKAGKKILSMARKIRG,20,11,9,0.6343876823664747,77,Rank,0.1512209184554487,0.1512209184554487,True,77,3.2418993,6.0449257,3.9131377,2.4735627,3.1776326,1.5148712,2.646312,5.8344946,4.566923,7.4963737,14.334756,7.048895091436527,2.7352888508945865,2.7352888508945865,2.7352888508945865,7.087147908778424,6.029536491633993,6.1504944553336385,6.1504944553336385,3.0200913262793825
AKLGEKLKKFGWKIRKIFEKIKVGAEQIEKL,20,11,9,0.6376172458143097,78,Rank,0.102724350459593,0.102724350459593,True,78,6.3302464,5.7874894,6.576435,6.2401357,8.492296,4.615282,3.4540997,14.534529,3.839018,6.3085146,14.340006,3.022769715329158,1.6638975079713805,1.6638975079713805,1.6638975079713805,6.259488268323417,3.543375174458035,2.3990361991294007,2.3990361991294007,3.095846150404835
GLFKKILKSLLKRV,20,11,9,0.6414233173069441,79,Rank,0.1356183335768556,0.1356183335768556,True,79,3.259741,3.0275712,3.744101,3.3446708,5.772872,2.5767472,3.7454138,3.395605,3.9548416,2.6245508,15.411321,3.8479540176538958,4.640723397747416,4.640723397747416,4.640723397747416,5.970192580301175,5.869642755304427,4.241085714175156,4.241085714175156,7.430914281655314
GKLRKLLRKILKSLKNHFIK,20,11,9,0.6425027866599862,80,Rank,0.1283917399447425,0.1283917399447425,True,80,7.0887403,7.197814,2.5319479,2.599384,2.787718,1.7871611,3.8733542,2.7914622,2.553371,2.6338172,15.167818,3.7487996935926415,6.016206622905662,6.016206622905662,6.016206622905662,6.475891480273731,5.46555390512472,4.5336962250092485,4.5336962250092485,6.461117245464717
GYLKKLMKKIGVNALKMAGQSLLN,20,11,9,0.6437131958057979,81,Rank,0.1589919089713617,0.1589919089713617,True,81,2.1869395,3.1705632,2.525045,2.9541848,3.9312477,11.494138,13.841872,4.7368464,1.9938717,3.1004565,12.021758,3.4125537848567338,3.6391802407512728,3.6391802407512728,3.6391802407512728,6.439331029737408,8.903270242230379,3.451501717503898,3.451501717503898,5.852015844974601
AKWKVGFKYTKYGLRFLPKVIQVAQAVNSGQK,20,11,9,0.6438160053143952,82,Rank,0.0943929819085064,0.0943929819085064,True,82,5.6737933,5.028316,3.0848863,9.029215,9.600858,7.167232,8.103021,5.245451,2.97382,9.346009,11.746478,3.0842167504644826,2.1992138083139565,2.1992138083139565,2.1992138083139565,5.663328910372812,3.3895878700962485,2.3326047428596954,2.3326047428596954,2.8929891516167108
RLWAHVGRRIVKFLRNKVYR,20,11,9,0.6454154843275507,83,Rank,0.0714017088624408,0.0714017088624408,True,83,2.6284602,2.5887594,3.2976058,2.587449,3.2974284,11.851625,15.704705,3.0573142,6.328668,3.6370633,5.1347036,3.6862852476882333,4.436144429499639,4.436144429499639,4.436144429499639,4.92771598732482,8.061364311450605,3.1712077680587685,3.1712077680587685,4.891417880425028
GSLGRFRKKLDSIRNRFKKFFKKGPVILIGS,20,11,9,0.6484714865901934,84,Rank,0.0904416941182721,0.0904416941182721,True,84,5.1459208,4.436188,1.8832631,1.6470621,1.9689227,2.3074284,3.6387842,7.4398503,4.0952697,7.203191,15.889945,4.7429327572991715,4.642986271347986,4.642986271347986,4.642986271347986,7.8859590916531666,4.81963637716079,5.787340924840675,5.787340924840675,3.778003897185061
GRNLKKLFKKLLPSLLKSL,20,11,9,0.6491586608758746,85,Rank,0.0716590676637798,0.0716590676637798,True,85,5.0145836,3.2773042,7.6974363,4.8451624,5.5835958,3.55498,7.6092367,3.4263117,3.4046543,4.5691533,7.553024,4.169874926992905,3.898818025474486,3.898818025474486,3.898818025474486,6.242383304853581,3.8753640543169214,2.989355484774933,2.989355484774933,4.831460741314011
GFFSKLLGKVKKFAKQILK,20,11,9,0.6495396645832925,86,Rank,0.0543263674884437,0.0543263674884437,True,86,1.6164852,1.5176568,5.6578593,6.888751,2.2082698,6.6099844,7.297697,6.6262374,5.3472404,10.685472,15.869141,5.568367585417656,2.6175949241075975,2.6175949241075975,2.6175949241075975,6.447525200644583,3.109127259904467,4.21949611647811,4.21949611647811,4.488334181023214
GILGKVMKFGLKAGLKIIPKIKQSLQQ,20,11,9,0.6495696420292969,87,Rank,0.166314597059136,0.166314597059136,True,87,1.766571,2.3100438,2.185224,1.9713019,2.381675,1.8632354,3.3241303,4.9461646,1.1961184,3.8446574,10.04139,9.50612458798178,7.392274912343366,7.392274912343366,7.392274912343366,11.607128781253419,6.1797213814987195,10.513722978759601,10.513722978759601,5.4365744086312535
GFWSKLLGKGLKIIKKGLQAI,20,11,9,0.6502868719058954,88,Rank,0.0958113609797566,0.0958113609797566,True,88,1.885717,1.4067986,3.1287372,1.7064373,3.7031045,2.741901,8.8342,4.624583,2.3771057,3.0407126,11.967066,7.37766562873136,4.087193145765074,4.087193145765074,4.087193145765074,9.937306308405507,11.250498850769645,7.91339121599093,7.91339121599093,5.653798376229203
GKFKRLLPKILKSVKKWIKK,20,11,9,0.6508771911346861,89,Rank,0.1022490668667977,0.1022490668667977,True,89,2.335418,2.0381434,3.0380182,1.9327637,5.309215,3.5996678,4.8713536,2.2787764,1.8614072,2.1727161,11.287605,5.713300647662991,8.327553751817902,8.327553751817902,8.327553751817902,12.740821453263257,5.881262617172025,5.215444823060796,5.215444823060796,5.719985262773681
GPLKLFGKLLKSLKKYGKKKISSVIRSAIS,20,11,9,0.6528034447629611,90,Rank,0.0348712873917432,0.0348712873917432,True,90,2.8136632,2.8654833,2.6568635,2.4659142,3.0770726,3.0735402,3.7009187,6.243617,6.8844743,5.5789056,15.0456505,5.945415354995571,3.63237150766674,3.63237150766674,3.63237150766674,6.223320999186209,6.187153808689175,5.662918530771952,5.662918530771952,4.847878899575432
GVKDKIKGYLKRVLKAARGYKAFNFRGSRD,20,11,9,0.6544851832510448,91,Rank,0.1205624286036873,0.1205624286036873,True,91,4.4668374,4.450275,1.8344998,3.6470802,2.4339616,2.94609,3.5569394,13.860501,11.049806,9.312246,12.11734,4.674161587102303,2.694888678546266,2.694888678546266,2.694888678546266,5.634872011619284,5.467959314739113,4.765837275630887,4.765837275630887,3.275730778408674
GLWSKIKKAGKKVGQSIARVGQAVSSLGQPAK,20,11,9,0.6550519345421304,92,Rank,0.0828996284070984,0.0828996284070984,True,92,1.5260463,1.6182781,1.1670694,0.8279035,4.745169,12.517311,10.402661,11.5405,12.788841,8.429024,13.213731,4.235051649599214,2.991787753880555,2.991787753880555,2.991787753880555,4.921335818767178,6.358656281952184,4.238026310858428,4.238026310858428,8.168624873595435
GIPLGKVKGFFQRVKRSVQKVIQFAVRSL,20,11,9,0.6572653644111838,93,Rank,0.1260842277243504,0.1260842277243504,True,93,4.118733,3.8330007,2.3131106,2.096713,3.4170578,1.3597136,1.7219825,6.943256,2.5746994,4.108383,8.98939,5.983918161296689,5.160589258512746,5.160589258512746,5.160589258512746,10.506326116667625,8.722350519169336,7.24371161706348,7.24371161706348,8.736948150144034
SRLKKFFRKLKKILKSIVKS,20,11,9,0.6581951323700787,94,Rank,0.1267139265979491,0.1267139265979491,True,94,9.306786,7.590538,2.771023,2.2368512,4.122956,1.8298967,2.018516,2.8487895,2.6372602,2.7406003,15.302995,4.188391842871077,6.138581922616728,6.138581922616728,6.138581922616728,8.664165432646225,5.3340926691220725,4.886940873447516,4.886940873447516,6.491383680028005
GFLSKVLRKALKAGVKIGPAAINAAKNR,20,11,9,0.6609148027654025,95,Rank,0.1750324189070719,0.1750324189070719,True,95,4.130036,3.5917075,1.7090104,1.7162799,6.6270127,4.7204337,7.939041,4.6445966,3.3938813,8.789139,13.218134,4.397456879810232,3.0109038203356087,3.0109038203356087,3.0109038203356087,8.10261132473588,5.848283954480222,5.184251190935914,5.184251190935914,5.4646433369190595
WKFWRRIRKKFRKLVKKVVE,20,11,9,0.6662188839651341,96,Rank,0.0930462066973062,0.0930462066973062,True,96,4.158774,4.593076,1.562694,1.8876041,6.132573,4.6215363,3.7319036,3.043175,11.895644,7.7669744,11.38927,4.780399815899002,4.705112264031091,4.705112264031091,4.705112264031091,8.63936995739338,3.733694554024642,4.158319193715177,4.158319193715177,3.981722717387432
GLRSLLKKLGKAAQKLLGRIRNH,20,11,9,0.6672289420848396,97,Rank,0.0995088182747994,0.0995088182747994,True,97,1.7781806,1.6321687,2.6889992,1.8996078,10.532016,3.1646886,9.822698,5.627164,7.2234035,5.010332,13.842533,4.191153109677419,4.625719059768188,4.625719059768188,4.625719059768188,6.24796656837264,6.1347767406007545,4.8589162284144525,4.8589162284144525,4.304363966044154
GLGRIYKKLLRAHRKFLKK,20,11,9,0.6683737551010511,98,Rank,0.1215086372934488,0.1215086372934488,True,98,3.076525,2.8770185,2.2771018,2.405455,4.4486265,4.496974,5.257144,4.2493606,4.2969184,2.4383533,9.429633,4.947104418136785,4.533377656449252,4.533377656449252,4.533377656449252,9.485934176629451,11.583102301814257,5.686093918317043,5.686093918317043,6.649273116835894
GIQLAKVFKAGKKFGKGLIKGARQLASLK,20,11,9,0.6684908222294815,99,Rank,0.119744276672334,0.119744276672334,True,99,5.6702795,6.695874,1.3790773,1.1913292,0.83753294,3.4245837,4.96859,6.0481224,7.4665413,13.93084,10.760654,4.5216435771514325,4.731778321465978,4.731778321465978,4.731778321465978,7.167749186364715,8.976129673888957,5.264741051785249,5.264741051785249,4.558164478100792
AGWGKIKKIIVVTVTMFKRK,20,11,9,0.6691643848895135,100,Rank,0.1311448564768078,0.1311448564768078,True,100,1.4500664,1.3635802,2.8607008,2.3845596,4.1896243,5.7441635,11.655123,1.5567838,6.089821,3.6889002,12.654287,6.947065681385327,4.80477757984302,4.80477757984302,4.80477757984302,9.044432480216201,7.571226618107356,6.569086824315285,6.569086824315285,6.339769653525311
WLLKNLRKLLKKLKK,20,11,9,0.6697629096158588,101,Rank,0.1448957032702831,0.1448957032702831,False,,9.663588,8.594589,2.0246089,3.314431,9.042794,1.9128633,1.9982212,4.230662,3.0903876,3.5203686,14.372709,5.652670251331503,3.7612403965578043,3.7612403965578043,3.7612403965578043,8.270043000178674,7.491743275373458,5.315719985033654,5.315719985033654,3.7025815398507023
RIIKFLGKMFRGVVKGSRAIHQYTLN,20,11,9,0.6704438426524034,102,Rank,0.1105632089819881,0.1105632089819881,False,,1.7585684,1.5785118,3.0338867,3.9006393,3.0366764,6.6561074,13.4958105,6.550919,3.20681,8.21619,8.03141,3.8610046106784086,4.737194916219997,4.737194916219997,4.737194916219997,4.688106838992363,7.1555749819602985,4.813228351973486,4.813228351973486,6.46993582459558
GLWGSTWKKIFDYAKKVGPRIANKALNA,20,11,9,0.6717459134970478,103,Rank,0.1286084194516763,0.1286084194516763,False,,6.4947977,6.9774375,1.3880764,2.2198956,1.3493133,9.40129,7.5862193,8.589475,4.003052,4.597739,15.73047,3.606210408886166,3.2625358180525197,3.2625358180525197,3.2625358180525197,10.906637475614785,9.153248849638741,3.5447692122039705,3.5447692122039705,5.185399697445588
GYLKKVLRKVLKKVRKL,20,11,9,0.6749492811841641,104,Rank,0.148813368378407,0.148813368378407,False,,5.570352,5.751208,1.9630536,1.7615925,12.989855,3.4678907,5.045225,2.3843944,6.3921194,3.9340537,15.036761,3.6606923161912475,5.820686868734298,5.820686868734298,5.820686868734298,3.6426571324573365,7.328760461235165,4.066916054969468,4.066916054969468,4.359867782647847
AFWKELFRKIRKIGVKIRRHHGLLK,20,11,9,0.6754792055929071,105,Rank,0.0480912278837468,0.0480912278837468,False,,4.449864,4.581938,3.7465577,2.6592247,7.0773287,8.952419,15.268761,1.4702946,13.866218,5.411389,12.014372,3.987191722383744,2.5374569319169833,2.5374569319169833,2.5374569319169833,5.30434528184038,5.914803899626621,4.079522126378243,4.079522126378243,3.6488926611801724
FPKWLPKVLLKAWKK,20,11,9,0.6761909401980608,106,Rank,0.1191953137452845,0.1191953137452845,False,,4.3281856,4.525964,3.4573765,8.327521,3.023419,1.5716784,4.161562,1.9554465,2.7092342,2.1651614,11.806483,6.513065320041138,5.85785128988076,5.85785128988076,5.85785128988076,10.174398760471268,7.08403409100388,6.441058137113023,6.441058137113023,5.6495446441742345
SVWFRWGRKLRKIGKNVVRA,20,11,9,0.6767101337072944,107,Rank,0.1682049389644546,0.1682049389644546,False,,3.455932,4.1580377,2.5778,1.9903694,12.216153,2.9634898,4.334838,3.636579,2.8108475,2.8437,9.403167,6.072823251134459,4.919927078489441,4.919927078489441,4.919927078489441,8.483771960723196,5.592254988071836,6.142204005272761,6.142204005272761,8.357494627249563
GSIGRILKKLYKLIRKFGKK,20,11,9,0.6786389740121697,108,Rank,0.1287225705329153,0.1287225705329153,False,,2.2381172,1.6926934,3.644742,3.4211159,8.620401,2.4876301,6.3886147,4.467338,3.179286,3.053901,15.672962,5.657774211115126,4.928150193127526,4.928150193127526,4.928150193127526,8.952608568283528,6.834478045915157,6.080122103832238,6.080122103832238,5.548842213379966
GLFGKIVRKGLKKFVKQIFK,20,11,9,0.6809105866573392,109,Rank,0.0813906548868285,0.0813906548868285,False,,2.273196,2.149205,6.2737756,7.2120314,1.2109549,3.5028377,6.904257,6.1865153,2.170613,6.584429,11.832181,7.743747479554796,4.362677431831236,4.362677431831236,4.362677431831236,8.252933269998511,6.288893051575224,7.034580162844629,7.034580162844629,3.7116302033063278
GIPLSLLGKGALKGLGKAVGKAVGKALWNKFQGVM,20,11,9,0.6814255124975944,110,Rank,0.1718011131183252,0.1718011131183252,False,,2.543789,5.394859,1.5572119,1.5982122,2.4148822,4.862242,6.8536777,4.2000713,2.3816304,4.0939527,14.854085,9.71459837369207,4.628860122196452,4.628860122196452,4.628860122196452,9.891366747740662,7.42132976019998,9.22270449324669,9.22270449324669,4.226582182426041
GMASVASKLWKTIIKIGKAAIKK,20,11,9,0.6817586353771109,111,Rank,0.0984731566468306,0.0984731566468306,False,,1.475351,1.397216,3.348281,3.1811578,3.6613681,12.238814,7.6910095,4.557022,6.6936846,3.4202974,9.664853,5.391140269022566,3.9980952111354275,3.9980952111354275,3.9980952111354275,9.967202992749877,5.949187997800087,6.151781033599553,6.151781033599553,7.317493731120471
GALKKRLSKILKAVRKLFK,20,11,9,0.683652357841811,112,Rank,0.0896011270655119,0.0896011270655119,False,,1.5900167,1.8034416,5.037834,4.5224605,7.5294228,4.690804,7.1612396,3.7965894,13.571072,9.322807,14.533324,3.9039883025565194,4.053901585787349,4.053901585787349,4.053901585787349,5.401264275175012,4.469362155775799,3.1299510765622545,3.1299510765622545,6.638407725243463
GKLFKFLRKIAKSFKKSFKK,20,11,9,0.6843037876798994,113,Rank,0.1114853421709792,0.1114853421709792,False,,1.8776203,1.6309568,4.74513,3.9945471,0.7422842,1.5497591,2.6335983,6.5108237,2.6080358,3.2074733,13.630442,9.304844317802058,8.833622964002203,8.833622964002203,8.833622964002203,12.36190724671616,6.164989910659562,9.55976404516882,9.55976404516882,8.322725201165857
AYRWIRGTVGRMVRIL,20,11,9,0.6849346086385112,114,Rank,0.1074014315790871,0.1074014315790871,False,,1.4124675,1.9016424,3.9863982,3.1460612,6.299291,9.345317,12.6941,4.0704646,6.8615847,3.0963686,5.3267627,4.600970262243673,4.161547226470945,4.161547226470945,4.161547226470945,4.954299876670706,7.4178655004495795,6.010629177407947,6.010629177407947,9.787007893354346
GILSKFLRGIVKAGQKLLKGHGMN,20,11,9,0.6861042392882359,115,Rank,0.1593561546942245,0.1593561546942245,False,,2.4680388,2.3779786,4.1525946,3.6404116,4.883314,6.5037,14.985804,4.1908607,2.242494,3.568231,15.423543,4.594875670470972,4.48957251257702,4.48957251257702,4.48957251257702,6.83883548942852,6.2555720799499674,4.75319880296526,4.75319880296526,6.007836622153264
GLLGALLRAGKKLIPKLIQGK,20,11,9,0.6869082697252594,116,Rank,0.1374379018118059,0.1374379018118059,False,,4.9883842,5.8314285,3.4736478,2.0068436,5.085148,2.6411746,4.552086,4.5353727,3.810511,6.2872353,9.301116,6.35270904882256,4.293393537831077,4.293393537831077,4.293393537831077,8.030312861408989,7.121703444075049,5.4240700508380515,5.4240700508380515,5.162987997286364
GVTFKVLLKSALKKGLKIAGKLIPRRQ,20,11,9,0.687195747618347,117,Rank,0.0558599353780351,0.0558599353780351,False,,3.4604976,3.0443497,1.8053995,1.7746432,2.625744,1.6662238,2.5422335,3.9349988,2.099941,2.46098,13.377669,10.979035249064504,7.281756332493987,7.281756332493987,7.281756332493987,11.987866781253919,7.287148999959354,11.567638297463603,11.567638297463603,10.957072812467352
GKIGSFWKKMASIALKALK,20,11,9,0.6916409355521332,118,Rank,0.0995094409170607,0.0995094409170607,False,,1.4067618,1.9718444,3.749625,2.1644146,5.3620963,11.938358,11.257533,5.5178556,4.69693,3.9655218,9.751654,4.629457330335736,5.760784056877745,5.760784056877745,5.760784056877745,8.972998662108296,5.933937490352211,3.716211531952563,3.716211531952563,6.43065830812177
QLAKPLLKKLLKKFAKLL,20,11,9,0.6920049056995413,119,Rank,0.1444312121433505,0.1444312121433505,False,,6.2917504,4.482812,4.9934955,4.9657736,5.128497,2.7914984,3.9899917,1.6480817,3.3340843,7.044247,13.352796,4.750824835954718,4.292390758614597,4.292390758614597,4.292390758614597,7.892836900796341,10.962319325684977,5.141783787179749,5.141783787179749,3.8993569007276334
GMWSKLLGKLKRLI,20,11,9,0.6925368463585009,120,Rank,0.0932226220046756,0.0932226220046756,False,,4.780168,5.838479,11.33889,10.445007,5.2226114,7.3552437,13.156551,2.6217258,2.3320794,2.6812527,13.850252,5.01408000586034,2.4622674226933343,2.4622674226933343,2.4622674226933343,6.160158809382114,7.0820198824434435,3.782639117952247,3.782639117952247,4.00153001202311
GVWGKIKSAAKKLGKVFAKGIA,20,11,9,0.6958635119503032,121,Rank,0.1271950215185165,0.1271950215185165,False,,1.9649237,1.6355044,3.9526284,3.510395,14.206513,3.3995285,5.0721374,10.893811,8.676162,4.7260747,11.293636,6.007132502727016,3.574441814510747,3.574441814510747,3.574441814510747,7.776740638100007,5.572430181250366,5.80130852650804,5.80130852650804,3.7489159731053237
GKWNSLKKFLRKIAKFLRKH,20,11,9,0.6964523336589673,122,Rank,0.098827647640933,0.098827647640933,False,,5.11964,3.0289307,1.6466069,3.0189345,9.020472,2.26456,4.15324,5.439679,3.1852713,2.9146733,12.904987,7.112871125284788,4.976845182649272,4.976845182649272,4.976845182649272,8.900843825417208,10.400493855284434,6.799757495195562,6.799757495195562,5.309182820095563
GISSMLGKVLKHLGKTFIKGVAKSLG,20,11,9,0.6971446895756692,123,Rank,0.094716548336964,0.094716548336964,False,,1.5111451,1.6050196,3.8075914,2.9581673,6.870415,9.025243,13.398406,4.5675178,4.601724,2.7744856,13.37272,8.036648131510349,4.1616157651046395,4.1616157651046395,4.1616157651046395,7.186849231658191,6.132037594921069,7.158700595931578,7.158700595931578,3.786722857807813
WRIYGRVLRFLRK,20,11,9,0.6985826070271008,124,Rank,0.16235293189788,0.16235293189788,False,,2.3148344,1.340731,4.863907,2.318283,10.134615,6.0473614,6.6684756,5.5032825,5.0354443,2.7839634,11.616467,5.123146686806639,4.710383259391374,4.710383259391374,4.710383259391374,12.134084773330079,12.113738078294679,5.075815737507614,5.075815737507614,3.60445382289687
GFFGKIRGGIKDFRKRIVQRIKRR,20,11,9,0.7030662785178108,125,Rank,0.1618452709074969,0.1618452709074969,False,,6.4126015,6.093526,4.2321305,3.558884,3.61535,1.3460475,2.3352058,15.193152,2.0260975,2.95401,14.222534,11.166513734869831,3.7957203190490154,3.7957203190490154,3.7957203190490154,11.806943228324975,6.100483688035502,8.404722010986466,8.404722010986466,4.285169660470548
GKLSKFLHSLLKKIRKYF,20,11,9,0.7032333566674657,126,Rank,0.1234803377875777,0.1234803377875777,False,,2.6443484,2.5662506,3.6894805,8.844162,3.3090086,3.8238156,6.1601014,4.335437,2.224424,2.2942657,14.18502,5.983609374958492,6.940853883496554,6.940853883496554,6.940853883496554,10.070044112737724,8.172338804181011,5.0273307284251,5.0273307284251,5.1483268046027275
GKLLSKAKSFFRKYGQKIKQKLK,20,11,9,0.7052192008158275,127,Rank,0.1164710463046596,0.1164710463046596,False,,1.6312194,1.9310901,5.0950956,2.3618917,9.522771,2.940883,2.3437855,6.6181006,4.7255244,4.719693,11.418823,7.231150354411676,4.382103439046851,4.382103439046851,4.382103439046851,8.925591015660645,10.221579888895661,6.989528035019346,6.989528035019346,11.180812336565491
GKWKKLLSKIWKGIKK,20,11,9,0.7056774503148604,128,Rank,0.0629319061819244,0.0629319061819244,False,,4.4743276,4.774365,6.4503803,5.0731716,12.26999,11.202987,9.611706,4.8857093,5.663396,2.300336,11.320629,4.342308793391519,3.5455029316711126,3.5455029316711126,3.5455029316711126,8.197533045287468,3.160236103951712,3.0878344243166103,3.0878344243166103,4.082544428318835
AFWRLLKSMRNKLKKLLKK,20,11,9,0.7062127078430389,129,Rank,0.1187511622655544,0.1187511622655544,False,,13.251942,9.805079,5.538502,3.7842078,3.8002887,2.1678681,5.794614,2.279651,6.10088,4.723753,12.5095005,7.245911036161869,3.2651751221157785,3.2651751221157785,3.2651751221157785,5.120572489734309,4.254052992142494,6.535334201650223,6.535334201650223,5.30914784464805
GLLSKILGGMKKIAQRIKQF,20,11,9,0.7072997246322538,130,Rank,0.138480412504649,0.138480412504649,False,,1.7620803,1.7891929,4.965272,3.4015226,10.923679,2.5566766,2.9479437,5.697001,3.519728,5.9900455,14.166561,7.09638459853064,5.388292384206964,5.388292384206964,5.388292384206964,8.564228305938736,12.316342517174297,5.890120735146838,5.890120735146838,4.61819579533794
GKLSSFWKKLKRILYK,20,11,9,0.7096753103109807,131,Rank,0.0949209825460921,0.0949209825460921,False,,2.9653327,1.9981627,3.785339,5.2396836,4.0905457,7.2780285,9.199228,2.4293144,3.373373,2.7055078,12.560489,5.507838801127515,5.025113638335064,5.025113638335064,5.025113638335064,12.162014637654366,8.749482936173626,5.927611333602662,5.927611333602662,6.666164451069087
GILGKVMKKLGKLALKVGPHVISAQRRQS,20,11,9,0.7099833862802007,132,Rank,0.0817205515116093,0.0817205515116093,False,,4.72034,5.82592,2.3862224,1.5709549,10.677113,4.6160073,13.574767,3.4359343,2.1057942,3.9248834,11.138843,7.003443699089289,4.974262573169087,4.974262573169087,4.974262573169087,6.036155335342303,6.546990458580028,6.206234800845903,6.206234800845903,5.532465696168053
GRLKKFLYKIGQTLFKKYRLKQHQ,20,11,9,0.7114092402731037,133,Rank,0.1181621426863609,0.1181621426863609,False,,1.8444915,1.846927,3.5899487,3.669976,3.398125,6.2617927,7.101517,8.838814,2.3007703,5.9074955,6.4688864,6.380770271132766,6.075777763220584,6.075777763220584,6.075777763220584,8.6396901045695,7.649911000225974,6.440435830106998,6.440435830106998,8.178126120536136
GIGKKIKRFWAKYKLKFD,20,11,9,0.7132132888727287,134,Rank,0.1684230713033314,0.1684230713033314,False,,3.3197575,3.2774184,4.331124,3.667998,1.8712032,15.464506,8.923134,4.3751087,1.608376,5.0078382,12.264663,5.439400033962733,5.7220926930061955,5.7220926930061955,5.7220926930061955,8.07349492925769,5.685621023683541,5.564153691796698,5.564153691796698,6.577906515274193
GFASLFRKPVKWFRKKLK,20,11,9,0.7133922532329471,135,Rank,0.1683265617528292,0.1683265617528292,False,,3.2452443,2.5271535,8.967849,8.127189,7.614502,7.186149,7.944984,4.0898495,2.2287385,5.00234,11.230703,4.275759547931718,4.085159662066904,4.085159662066904,4.085159662066904,4.684697962864673,6.642973839344291,5.264220835615887,5.264220835615887,5.538693956811764
GIPTWLGRIGQKFLSKFRALHRLLQ,20,11,9,0.7136838191324842,136,Rank,0.0727621822033898,0.0727621822033898,False,,1.8791229,2.3652878,4.4703393,2.7506773,9.285467,10.732501,14.444953,5.0387306,8.171928,8.969395,6.946383,4.42376944154418,4.149077168586635,4.149077168586635,4.149077168586635,5.048474497372065,8.30946967132768,4.59080743400379,4.59080743400379,3.3305047065850606
GWKDWLNKVKSYIQKFMNSARQKL,20,11,9,0.7137735665964313,137,Rank,0.1583943799479304,0.1583943799479304,False,,4.1007795,3.3868709,2.2806318,2.2106276,15.453482,11.205154,12.636065,4.3828793,4.049381,2.9782424,13.399543,5.220795967985495,2.618860332989454,2.618860332989454,2.618860332989454,10.929149786244922,12.871764782434836,4.5493098125443385,4.5493098125443385,6.364907829906999
GFLSKLLKNVLKGGAKILPHVINPRRKR,20,11,9,0.7149694051043399,138,Rank,0.1059830525078369,0.1059830525078369,False,,3.6427872,2.5225537,3.3333106,2.394744,3.274913,3.6606898,6.816064,4.419366,1.3733952,2.922986,13.385577,12.62251407197797,4.960523981507187,4.960523981507187,4.960523981507187,9.81280740061635,9.96659837875877,12.38442813910338,12.38442813910338,6.056791947105021
GLLGRLLKKWRRVGKKVYKG,20,11,9,0.715342425939769,139,Rank,0.1247762638807714,0.1247762638807714,False,,8.991659,8.035273,6.0048656,3.3866928,13.992417,2.7455223,4.179658,12.366418,3.4994578,3.4571652,14.413161,3.81301635585374,3.3803415651608497,3.3803415651608497,3.3803415651608497,8.405617177843617,5.3100091820687645,3.7921649880821806,3.7921649880821806,4.2146032123833175
GLPKLWRKIRGFLRKIGK,20,11,9,0.7205822203878448,140,Rank,0.0546208772780404,0.0546208772780404,False,,11.319578,11.289961,7.060446,5.734316,4.713192,2.947708,7.8405814,7.636896,4.177178,5.156827,13.193808,5.116704489985514,3.3730332347469862,3.3730332347469862,3.3730332347469862,5.5655375994354275,4.296054217434833,3.4228388762156583,3.4228388762156583,3.834472293615861
GWLSKTLKKLGSMVKKYGPKIVVAGGR,20,11,9,0.72072862608443,141,Rank,0.1069458649912332,0.1069458649912332,False,,3.925384,4.831628,3.3592343,1.8442955,3.5095005,3.5545347,5.164304,5.969844,7.5303426,2.9333029,5.62595,6.8426021670016395,4.502161236090832,4.502161236090832,4.502161236090832,12.853782946601696,13.078619040472152,6.916464655483269,6.916464655483269,9.211071833759208
GKLSSFLRKAKAFIKKAKKF,20,11,9,0.7234748540396654,142,Rank,0.1193682007465065,0.1193682007465065,False,,1.4205298,1.5023036,2.3902664,1.7344317,2.4193873,1.7281984,3.8881223,5.6636443,7.54043,4.461379,13.779761,8.373851093124593,9.106520996980137,9.106520996980137,9.106520996980137,13.56449072463687,13.785545830292502,10.16029111827298,10.16029111827298,6.394714805010018
GKWKKLKKIVQALKELFK,20,11,9,0.7281172467629529,143,Rank,0.1378500909887891,0.1378500909887891,False,,2.0991952,2.0408251,2.8670511,2.5879996,14.462814,6.7314353,7.790738,2.9145868,7.0402846,3.03871,15.916228,6.285874590618043,5.71133441158263,5.71133441158263,5.71133441158263,9.734059697873489,6.400966664036961,4.768744921430695,4.768744921430695,9.194427638984305
GMGTFKKLGKTVAKKVAKSAAQTLLNKAQCKIL,20,11,9,0.7302827286213847,144,Rank,0.1260512276845013,0.1260512276845013,False,,1.3380677,1.4070039,3.6680157,4.471051,2.5697331,8.647044,8.059255,4.9895825,2.145008,3.4624536,12.365369,7.897979682672129,6.172831588531454,6.172831588531454,6.172831588531454,12.600902173029102,10.848188847146053,7.111861801619166,7.111861801619166,12.393980724423278
GIMGKFLSKLKAYGKKILIHVANHYLNRQQ,20,11,9,0.7309699816820323,145,Rank,0.1404498299771531,0.1404498299771531,False,,1.0183667,1.0440588,2.297823,7.9332433,3.0653417,7.390684,5.58369,6.817762,9.081147,5.3251514,8.6341,8.306135719433975,5.1521451699662855,5.1521451699662855,5.1521451699662855,13.451259788297927,9.87283201624376,8.347826237105506,8.347826237105506,5.673772496412177
GLWSKIKSVGKHVGKAAIKYVTPKQSG,20,11,9,0.73179748457522,146,Rank,0.1219745812523245,0.1219745812523245,False,,2.812462,4.146842,1.5076594,1.4623783,10.361027,7.065601,7.0078435,7.0290318,8.883746,4.038078,12.524903,6.814363294797073,4.144858631809232,4.144858631809232,4.144858631809232,8.689184716736225,7.235764675720474,7.126138385765331,7.126138385765331,6.70006676162699
IGRIGAALKSVAKKIGKAALGKLTNNLQKCHLSP,20,11,9,0.7327030711318668,147,Rank,0.1523632594575208,0.1523632594575208,False,,1.5767164,1.7893407,2.9943082,2.7150764,2.350189,5.569005,7.753397,4.00825,4.1541333,7.0748677,13.61868,7.572197210202901,6.04323428147531,6.04323428147531,6.04323428147531,10.901396665207267,11.129811480958612,9.319066089525585,9.319066089525585,6.856938612621955
GWVSPSLKMAAKAAGGKLLGWKAGQKILKGFLKG,20,11,9,0.7372822587768776,148,Rank,0.1258673406699962,0.1258673406699962,False,,3.8718681,5.513829,1.2031103,1.4902288,12.287722,8.860239,7.84723,4.6220694,3.4758954,3.6094007,5.2273574,6.465346674736206,5.724419305270917,5.724419305270917,5.724419305270917,12.777163861206965,11.935425252877815,7.214466905954843,7.214466905954843,5.834347382041913
GFFSKIMRIGRRLFRLGKKYDL,20,11,9,0.7378422933723028,149,Rank,0.1124485697492163,0.1124485697492163,False,,3.2367125,2.7780683,6.59095,4.132239,2.8628533,6.5099144,11.259353,7.7604084,5.067005,8.076588,14.800611,4.9807291305939,4.719059182406929,4.719059182406929,4.719059182406929,5.394247288492949,7.398866343754314,5.725976668621162,5.725976668621162,3.452866244737544
GFLSKLWGKVSKTVIKVIR,20,11,9,0.7419853633080578,150,Rank,0.0788094913925933,0.0788094913925933,False,,1.7238953,1.756874,4.801883,2.3565974,5.1016,4.484441,8.320517,6.570155,3.1372156,2.5288372,9.598605,10.457977046419504,5.720117150685203,5.720117150685203,5.720117150685203,14.727089534224222,11.885617335379225,9.347302904940829,9.347302904940829,7.075726257868311
GFLSKILGTGVKLGKQLIKKARIS,20,11,9,0.7438710216528761,151,Rank,0.0913129781892566,0.0913129781892566,False,,3.8289595,5.1249614,3.1919663,2.7210102,3.42748,5.8674817,6.836988,6.190472,2.0392642,4.5372944,15.381446,7.5668823017912645,5.050383040479454,5.050383040479454,5.050383040479454,13.174197033594552,7.547341952830545,8.690277156740567,8.690277156740567,4.990020789637492
GFLSKLWGNVKKAIKKIAK,20,11,9,0.7472919274302349,152,Rank,0.056439615323309,0.056439615323309,False,,1.1855531,1.1885302,3.8432271,3.0170102,4.811744,5.3939853,6.95187,4.987689,5.8517547,3.3947132,12.362972,13.82417761712683,5.809130879596501,5.809130879596501,5.809130879596501,10.135642146892797,7.777389593883214,11.375763724884004,11.375763724884004,8.84280536287673
GIRGSLKFFGKIIGHVFKGIVKNMPSGQQQ,20,11,9,0.747335854595247,153,Rank,0.1634556313426491,0.1634556313426491,False,,2.6091077,2.4087787,3.051817,2.175883,8.077113,4.7074003,14.36278,11.344226,1.6375933,3.1943758,11.375198,9.639784401966978,5.022172364898377,5.022172364898377,5.022172364898377,12.246762011530409,8.234626971850329,9.401292517699488,9.401292517699488,5.282627223107447
GILGKLLKNVLKGGLKIMPSVMG,20,11,9,0.7475803722712302,154,Rank,0.1316340457467722,0.1316340457467722,False,,3.4667869,3.6286604,3.8569715,2.8660357,2.7311895,4.545882,11.782929,4.769271,2.121987,4.429402,13.999728,7.789015922374878,5.937124285871124,5.937124285871124,5.937124285871124,7.7434052691180675,9.244539481315577,8.207687447251113,8.207687447251113,8.913603963673994
WWIPWARALRKLRK,20,11,9,0.7493298755246638,155,Rank,0.1688541472955741,0.1688541472955741,False,,3.0902,3.6174555,3.9232435,3.9599526,7.1273923,2.4770007,3.9355195,2.114865,2.425864,2.5763679,8.26879,7.930678608659708,9.275124053275267,9.275124053275267,9.275124053275267,12.924406761445235,15.479085780118918,7.556012710134677,7.556012710134677,10.171941423219902
GWANKFKKFLGGKFKRFLK,20,11,9,0.7525466264953181,156,Rank,0.1326850658838531,0.1326850658838531,False,,6.7040944,6.1068673,3.4240007,3.8828154,13.100238,14.989523,12.953533,11.565828,14.439466,6.601271,14.697017,3.646466632802904,2.3026439211140874,2.3026439211140874,2.3026439211140874,5.906497153074007,4.546437373788356,3.1382837672486312,3.1382837672486312,4.257113448204286
GIMGKLLGIGKKFLKGGIKTVAK,20,11,9,0.7539390245291333,157,Rank,0.0920580734286169,0.0920580734286169,False,,4.7221584,6.0255947,4.2037787,2.9969008,6.343399,4.2623434,9.20752,6.6857996,7.2318134,10.094328,8.379116,8.307296293690445,3.494707065621362,3.494707065621362,3.494707065621362,7.063797542221852,7.1402574338028675,7.023987402968974,7.023987402968974,3.723290349517295
GLNRLLGKFKRIYRRFKG,20,11,9,0.7559520171759269,158,Rank,0.1590956826815791,0.1590956826815791,False,,8.236951,7.4174685,3.5147626,2.8768952,6.325048,4.1935086,6.851114,7.099986,2.3982303,2.9121003,11.495924,7.135886177640293,5.072258602834243,5.072258602834243,5.072258602834243,5.7165023247664495,5.543717829436833,8.874321075364804,8.874321075364804,8.843885558441363
GILGKLLRKVGVRILSGLKK,20,11,9,0.7591192868779408,159,Rank,0.071901275503427,0.071901275503427,False,,5.939659,4.836963,13.385088,5.5153093,6.3874826,3.4813066,10.828355,6.5995455,2.8397338,4.168945,13.827567,4.242577231573756,4.98907167193729,4.98907167193729,4.98907167193729,5.859411178834912,5.648584817118776,5.07441013454811,5.07441013454811,6.14339610223218
GIRGKLRRIVRKIRNWVQQIL,20,11,9,0.7632439263915982,160,Rank,0.0796957188778492,0.0796957188778492,False,,14.1852,10.0318365,4.25476,4.028662,6.649715,1.5098593,5.6679983,13.87109,2.7274675,2.9721775,14.463791,5.194149212479244,4.987149337451947,4.987149337451947,4.987149337451947,7.684275925810423,7.647654026196232,5.326490354860884,5.326490354860884,7.5883163959409385
GLLLSPVKKVLPHVIKGVAKLFGRKKQAAM,20,11,9,0.7646961307754079,161,Rank,0.1577161149779501,0.1577161149779501,False,,4.9368896,4.0735283,4.61073,3.3293695,5.163875,9.696676,11.075431,3.1162016,1.0940595,2.1775532,13.807203,7.156170138231619,6.290441675295784,6.290441675295784,6.290441675295784,8.957123945522532,11.092021071126268,7.940197318188061,7.940197318188061,10.04848496164629
GSLGHWKKVIAKYGPKLIRVGSHALGYNSLK,20,11,9,0.764844890368899,162,Rank,0.084099460044631,0.084099460044631,False,,5.7222576,12.422581,2.5531042,3.0017133,2.8114624,6.142864,9.819281,9.129794,10.542998,10.0276375,15.156943,3.7580412523821805,3.583649944287661,3.583649944287661,3.583649944287661,12.788792002540395,11.782312323043074,3.687583169544144,3.687583169544144,4.136000718271452
GLKWIKGLLRALKK,20,11,9,0.7693290765745775,163,Rank,0.1206794853488125,0.1206794853488125,False,,3.5245304,2.9235182,4.1856685,3.2402856,13.564427,12.62765,15.138678,2.7576976,2.0449243,2.8002706,13.085632,7.777573189885474,5.119327329563667,5.119327329563667,5.119327329563667,9.583343973475028,8.992988389380434,8.741359554763148,8.741359554763148,4.732972090935979
GIPLKTWGKFLPKIAKAAGKAVLAAYAH,20,11,9,0.7722039335986777,164,Rank,0.1540311105281334,0.1540311105281334,False,,1.8929998,2.067403,4.2870936,3.1662805,7.8186126,15.907558,11.097768,2.3744047,7.2791367,7.687776,15.694862,6.364657999427516,4.5182701660736955,4.5182701660736955,4.5182701660736955,11.56320339952307,11.371015350973455,7.033037528033191,7.033037528033191,4.761830720313471
GLWSKIKQAGKRVGINVAKAVGQAGMQALSEQVSE,20,11,9,0.7725831789272147,165,Rank,0.1742094933850486,0.1742094933850486,False,,4.389491,4.4482245,1.5496444,1.3168803,8.8385515,11.805491,9.775745,8.383249,2.1338964,8.266868,14.054672,8.203793065340278,3.805606077193726,3.805606077193726,3.805606077193726,9.475384284363578,13.849738824210748,8.185575546141607,8.185575546141607,8.423621476804868
GVLRSLWKKIREKFKGFLKN,20,11,9,0.7737798318468682,166,Rank,0.1317924044285638,0.1317924044285638,False,,3.116799,2.5868871,4.7224865,1.8370756,5.0030847,9.356809,12.973535,8.212691,3.94761,4.2546062,12.029384,7.096647567647725,5.5235328941477455,5.5235328941477455,5.5235328941477455,10.441641720761993,12.586787739094916,5.2353013899086855,5.2353013899086855,9.844531589956022
GIFSKLWGKVSKIIKKIGK,20,11,9,0.774525589043844,167,Rank,0.0378765740396365,0.0378765740396365,False,,1.3181863,1.3477621,3.6984637,5.3824973,11.462754,4.0765524,6.504343,6.637096,11.393989,3.2410986,9.957263,13.945209224853093,4.473812722124503,4.473812722124503,4.473812722124503,12.287046400092489,9.304634885404525,10.667922877866518,10.667922877866518,7.259053835440822
GFLSRILGGGLKAGKGLIKGLMKTG,20,11,9,0.7777255388500883,168,Rank,0.0838394031268264,0.0838394031268264,False,,7.1330996,6.986261,5.8384013,6.8230667,6.2706466,5.7113123,11.793754,6.28815,5.697793,7.0176115,9.123098,5.89034708820466,4.167409071340703,4.167409071340703,4.167409071340703,5.724496299154626,5.882880413359641,5.25334853793651,5.25334853793651,4.704501422261484
ASGSGWGAGAKTLFKGILKKVKIVLSAFK,20,11,9,0.7797904884661537,169,Rank,0.1692933176372137,0.1692933176372137,False,,1.8516755,1.8485833,7.202512,9.074496,2.3176796,7.4250016,7.7005258,4.954618,4.708722,6.882924,15.861912,9.272603930479896,4.625298804364995,4.625298804364995,4.625298804364995,12.572930692251594,7.442733581769566,9.212568734319,9.212568734319,7.16532173689578
GWLSKFRNLARMFRKNRGKKKGWL,20,11,9,0.7832687987726759,170,Rank,0.0768560550714627,0.0768560550714627,False,,9.079488,6.825199,3.8251474,4.52698,3.660206,4.127776,7.296249,5.648063,4.569829,4.4351707,11.3533125,6.975802775832411,5.36271283160938,5.36271283160938,5.36271283160938,11.602337973041003,7.501746132520417,6.7145579520580645,6.7145579520580645,7.130143546034688
GLINAKLMGKLLRHLRKGR,20,11,9,0.7852352050209114,171,Rank,0.1223954874209659,0.1223954874209659,False,,3.0995538,5.6632533,9.713337,3.7931654,6.5113063,11.226693,13.414045,1.8288256,3.4337766,4.11908,8.992825,5.449812124368753,6.322023610390612,6.322023610390612,6.322023610390612,7.979367713746967,15.156743057752713,6.05141938479296,6.05141938479296,5.63131105633465
GLLRKLLKKHRRLFFKKL,20,11,9,0.790795789034157,172,Rank,0.165910087136709,0.165910087136709,False,,10.31261,10.626426,4.0370164,7.8051114,3.4981093,5.9266534,6.1255107,2.6200776,12.899643,11.494072,8.5015955,3.1525684731177934,8.683607781102728,8.683607781102728,8.683607781102728,7.519007230110699,7.038974374584757,2.853179469703276,2.853179469703276,5.081310934162497
GRSTHWGKLRKIGKKIKEKLQNMFSGIQGLERFS,20,11,9,0.7909694644790686,173,Rank,0.0509379483024281,0.0509379483024281,False,,2.9215772,3.074983,4.537673,4.0478115,4.745782,6.2390714,10.310615,13.501591,5.8154955,7.208269,11.061231,6.996828098911536,4.032927216374055,4.032927216374055,4.032927216374055,12.2512707576021,10.595717997150066,6.115379946038588,6.115379946038588,9.389372748897452
GLLGSLLRKAWKKIYR,20,11,9,0.7928924761970407,174,Rank,0.1732535299665267,0.1732535299665267,False,,2.776348,2.4657655,8.109202,6.1898293,6.9642053,9.039576,11.427926,5.1697273,1.8436201,2.7502623,10.738194,8.786710501224217,5.3980657922585555,5.3980657922585555,5.3980657922585555,13.603847254409962,8.824670524860597,9.287380586921792,9.287380586921792,7.238490175266753
ALGKVFRKILVGIKKFLG,20,11,9,0.7938666262411268,175,Rank,0.1449145900855427,0.1449145900855427,False,,2.7450328,2.006792,8.416347,6.5174475,2.4059536,5.3516297,9.900741,4.4056897,2.17946,2.499766,14.204112,7.409668515467073,10.467779012775733,10.467779012775733,10.467779012775733,12.129982070224225,11.480286751850073,8.012777492757918,8.012777492757918,7.55479534297449
GIFGKLLKVGAKMLPKLI,20,11,9,0.7953274322314865,176,Rank,0.0529279129695552,0.0529279129695552,False,,10.559744,12.187775,4.96056,2.674509,8.050862,3.6931915,7.9963107,4.121475,2.5022836,3.2631931,15.62189,8.489612037359835,6.710917021618891,6.710917021618891,6.710917021618891,9.088269408586491,7.311233672150479,7.247530203407909,7.247530203407909,4.219016645809053
GILGKLWRGVTAAIKKIGK,20,11,9,0.7974166451144564,177,Rank,0.0676411571515859,0.0676411571515859,False,,1.4080815,1.3729281,6.7460027,4.9635105,7.540898,9.954224,11.043441,8.953208,4.4814773,3.1606674,8.62467,11.523947767520456,5.741769051673321,5.741769051673321,5.741769051673321,14.75960226850698,10.144147896066182,10.308201004945374,10.308201004945374,4.35884469165495
GLLRKIGRRNFRKYLNFAKKRGIGIVVAG,20,11,9,0.7979325089849835,178,Rank,0.1038558989958025,0.1038558989958025,False,,3.9733028,4.0383053,2.946113,1.9677098,14.074453,7.1053896,10.790152,8.1128645,9.494894,11.5513735,9.778783,4.673625320343235,4.281651812440642,4.281651812440642,4.281651812440642,10.534756278116639,12.830936822507674,5.688508947274386,5.688508947274386,6.487710613202395
GFLGKVLSLGKKVLCRISK,20,11,9,0.8036257184543295,179,Rank,0.0965381920461187,0.0965381920461187,False,,10.478942,10.007941,5.771255,3.8819387,5.9409432,11.993301,13.69904,3.7235203,2.293981,2.9512815,10.135558,6.8817129326435404,5.5795196728603855,5.5795196728603855,5.5795196728603855,8.453610734045576,9.771591872867866,6.3956732609561175,6.3956732609561175,4.993211860574352
GFLSKILRKLFPKIYIVGKY,20,11,9,0.8075122440354979,180,Rank,0.0845089511051485,0.0845089511051485,False,,2.1660304,3.2317147,4.1429634,8.105224,2.7312799,6.274549,14.294015,7.124945,2.7468596,4.218846,5.7238717,9.504444326882663,9.166801091132681,9.166801091132681,9.166801091132681,10.664108072288704,9.020848770807405,11.861847885987876,11.861847885987876,5.240949109217256
GFFSKIKGWGRKILPSIRPAISKY,20,11,9,0.8093555323851082,181,Rank,0.1538843745018862,0.1538843745018862,False,,3.5469933,2.8417304,5.980833,4.376745,2.6842465,4.518748,10.008869,13.930033,4.1964064,2.9791684,13.652302,9.197774772602838,5.350779307721082,5.350779307721082,5.350779307721082,14.868783025386572,10.445167645216817,9.926976476651939,9.926976476651939,9.367843638368974
GILSSLWKKVKGVIKKIAAK,20,11,9,0.8139931436233769,182,Rank,0.0479602654614526,0.0479602654614526,False,,1.2751776,1.26365,4.04641,2.5725656,10.674555,4.848664,7.440061,5.287193,4.7829204,3.0146089,12.346793,11.738007515396083,9.261226090746897,9.261226090746897,9.261226090746897,13.830208539048321,14.243846224626553,14.149958528504586,14.149958528504586,8.51944101489606
GFLSKILRGAMKALVKK,20,11,9,0.8210348891767719,183,Rank,0.1322874050263004,0.1322874050263004,False,,4.6079984,4.856113,4.9850717,3.911887,13.665881,5.383486,5.852271,4.7434216,8.327684,7.2328815,9.305179,7.39158910765139,4.773566987406993,4.773566987406993,4.773566987406993,8.568585429701088,10.319392062253828,9.912686752675873,9.912686752675873,7.550025237655032
GTLRKILQKIKSMLKKWK,20,11,9,0.8222227993715275,184,Rank,0.0793165297407151,0.0793165297407151,False,,6.6484976,6.6954274,3.3438828,5.696368,5.538219,9.124608,10.206658,5.303923,5.136216,3.4132826,12.376286,6.276903706629179,6.443109347183384,6.443109347183384,6.443109347183384,13.029833169903416,8.51062476760194,6.652561035196838,6.652561035196838,6.710023673992085
GILGKILRMGTKLISRIMEN,20,11,9,0.824275784560621,185,Rank,0.1758015896472026,0.1758015896472026,False,,2.7385006,2.2150633,6.441823,5.2548285,8.015866,7.3879175,8.069578,4.4089074,3.637453,3.524708,15.894949,9.35451027114455,9.491604320649342,9.491604320649342,9.491604320649342,10.303915213813672,11.090307069174147,7.06071530267699,7.06071530267699,7.6125856547154545
GLLGKLLKKWKSFFR,20,11,9,0.8267986861309444,186,Rank,0.1651158031587057,0.1651158031587057,False,,6.8380632,3.2874217,7.5838084,6.494725,3.087457,7.959446,12.418067,5.1334267,2.1920946,2.8925333,14.146417,8.094890768548952,8.648905939765731,8.648905939765731,8.648905939765731,13.168369042208141,6.127720075371307,7.923422008220048,7.923422008220048,8.322558434267014
GWLSKFHRKISKFLRNLY,20,11,9,0.8294886589816206,187,Rank,0.0892844097019286,0.0892844097019286,False,,1.9033177,2.6530807,3.4912407,4.262328,3.3872159,8.81499,10.840866,4.419743,13.5724945,2.7501945,10.033532,6.875567119739948,12.870605956578457,12.870605956578457,12.870605956578457,9.639808216175666,9.260399941969228,8.80864475792901,8.80864475792901,9.511746750351582
GIWSSIKRGAKKVIVGLGKKILPGMA,20,11,9,0.8343964041496204,188,Rank,0.1274573614579459,0.1274573614579459,False,,5.4421844,6.924004,4.1509943,2.5576336,6.830039,2.9219906,4.978019,10.772499,3.29039,3.0392706,7.260386,11.232213384210924,8.017474638254368,8.017474638254368,8.017474638254368,15.09980332311456,10.775979478046457,13.683260023829176,13.683260023829176,8.89140102804105
GKLFKNLLKSVGKAALKAVIPRIPPGMPQA,20,11,9,0.840278868414171,189,Rank,0.1045628055098028,0.1045628055098028,False,,2.763669,2.4086666,2.8533845,2.0719166,10.989024,5.0482354,11.122851,5.169921,2.998847,4.4850326,5.8732696,14.527225859935504,12.41983577557259,12.41983577557259,12.41983577557259,14.708812922385828,8.277269423639863,13.027311944118912,13.027311944118912,11.206729477817216
GLGSWLGKALKKLAKKILP,20,11,9,0.8434352186973655,190,Rank,0.0886775410445778,0.0886775410445778,False,,1.3129419,1.363098,5.259869,3.8976517,14.882556,8.229246,11.735978,4.754627,5.3463635,3.70378,15.622576,13.469020052498271,8.045253835367372,8.045253835367372,8.045253835367372,12.915519496811424,11.781400336103129,12.183388795270915,12.183388795270915,6.014837779868876
GILGKILRGGIKIGMNFLK,20,11,9,0.8549090033407729,191,Rank,0.1545497715317996,0.1545497715317996,False,,1.88559,2.604319,6.20794,4.323315,3.2102408,10.185338,15.694147,6.447586,2.812161,5.4487367,10.6557455,13.279386312799382,7.996825577486069,7.996825577486069,7.996825577486069,14.573707419746224,10.851035915544612,14.811152410940489,14.811152410940489,7.474060584789514
GKLKKFAKKLLSMKMFKK,20,11,9,0.8572450078092096,192,Rank,0.1764879489665799,0.1764879489665799,False,,11.270327,10.870449,8.653111,8.7052555,6.6983123,5.771328,6.691479,3.2210684,10.390051,12.483514,14.9949875,5.0720135671395425,6.859496942317041,6.859496942317041,6.859496942317041,7.3939897024682155,3.9536336696611936,5.502697908187761,5.502697908187761,6.4419103709542584
GKLSSFLKGWKKYLVKFYKG,20,11,9,0.8584417399636937,193,Rank,0.1157168189788002,0.1157168189788002,False,,1.6215258,2.0041008,7.760449,13.340783,2.2741024,7.0325375,6.2834024,4.88411,3.6500857,4.4185257,14.074167,14.335393586070891,9.09464293974205,9.09464293974205,9.09464293974205,13.802644916050967,15.712664687528479,12.417725712699815,12.417725712699815,10.913267669892182
GRFRPVITRIPRVYRSLIRALR,20,11,9,0.9343271204048402,194,Rank,0.053933480221561,0.053933480221561,False,,12.139675,14.508326,3.2353382,2.87337,8.186065,10.469503,12.553195,5.603042,11.372414,10.685516,13.418852,5.542330219550533,11.81022345682209,11.81022345682209,11.81022345682209,10.71005234785463,8.136168625605281,7.585011532212791,7.585011532212791,6.595885594430984
GWGTGKNFAVRALKGLVRLVRNKYRAYLKA,19,11,8,0.6154502169857361,195,Rank,0.1287750800302853,0.1287750800302853,False,,0.94012344,1.0795825,3.651416,4.575147,10.486285,3.3191001,3.347834,1.8524607,4.2482395,4.942947,6.602162,5.5744648857324455,3.693313649772308,3.693313649772308,3.693313649772308,9.567841673643429,17.01719631679162,5.05764819519336,5.05764819519336,3.432497257963989
GMWSKILGKLKSILR,19,11,8,0.7004014468509719,196,Rank,0.1180693689894267,0.1180693689894267,False,,2.7512047,1.917008,7.3376455,8.937304,9.666549,8.821345,14.587319,4.521316,2.8384593,2.6574373,15.956472,6.314325174655382,2.077641002335967,2.077641002335967,2.077641002335967,6.633280288228586,18.456968410658067,4.690274372171564,4.690274372171564,2.8527648124343497
GKLNSMWSKAKGIIKKFLRRGLARM,19,11,8,0.7010548145006226,197,Rank,0.1133005519101004,0.1133005519101004,False,,2.1527922,2.0409706,3.6333103,2.9181564,3.4275653,3.7703786,7.1980157,2.8761165,4.639368,6.0800357,11.090849,8.790131184459591,3.966583188161482,3.966583188161482,3.966583188161482,16.351495597372573,11.210726083087556,6.197341851440669,6.197341851440669,6.970749574965239
GFRGKLKKFGSKVKRYLIKRI,19,11,8,0.7124150987853041,198,Rank,0.0988097985627756,0.0988097985627756,False,,2.1990702,1.8975383,3.4245658,6.680366,1.9160625,4.2676167,6.2777,8.561706,2.686775,5.72592,7.833424,9.74008936537469,3.9260423533787945,3.9260423533787945,3.9260423533787945,17.418252672502994,10.39791626623156,8.241465013829119,8.241465013829119,4.831642432130436
GKRFGKLLSKVKSVIQRYILFRR,19,11,8,0.7127425670669819,199,Rank,0.109989132817066,0.109989132817066,False,,2.048867,1.8217864,3.1996024,5.260757,3.8284073,2.3584583,2.5516417,2.8828225,3.5066154,3.6470773,7.2015038,7.0726349305807155,9.010239850817413,9.010239850817413,9.010239850817413,16.156638803862553,10.47420854919298,7.8077030725715835,7.8077030725715835,8.766909767287084
GFLSKFLRKVLKAGAKILGSHKNKVK,19,11,8,0.7130903145819968,200,Rank,0.0897663348121778,0.0897663348121778,False,,3.4504683,3.672865,2.0034566,1.3100522,3.6702652,4.0390654,7.4745326,2.118497,3.7154293,8.154509,11.493983,7.436719517885335,5.493602054550825,5.493602054550825,5.493602054550825,17.302030435927623,7.610306269619799,8.320614589950791,8.320614589950791,5.978940103645037
GKVSKIRGILKKVWSLRKFF,19,11,8,0.7370708063032889,201,Rank,0.0864148590669996,0.0864148590669996,False,,3.041539,2.662435,3.7631102,2.257026,2.0591073,2.5899653,5.0106664,3.3745456,2.5661492,3.6488686,10.093649,8.411276468764997,9.768773287577424,9.768773287577424,9.768773287577424,15.88823567071918,16.80901201777937,8.86795832919657,8.86795832919657,5.711379875107538
GLWSKIKHVGKAALRAVAKAVRKP,19,11,8,0.743178003892943,202,Rank,0.0891935039317783,0.0891935039317783,False,,3.3020241,2.8252301,4.0659504,2.7210634,3.1594903,3.3178868,6.223855,3.8384588,8.126166,2.858709,3.5595183,9.720741392621557,6.009781211862755,6.009781211862755,6.009781211862755,11.883330558629462,20.141428151138427,10.690822778881198,10.690822778881198,5.92048581103312
GKFRSWYSKVKGKLKKFR,19,11,8,0.7840932527533372,203,Rank,0.1525546181791615,0.1525546181791615,False,,2.9236698,2.8318968,2.3442545,3.5811539,5.2139606,3.4989746,3.4181688,14.029091,3.8144412,3.0136313,8.072717,11.732444508784708,6.3897159606462735,6.3897159606462735,6.3897159606462735,19.594364629615548,12.425192650037177,10.614348204096041,10.614348204096041,10.146239242892534
GGLGSLLKKLWPKVIKTI,19,11,8,0.7957634300897685,204,Rank,0.1765201188167472,0.1765201188167472,False,,3.494866,2.269147,4.823183,3.3042567,6.832064,6.2000318,8.564151,3.887609,3.3560996,2.3232684,7.804547,13.606547286510988,5.176377898929865,5.176377898929865,5.176377898929865,17.37399272459053,12.991987508403769,12.647359947598009,12.647359947598009,11.131980754231073
GFWAKLLKKAGKAALKA,19,11,8,0.8480405035011076,205,Rank,0.1529145054061952,0.1529145054061952,False,,3.2907672,4.915718,4.830886,4.7524843,8.679378,6.8402953,7.8462543,3.436754,3.977176,5.749026,13.417946,8.900897575725743,6.914258953571162,6.914258953571162,6.914258953571162,16.216446450519097,9.895997036825722,11.917406941478326,11.917406941478326,7.46963874852021
GFSALLGKLLKKLAKKFG,19,11,8,0.8605813114125642,206,Rank,0.1670601073933372,0.1670601073933372,False,,2.7168899,2.5021598,5.043148,7.5476923,9.854765,7.8059993,6.679482,5.2976875,5.934135,6.011409,14.113775,13.030137180439862,5.085988343512131,5.085988343512131,5.085988343512131,18.22474093798721,15.704049752026704,12.178844857777564,12.178844857777564,6.307861855303182
GSWKLLFKRGLKSIKKSIKK,19,11,8,0.86089913207712,207,Rank,0.1172630472610382,0.1172630472610382,False,,2.9014506,2.5428946,5.1284494,6.030952,3.6150112,10.129345,8.248461,4.705125,10.28808,2.2686687,10.8510475,15.692027789557295,7.13786476521948,7.13786476521948,7.13786476521948,21.381324935407086,9.63836094835747,14.33208863808538,14.33208863808538,8.3255744614625
GIFGKLMSLGGKAGLGIVKKKLHRL,19,11,8,0.8802140799831086,208,Rank,0.1159567437968226,0.1159567437968226,False,,9.539168,9.724141,4.873129,3.031158,5.426539,4.4081736,11.88309,6.5329046,2.5720322,12.307155,9.06764,10.89819834515989,7.073710528160041,7.073710528160041,7.073710528160041,16.21248087634,13.334932475601816,11.831589900298031,11.831589900298031,4.715574730105168
GKVPFFGRLLSKLFKGFRK,19,11,8,0.9129353882889417,209,Rank,0.122998205129908,0.122998205129908,False,,3.4712794,2.7502759,15.792047,13.778147,3.975418,2.7636507,6.8152943,8.317101,2.9167213,4.6799154,14.255671,14.970994453133676,11.821185766912901,11.821185766912901,11.821185766912901,16.30803028473517,9.262370110731654,15.831328816097042,15.831328816097042,7.697991971248774
GWLSKIKKKGKEFLKRASKAAQVGKAVVQAVQV,19,10,9,0.40356558949951926,210,Rank,0.1206614287232346,0.1206614287232346,False,,1.7759227,2.166578,0.42449757,0.43092796,8.024169,3.4836833,4.25821,4.7545557,6.5959463,6.8271337,20.831085,3.004913601640753,1.1511958450703836,1.1511958450703836,1.1511958450703836,2.529665793844107,2.736425247338811,1.5645129088201346,1.5645129088201346,4.06018349076343
GKRFKKLGQKIRKGAKKVLEAFSKPGPQYVIPAL,19,10,9,0.42870542935854183,211,Rank,0.0959539460575952,0.0959539460575952,False,,3.548676,2.5309243,1.4923171,1.0402693,1.8079748,4.8355503,5.1292553,10.643679,16.757944,7.7041802,12.823029,1.7288498061261124,0.7218322086043795,0.7218322086043795,0.7218322086043795,2.5695450130644657,2.3560395571870156,1.443992614312936,1.443992614312936,4.147623075916881
GRLFKKFLKKVRKVGPVIVSYR,19,10,9,0.4665102984358061,212,Rank,0.1040360501567398,0.1040360501567398,False,,2.878306,2.5593054,1.7002773,3.223015,2.9212039,6.9362564,10.569781,19.402855,4.1590533,6.135959,12.364822,1.5177976831004873,1.2089710700374359,1.2089710700374359,1.2089710700374359,1.6268742582962865,2.057744205741227,1.0947818384633576,1.0947818384633576,3.7550798283677933
GWLTKTKGKLIEKAKRAGKAALKAAQAALST,19,10,9,0.4714783525433092,213,Rank,0.1615082138967111,0.1615082138967111,False,,1.3314345,1.4255656,1.1511067,1.6994865,3.957437,6.0840564,6.2304354,3.646134,5.9799614,3.0307262,31.898567,2.059263592246667,1.89580244751876,1.89580244751876,1.89580244751876,2.3930715960412257,4.849308273480703,1.7533826730427189,1.7533826730427189,4.574800269530336
GWRKRLRKLFKKINKIG,19,10,9,0.4748613235009015,214,Rank,0.1355835693839328,0.1355835693839328,False,,5.8337483,6.7533383,3.3342226,3.3304138,3.0444024,1.9661233,2.2745013,2.2182002,3.147465,2.7059739,25.490438,3.0206478326924278,1.3191432611792977,1.3191432611792977,1.3191432611792977,6.206192212329714,2.0176485141166087,1.5584092103908327,1.5584092103908327,5.1951273619291545
GYKKFKKLIKVATKAVKKLISG,19,10,9,0.4757988494861289,215,Rank,0.140772566215929,0.140772566215929,False,,1.3416243,1.2916329,2.5215137,2.1796408,4.2413573,1.87185,3.1786685,3.1329792,6.0650373,2.622319,24.692184,2.2760299510739594,2.273634529126198,2.273634529126198,2.273634529126198,4.588537243785028,3.562215117262622,2.3829488109168957,2.3829488109168957,4.468274122726671
GVLRKLWRKVGNAIRKVGPKY,19,10,9,0.4805082684775216,216,Rank,0.1275119464295202,0.1275119464295202,False,,2.876468,2.642408,1.3462837,1.5720307,16.752508,2.3331094,8.0448,10.273124,6.372309,3.6307657,14.464641,3.0018686825986753,1.2587839380841264,1.2587839380841264,1.2587839380841264,2.114694837088948,2.212064368334004,1.6469689603931972,1.6469689603931972,3.084689181193889
GTFKKFLNKALSSLGKFAKSKLKGY,19,10,9,0.4864700290148868,217,Rank,0.1648700670129111,0.1648700670129111,False,,1.4151219,1.3608004,2.4037688,4.440166,6.1706777,2.4463499,4.6356206,4.665116,9.803317,9.184611,25.085438,2.1956987848815803,1.2192886715399616,1.2192886715399616,1.2192886715399616,2.8348025468781053,3.426682314952156,1.7736310364731143,1.7736310364731143,2.9095615603824836
QIKRFKKLFKIIKKIGKSLVKSI,19,10,9,0.4881541527774084,218,Rank,0.0924140172546623,0.0924140172546623,False,,1.2703799,1.6297246,2.1385643,2.303381,1.9927635,2.288934,3.7949686,4.2655463,3.1860154,6.1827703,17.550024,2.3120444425148916,2.923177259056282,2.923177259056282,2.923177259056282,4.759579166539991,2.6545798461805155,2.527907400612926,2.527907400612926,4.774393854636261
GWLSKFKKKISNVAKAAGKAVLGAAKG,19,10,9,0.49511694164669623,219,Rank,0.1465461203575793,0.1465461203575793,False,,1.234415,1.7682093,3.1385536,1.7812529,2.6323442,6.1449294,7.017909,5.7928114,10.302023,4.023937,19.721848,3.5696163603038964,1.5829179009102727,1.5829179009102727,1.5829179009102727,2.1776434197752117,3.0139208826469712,2.4442466551586386,2.4442466551586386,2.192832275113654
GPLKLFKKLAKKGLKTVKKVGPAVIGAIAANTQ,19,10,9,0.4961894565633564,220,Rank,0.1162647441687476,0.1162647441687476,False,,2.4074447,2.8387775,2.0018911,1.2186306,1.1146878,2.703274,3.492294,4.57202,4.3741226,3.0902598,20.108229,4.984379412289476,2.4871953783979626,2.4871953783979626,2.4871953783979626,3.9233022880641495,3.5043417051651367,3.2752129067534477,3.2752129067534477,3.4024270777177508
GGLKKLGKKLESVGKNVFKVAIKVATGIRAAK,19,10,9,0.49860847605460246,221,Rank,0.1267803417724882,0.1267803417724882,False,,2.3020296,2.1466432,2.1561966,1.4734918,1.9150203,1.6808574,6.92685,6.600251,9.30978,3.8431227,16.300909,3.8089188972212304,1.5281282357658579,1.5281282357658579,1.5281282357658579,2.7834428791859,7.207426431894832,2.4143585760656654,2.4143585760656654,4.379045680367155
GIKLFKLLGKGLKTALKKAGPSILRLG,19,10,9,0.5032826696870858,222,Rank,0.0453642623266564,0.0453642623266564,False,,2.862216,3.5735078,3.6687841,2.3501744,1.8871267,3.11562,6.3153424,5.469819,6.4078956,6.2416687,20.900702,1.854857993977108,2.207056035622404,2.207056035622404,2.207056035622404,2.6662804217794402,2.475318913727235,1.2782288466110097,1.2782288466110097,3.6127395359334717
GVLRKILGKILKNVLKQAGKAIINAYKEH,19,10,9,0.5041000040599677,223,Rank,0.1453838548031454,0.1453838548031454,False,,1.5382034,1.4657058,2.219969,1.8297284,3.592383,2.218822,2.91872,3.8627186,3.6009526,2.9063249,26.455008,3.1671335724046648,2.7376043842921116,2.7376043842921116,2.7376043842921116,4.207451766171302,5.877762144940386,3.0060186475946846,3.0060186475946846,3.650505565924794
GAWRKLLKKIRRLF,19,10,9,0.509650625018328,224,Rank,0.0566125023245311,0.0566125023245311,False,,2.7343283,2.6484985,6.194176,5.1730647,8.562165,4.576086,7.4091187,4.008485,3.4017053,4.3860264,21.095963,1.8447808380998136,1.5207381123134494,1.5207381123134494,1.5207381123134494,3.3942044311769504,2.626599560474915,1.10715681476759,1.10715681476759,2.588097220174054
GKMGKKLFKKVLKAVKKEILKYPGLPALGFKL,19,10,9,0.5135868387574336,225,Rank,0.0864285571967483,0.0864285571967483,False,,2.194482,2.11625,2.5027902,2.339587,1.7411393,5.9539623,7.181248,5.6976547,11.000538,7.648583,16.905018,2.201077193832286,1.9377687935436387,1.9377687935436387,1.9377687935436387,5.007150935722783,2.75080138590751,1.457505709362171,1.457505709362171,2.431735430199972
GVWKKIFKAGAKKVASAALHGVKAIP,19,10,9,0.5150658697614068,226,Rank,0.1502732569337442,0.1502732569337442,False,,4.359304,5.97154,1.2222571,1.3533686,18.86526,4.902529,7.8378677,4.6378994,6.669682,4.2832537,12.534664,2.157253719776002,1.0285858815419955,1.0285858815419955,1.0285858815419955,2.2463741524330265,3.40505523907384,2.038783516985378,2.038783516985378,5.172136944569356
GLWLKLKKKAKHVGKVAGKAALNAITQ,19,10,9,0.5178066763433661,227,Rank,0.0858503300834174,0.0858503300834174,False,,6.8546295,6.703534,1.1712857,0.9148504,8.684285,6.3054624,8.28934,2.4765666,2.8630965,2.9762623,37.864773,3.1503111585273107,1.3728522563210368,1.3728522563210368,1.3728522563210368,2.58321743263316,2.0647668224537,2.076826359238592,2.076826359238592,6.779724460511829
GSLGKFKRLGWKIAKAVRKVGPVIPVIPAIP,19,10,9,0.5180407373100288,228,Rank,0.0871865203761755,0.0871865203761755,False,,5.8461604,6.418271,2.878302,1.4971677,5.304038,3.9099686,6.7114577,9.286764,14.274179,19.488363,8.048282,2.6142362856729164,1.0596111003837667,1.0596111003837667,1.0596111003837667,1.5880270928958573,2.307333615164734,1.4468875097211253,1.4468875097211253,2.0559194871368858
GKWSKLLGKIRKKLKKFI,19,10,9,0.5228530573475245,229,Rank,0.101163801405345,0.101163801405345,False,,2.7054656,3.160714,6.02032,6.3687105,2.418899,3.3479955,5.698013,5.171646,2.488381,3.835636,25.93385,2.229737137650624,1.8762028274422837,1.8762028274422837,1.8762028274422837,4.1331260309477225,2.472850856942747,1.7259027479791378,1.7259027479791378,3.299017169787686
GKLFKKLENKTRKRFRRGFNFLPKIPIGVPIY,19,10,9,0.5258632198268197,230,Rank,0.0542632730726316,0.0542632730726316,False,,4.2381973,4.987096,1.5856274,1.4994484,1.4010515,4.270457,8.671155,25.60799,14.1073065,6.340358,13.781865,2.0003804073715092,1.1459027069912953,1.1459027069912953,1.1459027069912953,3.762981461408525,3.3089509905553567,1.7768228493895335,1.7768228493895335,3.379010799987931
GVLKKFMKTGWKIIKGHIGEKLKEF,19,10,9,0.5324638641806911,231,Rank,0.1541882239254024,0.1541882239254024,False,,1.9118068,1.9291179,2.8445106,2.037,3.1853857,10.411854,9.464598,6.796254,4.1563377,4.79909,18.32726,2.5254369932648704,2.1549191256117752,2.1549191256117752,2.1549191256117752,3.153866328094807,4.815263400501239,2.1258147058939247,2.1258147058939247,1.5427772717276795
GWLSKTLKTLKKAGKKVGKIVGSVAGG,19,10,9,0.5324907160033104,232,Rank,0.1252905663886084,0.1252905663886084,False,,1.1781384,1.140944,3.728126,2.2249992,5.707598,5.869854,7.453408,6.7498116,10.735763,3.1427803,17.51027,2.8463509898367754,1.7959975923481295,1.7959975923481295,1.7959975923481295,4.293316936561246,3.209043549061715,2.3937579626286434,2.3937579626286434,3.0890969382244884
GRLKSFWTKLLKKAKTKAKPYLLRA,19,10,9,0.533378300018483,233,Rank,0.0838616107008129,0.0838616107008129,False,,1.6839136,2.0882282,2.6451106,2.5677824,3.2446356,1.7025784,2.358322,5.1096206,12.25193,4.1316004,17.660223,2.1011010622667086,3.812676215275078,3.812676215275078,3.812676215275078,5.537160172880258,3.2098950024278934,2.1175006165509256,2.1175006165509256,3.5263114225784595
GKWGSLLKKALKAAGKAVIKAVTQFVNPQP,19,10,9,0.5337689376493919,234,Rank,0.1001943474044949,0.1001943474044949,False,,1.3105271,1.3000048,1.7004305,1.4872674,2.0444143,4.9856305,3.4865606,3.645484,3.7214353,2.4509566,16.100874,4.849304280229256,3.345193275203713,3.345193275203713,3.345193275203713,8.915412251712942,6.116608810389347,4.021819442521003,4.021819442521003,3.607966860576643
ALKWFKKLLKSLRKP,19,10,9,0.5349544184416173,235,Rank,0.1422440774268105,0.1422440774268105,False,,2.1842487,1.9845912,3.0947635,3.5381227,3.730692,2.665588,4.860563,2.3828726,11.633261,2.3608913,20.3259,2.8853162747821353,2.9815287063900873,2.9815287063900873,2.9815287063900873,4.32454037067535,4.750904383773829,1.9579541857889735,1.9579541857889735,2.7207344401568303
GKLWKNVGKAAGKAALKAALKAATPALTQIA,19,10,9,0.5371301704053785,236,Rank,0.1622917054088518,0.1622917054088518,False,,2.3611782,2.6985412,3.7324884,5.111448,1.9628531,4.931544,4.1686516,4.3479633,4.7512693,3.2749698,33.364147,2.988335103890466,2.131163200836696,2.131163200836696,2.131163200836696,3.471817657711036,3.170068971301824,2.4556484489483186,2.4556484489483186,2.600857978665043
FINWKKFLKKIKKIAKA,19,10,9,0.5390222236668522,237,Rank,0.1520145797911906,0.1520145797911906,False,,1.855104,1.4343041,2.2591984,2.1251178,5.613837,3.285427,4.200132,3.9641564,8.767232,2.4375114,31.91795,3.0623883343344596,2.2997432104952504,2.2997432104952504,2.2997432104952504,5.672515820933573,6.10195409282438,2.5585414215503843,2.5585414215503843,2.6709162446106838
GERKRKLRKIFKIAKAVGKMALGGLAH,19,10,9,0.5416150447857998,238,Rank,0.1637374807395993,0.1637374807395993,False,,4.6955614,6.5938935,4.26752,2.2101188,6.347525,4.1889653,10.919075,3.564909,4.4764194,9.904293,16.976658,1.6443245212707451,1.9333824218799973,1.9333824218799973,1.9333824218799973,3.406512673394229,1.5132153413123228,1.209601002249251,1.209601002249251,3.3334387154756304
GNLKKLPTKLLKLAKVTKRIASAILKGQELFEK,19,10,9,0.5440460701386504,239,Rank,0.1271306818181818,0.1271306818181818,False,,1.8394542,1.6047442,1.2628932,1.7461572,5.5445337,2.3141265,5.9242144,7.974649,5.9903097,6.151109,24.898518,3.4613098595894813,2.2394756941272322,2.2394756941272322,2.2394756941272322,2.7667946973700217,6.277749729323442,2.625989146606995,2.625989146606995,4.509824743905261
GKLFKKLLKKILKASRKL,19,10,9,0.5448577899250958,240,Rank,0.097178268290739,0.097178268290739,False,,1.9992639,1.8907058,4.9124417,4.5059853,5.00128,2.909135,3.808595,2.020199,3.6690922,3.8006542,20.414478,2.9863507176105877,2.6581645114240087,2.6581645114240087,2.6581645114240087,5.519778662146108,4.432214298184095,2.325263873633691,2.325263873633691,3.9887975926770514
GINWKKLIGKILKKIRK,19,10,9,0.5470531275674756,241,Rank,0.0995922523378141,0.0995922523378141,False,,1.781442,1.8102919,2.5695088,2.2850716,7.8037157,4.5535064,5.520292,5.0825343,2.3078897,2.1750958,18.97089,5.11444377381903,2.133670444888676,2.133670444888676,2.133670444888676,4.984954072604421,6.241756206744683,3.401104888928987,3.401104888928987,2.716020163815453
GKLFKTMEKGALKAVKKAGPTIASLGAALSLSL,19,10,9,0.5475297027389401,242,Rank,0.1697169219223208,0.1697169219223208,False,,10.172352,15.691102,2.289168,3.4946327,3.001286,9.34509,9.63049,4.719852,5.206731,2.805736,32.570187,1.4164239487242276,1.3611573461750242,1.3611573461750242,1.3611573461750242,2.425152266271512,2.1640759119265813,1.2322083450239993,1.2322083450239993,4.048015502158315
GRFGRVWRRIRKVAQKIRGVKQLVS,19,10,9,0.5485911253758607,243,Rank,0.0967359847377928,0.0967359847377928,False,,5.6822867,7.168739,3.3773074,2.3607218,22.366083,1.7400708,2.014988,15.545364,2.7060485,3.2539575,10.670594,2.7478842254425055,2.09858312611154,2.09858312611154,2.09858312611154,2.4321252732243246,3.2366915824147173,1.8628234737309968,1.8628234737309968,3.631343198279517
GIPIKGAGKKFLKWLKKAGTKLASSLAS,19,10,9,0.5491187032019613,244,Rank,0.0420163148876255,0.0420163148876255,False,,1.9050608,1.8474972,2.3851106,1.9762437,4.5360694,7.2019744,7.0791903,3.2779942,12.157893,12.799303,23.449413,2.34910800786155,1.8479808496287107,1.8479808496287107,1.8479808496287107,2.8960498229056224,3.87220282492094,1.9396809761889324,1.9396809761889324,3.3451271639781117
GLLSKILRGVKKAGKLAIHGVMKVVNPQ,19,10,9,0.5569348595090023,245,Rank,0.15958321157218,0.15958321157218,False,,1.9689701,2.0928032,1.628257,1.474758,2.6783304,2.3964674,8.675879,4.931498,3.7881706,3.0028613,21.343662,4.961584790597159,2.354598970243905,2.354598970243905,2.354598970243905,6.726031675913111,5.22336319841368,4.940392661416611,4.940392661416611,3.7559591440878126
GKLFKKLEKAGRKILNAIQKAGPVAAVVKGAV,19,10,9,0.5614806462511167,246,Rank,0.1200773902821316,0.1200773902821316,False,,4.3884664,3.7860935,2.2256145,1.5250198,4.048565,2.8405373,2.444565,5.621614,5.8578916,5.319529,18.54838,2.527934288765652,2.224180328212883,2.224180328212883,2.224180328212883,4.2043439197875765,3.594288403669312,3.2153667783015556,3.2153667783015556,7.579677226739531
FKSFKRLVKKIRKFFKKV,19,10,9,0.5616856681416353,247,Rank,0.1586468613848892,0.1586468613848892,False,,2.4367115,2.723585,1.5819396,1.7156569,1.8244112,2.5621545,3.9119594,8.535039,1.6066778,1.7275773,20.372227,5.048668506576833,3.718433379080208,3.718433379080208,3.718433379080208,4.685942879986819,4.3242258162330165,5.7764567970667615,5.7764567970667615,6.139458172923367
GWLSKLKKIGKVVGKVAGHAVQNILGQG,19,10,9,0.5652804708910983,248,Rank,0.0821499671244886,0.0821499671244886,False,,2.3651779,2.226648,1.8908035,1.5367486,9.781251,4.5845423,13.831071,7.171871,5.764506,9.006529,19.06771,2.8631921779150504,1.5955214415527523,1.5955214415527523,1.5955214415527523,3.0542343139891046,2.758888305137685,2.3312525527605827,2.3312525527605827,5.632153545438523
GTLWKNLAKKAGQLIKKAGPKILNAAKALQQEN,19,10,9,0.5711415548204124,249,Rank,0.1341504544458318,0.1341504544458318,False,,1.5678064,1.9089595,2.3030117,2.0874422,2.196814,2.1896162,3.5508957,4.2699375,9.877369,11.422357,28.156923,3.256679823370808,2.8817697509616207,2.8817697509616207,2.8817697509616207,5.13934975741676,4.388538550203315,2.6223521351815027,2.6223521351815027,6.570001082737305
TLKKVGKKVGPVVAKIGLKALKALAK,19,10,9,0.5718385055444244,250,Rank,0.160034004569364,0.160034004569364,False,,4.2700195,5.2622824,4.9705977,3.6753857,2.928046,2.386585,2.8228312,4.0159807,6.090315,2.955156,23.089392,2.647590883757792,2.12563163629538,2.12563163629538,2.12563163629538,4.794165888861877,7.130715056671553,2.7532035446269574,2.7532035446269574,3.0701027048426
GKLSRILRKIKQILKKYRKL,19,10,9,0.5719968797570383,251,Rank,0.1512186354338239,0.1512186354338239,False,,4.806126,5.2355967,2.4062731,2.7586243,5.985786,1.6035867,2.3439891,5.8947563,3.0679634,2.7508383,19.373276,2.9044752535918277,3.5275084780505694,3.5275084780505694,3.5275084780505694,4.501260430837929,4.258478513655646,2.445154914253699,2.445154914253699,5.203699030097143
GIIASKIGVGKWKKVVQKIKNKIKNFL,19,10,9,0.5730866231765681,252,Rank,0.0259917861032888,0.0259917861032888,False,,1.697866,1.4953456,2.0496058,1.9423765,1.3694739,1.8318425,4.244432,6.266166,1.3351902,3.9546485,18.392775,5.162054156067055,3.459869342896822,3.459869342896822,3.459869342896822,11.820562783311084,9.001731059678972,5.232034590988189,5.232034590988189,7.09929143559669
GLNWKKLLPKILKHIARHF,19,10,9,0.5732750576347658,253,Rank,0.0895392779342224,0.0895392779342224,False,,1.5425433,1.6274139,2.6296701,2.8142767,3.9866555,3.53223,9.190935,1.8370438,8.107851,3.3499935,33.169376,4.4103865206003645,2.203110871643731,2.203110871643731,2.203110871643731,5.030092766163279,11.15260382685011,3.030311085476226,3.030311085476226,3.0210742460847895
GWKTFKKLGKKLKKSVLRAASKAGPALAVTNA,19,10,9,0.5738384138694415,254,Rank,0.0835733273338292,0.0835733273338292,False,,3.5733392,3.4987235,0.9720245,0.7825101,2.4130194,5.7860336,5.4791813,3.1634154,8.580131,6.2691946,16.300207,2.942478198480625,2.9553078064171796,2.9553078064171796,2.9553078064171796,4.246007031912562,6.088286979323899,2.6438938361902653,2.6438938361902653,10.824791414724325
GKFKKLLKKLKKLLPSII,19,10,9,0.5739588155488049,255,Rank,0.1108454734737793,0.1108454734737793,False,,2.851111,3.35432,5.5897613,5.5044928,5.575182,3.868134,5.2037106,2.9342499,4.13752,2.6136289,23.149063,2.755020530298518,2.6362291960539603,2.6362291960539603,2.6362291960539603,3.9474776106027014,2.901550229138797,2.4303254413788813,2.4303254413788813,3.6392002191438118
GKLGKKLGKKVGEWLKKFGQKIRVGLEVAIGIP,19,10,9,0.5742412252903539,256,Rank,0.0759245822485521,0.0759245822485521,False,,9.921898,10.38658,1.3659397,1.2435684,11.187941,2.1393306,7.6104693,13.167816,1.1879585,1.9434004,16.504631,3.674548337101886,2.578521660843978,2.578521660843978,2.578521660843978,5.133273245381517,2.997376815420071,2.8387634318082955,2.8387634318082955,2.4435592264481087
GSLGSLLKKLAKKFAKKIAK,19,10,9,0.5772507638040986,257,Rank,0.1457829684926412,0.1457829684926412,False,,1.2215198,1.199877,4.806743,5.9025383,6.4401054,1.8106512,2.707653,4.532025,7.673385,4.296507,31.669336,5.136474149566658,2.173023461099012,2.173023461099012,2.173023461099012,6.299703386570344,3.3186459872143876,3.7748630252501174,3.7748630252501174,3.5957705741929122
GQKKSIMLWKKLKDSLKKGAQKLLGKGIKVLA,19,10,9,0.5787843531046231,258,Rank,0.1758136273975878,0.1758136273975878,False,,2.0660646,2.3155797,1.889028,1.1136076,2.4232352,4.669295,6.3148384,5.025483,9.025255,7.951265,20.056389,3.3952126517128955,2.070761310127363,2.070761310127363,2.070761310127363,8.363649520676958,6.104542396926212,3.1541853558937536,3.1541853558937536,4.72603581315142
GNVRRTLSKLLKKWKRIGRHVFRGFQVEVGIEKL,19,10,9,0.579124037925201,259,Rank,0.1025562370490409,0.1025562370490409,False,,5.6009154,5.068176,5.5979176,7.0408993,3.2782805,3.4087496,5.110078,24.09572,6.346248,7.5847015,6.8296204,2.3970335178326416,1.3185758055950219,1.3185758055950219,1.3185758055950219,2.976899963441825,4.186890643308714,1.7475900088609995,1.7475900088609995,3.6118550842185613
GFFGKVMRWGVKRIPKLF,19,10,9,0.5794996758697895,260,Rank,0.1214542598692949,0.1214542598692949,False,,2.8802023,2.6228945,7.1681232,4.158094,1.5569402,3.425347,8.113692,7.0675106,2.5466604,4.97686,17.009836,6.632683103861054,1.780666693059196,1.780666693059196,1.780666693059196,3.2228350424947494,6.4220501505868395,4.490392093916763,4.490392093916763,1.6768119839488347
GFWAKLFKKVGQRIKNHLK,19,10,9,0.5817611057085631,261,Rank,0.0736479945938047,0.0736479945938047,False,,2.2912471,2.2888255,2.4059787,1.960524,6.5227184,4.862887,8.034087,3.431298,1.6017797,2.6329646,18.002243,4.134099546438384,2.9470143886046674,2.9470143886046674,2.9470143886046674,6.149756735924494,5.496395462470286,3.7680357289333504,3.7680357289333504,5.177113957541255
GINLSKLGRKVLKAVKKYGPALVVLKGVLNP,19,10,9,0.5819137728764637,262,Rank,0.1429026253918495,0.1429026253918495,False,,4.3126144,3.690159,1.659484,1.1439701,3.1003938,7.9933953,15.127802,1.7493798,6.8293858,5.6729703,24.03405,5.175572333118597,2.3546850929957523,2.3546850929957523,2.3546850929957523,3.2719821048698776,4.092270613323468,3.489898725815641,3.489898725815641,2.1385380764413484
GKLGKMFGKAASKAGLKILKVGQSVLNSLASGI,19,10,9,0.5822381152323525,263,Rank,0.1699659788268423,0.1699659788268423,False,,1.7682958,2.6857545,2.4523962,1.9080304,1.7944876,7.994578,10.43295,6.192495,5.333888,13.497955,20.182198,2.3784409726248557,2.3093344081481018,2.3093344081481018,2.3093344081481018,4.130274882218716,4.625263255810548,2.249018327411428,2.249018327411428,5.20980885708228
AKILKKLKKLFKFTPKILPHLT,19,10,9,0.583765783781433,264,Rank,0.0926890175867382,0.0926890175867382,False,,1.8561739,2.242751,2.8389463,3.0133371,1.1240371,3.857223,6.0633,3.6111038,11.528162,1.7904276,29.918562,3.6757977315924255,2.837756090951438,2.837756090951438,2.837756090951438,6.937787202468885,5.286535037514785,3.237128723408626,3.237128723408626,7.025225295114305
GRFWKRIRKFRPKVIKSGVKAIA,19,10,9,0.5870401528538838,265,Rank,0.0970377586871048,0.0970377586871048,False,,4.7009344,3.976272,13.194507,8.884842,1.5810068,3.314018,2.7248452,3.5983722,11.569387,6.1216354,32.390194,1.6235674421164206,2.621061836597925,2.621061836597925,2.621061836597925,2.982396744252195,2.3365852070314426,1.7187629241203648,1.7187629241203648,3.542345320205033
GRFGRFWQKIKKVGTKFYKKMVQQEKER,19,10,9,0.5919209948705528,266,Rank,0.0982761941448382,0.0982761941448382,False,,1.1839503,1.165419,1.8999089,1.653555,5.5701785,6.3361883,4.847745,14.479704,4.2370067,10.024024,19.188255,3.7263791047663517,2.870657488153401,2.870657488153401,2.870657488153401,4.8002481092284635,3.394682413380631,3.112313438873415,3.112313438873415,5.6605532100340605
GGLKSLLKKLRKLIPKIAR,19,10,9,0.5936213809583247,267,Rank,0.1368310331544551,0.1368310331544551,False,,1.6002371,1.9218444,5.785307,2.305416,10.276703,3.927906,4.0516844,4.4188337,14.326626,4.1177583,25.090176,4.300813833297724,2.139113713595343,2.139113713595343,2.139113713595343,3.6194126159907625,4.847905513488794,2.5318499990187227,2.5318499990187227,3.5880811838283053
GRFWKRMRKVGKAIRRINGIL,19,10,9,0.5942183856025347,268,Rank,0.1208972025928484,0.1208972025928484,False,,2.7704892,2.958755,4.1271424,3.0859308,3.3182967,2.3334758,4.404991,3.2877984,3.3191762,5.285817,23.196266,4.264440606333486,2.5022272799148797,2.5022272799148797,2.5022272799148797,5.74713645177348,3.57505213996026,3.748373709198384,3.748373709198384,8.338258293207216
GFWGKLMKKLGKALASLR,19,10,9,0.5947653032411246,269,Rank,0.1755155893018437,0.1755155893018437,False,,2.065006,1.6121513,5.006976,3.972027,16.672256,8.511407,11.9590435,5.675136,3.6171238,4.519727,8.203458,2.6916299701966286,2.226909320682622,2.226909320682622,2.226909320682622,3.45007806734755,4.415309164219706,2.4120105554573725,2.4120105554573725,3.488018794797575
FGKVRRGLKKFLRKIAKFF,19,10,9,0.5953336818332949,270,Rank,0.1322589710297008,0.1322589710297008,False,,4.526647,4.150435,6.683974,4.9203515,2.1105094,3.7410634,8.161666,14.382106,3.0657446,4.805931,22.252275,2.5487113989460415,2.52385438010885,2.52385438010885,2.52385438010885,2.6846379688279427,3.5932427655771804,2.076123442970756,2.076123442970756,2.521789034309607
IGIINIFRKKIVKGIKKFL,19,10,9,0.5960004725319246,271,Rank,0.1010494427766856,0.1010494427766856,False,,1.6325034,1.626828,3.1858282,3.1900322,1.9123588,2.4837167,4.465643,5.574142,2.5586812,3.2164884,24.63381,5.331315894633545,4.631585033843886,4.631585033843886,4.631585033843886,5.238192065917351,6.0054591074268835,5.162990831659471,5.162990831659471,2.894539044979088
ALGKVLRGIVKVGKKIF,19,10,9,0.5966226210423526,272,Rank,0.1105617561500451,0.1105617561500451,False,,5.165241,4.744878,3.2695343,1.8568236,3.9363577,5.2985373,13.702053,7.144235,2.9399188,2.823206,18.766005,3.202252793159559,2.347257500348952,2.347257500348952,2.347257500348952,5.055863193120911,3.5495868972142,2.7524275238671176,2.7524275238671176,3.2128903177073624
GTMAKLWHKIIKIGRKIGHSLK,19,10,9,0.5974056278165112,273,Rank,0.1261994165426916,0.1261994165426916,False,,2.0109203,2.7007618,2.055698,2.307383,3.660948,7.325601,11.653703,2.750122,5.200517,3.0170472,19.78386,3.3841423935093933,2.51144075248252,2.51144075248252,2.51144075248252,6.081390622848533,7.469905297170688,3.3916581911214143,3.3916581911214143,4.608933530162628
GVLKKLLKKIRRAIKKFQK,19,10,9,0.597666456564877,274,Rank,0.1216952224244195,0.1216952224244195,False,,1.8979388,2.2402978,5.7025347,3.9472685,5.3182616,1.4588624,2.4713314,5.9394555,3.8231487,3.6052876,20.295149,3.4933840162545553,4.150789255746534,4.150789255746534,4.150789255746534,4.668254503015832,4.039254230140449,3.5933897284042806,3.5933897284042806,4.84237960956787
GIRRKLFKKFKKIGKVVKVLVTTGLPAL,19,10,9,0.598112058637031,275,Rank,0.0791560955847192,0.0791560955847192,False,,3.6898613,3.4293063,1.9751816,2.1205158,3.0255458,2.040387,4.2386274,3.595749,3.6969929,6.0783925,28.652994,3.039768068594665,3.2256489655751315,3.2256489655751315,3.2256489655751315,5.98459491899875,6.148566780147711,3.0885975509014694,3.0885975509014694,7.972876255777429
YGWKKFFHKGKKFLNNFVK,19,10,9,0.5991869802396804,276,Rank,0.1469952529753998,0.1469952529753998,False,,5.1503825,5.0185494,3.5594702,7.8157096,1.5640997,2.4490967,6.0095835,11.588476,1.329968,1.4898808,21.565727,5.261588752097614,1.9343657810976902,1.9343657810976902,1.9343657810976902,6.6992006023679656,5.670551168908263,4.44874330672739,4.44874330672739,4.104068605275341
GTLKKLLGKLLKIIKKKAG,19,10,9,0.5994747270745291,277,Rank,0.1001335360103076,0.1001335360103076,False,,1.0283072,1.1881422,4.118809,3.1104553,14.220781,3.6105947,4.672029,5.715527,12.38759,10.586918,25.193914,3.522242151302971,2.3817839898611135,2.3817839898611135,2.3817839898611135,5.120490968857232,3.1940180816686,2.449140374787859,2.449140374787859,2.9484169930772772
GINFKKLISKILRAIKKFR,19,10,9,0.6025936410759276,278,Rank,0.0666194012007863,0.0666194012007863,False,,2.0102797,1.8277609,4.441742,3.9394453,6.5774875,2.803445,3.9726229,3.8229094,3.2491894,2.6405668,18.288513,4.5199621399667524,3.8925250723786506,3.8925250723786506,3.8925250723786506,6.2552973517333275,5.553838703566919,2.8408540447452633,2.8408540447452633,5.336621860098582
GHKLWSKGPKMPNGLSKYLSFGRKFVKGVIRGVV,19,10,9,0.6050714456683719,279,Rank,0.1328552547686095,0.1328552547686095,False,,8.694202,15.382654,6.193536,3.5325224,2.540055,2.9217856,3.5070746,16.778942,3.8661458,4.395428,8.335751,2.2533413314833743,2.0447271240249347,2.0447271240249347,2.0447271240249347,6.078783769386954,3.755359166616646,2.271549312812991,2.271549312812991,3.0752013329198253
GYFKIVLKRVRNLAKKF,19,10,9,0.6060563651747115,280,Rank,0.063909246984751,0.063909246984751,False,,1.5448874,1.5535392,2.7915337,2.347667,5.791166,4.513384,6.9903255,2.443799,2.7045016,2.7019625,19.6065,3.9343895895899137,4.937373580586284,4.937373580586284,4.937373580586284,5.499818266238261,6.800007605738082,3.6689431483008152,3.6689431483008152,5.509675998049847
GFFRKLMKKLRKFFPKL,19,10,9,0.6064941377739916,281,Rank,0.160637137373147,0.160637137373147,False,,2.83189,3.0651038,5.5698476,5.253652,1.5603676,3.2832086,4.5147495,4.343471,2.343148,3.8253143,18.583273,4.3075540237771435,3.865358624600366,3.865358624600366,3.865358624600366,4.477343429033538,5.599363553805918,3.264370383058168,3.264370383058168,4.774341434078447
GLKLFKKTVKLLKWL,19,10,9,0.6070369684918424,282,Rank,0.0951777187051697,0.0951777187051697,False,,3.0363157,2.807873,3.5030463,4.323129,2.6710594,6.9760766,13.7069845,1.5781364,1.9114461,2.3232021,16.118164,3.712525839750714,4.23567827124391,4.23567827124391,4.23567827124391,3.620463881982328,5.253572051015275,3.7786489802627745,3.7786489802627745,4.845009446445997
GKFSSFRRKLKKILKKIAK,19,10,9,0.6072321365832929,283,Rank,0.1723417741485574,0.1723417741485574,False,,1.510363,1.4367629,2.7376516,2.1211746,3.1828914,2.1153162,2.3955948,1.6618341,6.9281344,3.472166,25.166122,5.521674404569537,4.680489815612511,4.680489815612511,4.680489815612511,9.414705486760699,5.17887211167365,5.742829835005845,5.742829835005845,7.4946598253863685
GALWKTMLKKAGTALRGVAKTVVNTAVN,19,10,9,0.6074433841891215,284,Rank,0.1436776074597524,0.1436776074597524,False,,1.6832883,2.4887724,1.9803922,2.2347734,13.705254,6.9944606,9.101251,6.2661867,11.536538,8.491537,40.342503,2.494273175894731,1.7585060247636475,1.7585060247636475,1.7585060247636475,4.048928404853653,4.484418127991182,2.0877697373806026,2.0877697373806026,3.2762869522512568
GKWFKILKKLVKKIR,19,10,9,0.6094848360217684,285,Rank,0.0636128692683704,0.0636128692683704,False,,3.5204086,3.3701658,3.2922966,2.923979,4.4611797,6.8011017,9.261356,3.2759874,1.8895204,2.957043,24.800943,3.5808505172501746,3.0004299437416284,3.0004299437416284,3.0004299437416284,4.938926949835817,4.071890093421976,3.302967712446007,3.302967712446007,5.005897630205732
GKWGKILKGIEKAATKIPGQKALQLALKQLR,19,10,9,0.6098863570014235,286,Rank,0.1655861056134105,0.1655861056134105,False,,5.1464777,5.7679367,3.411288,4.8085485,9.016836,16.757338,14.939849,6.604597,4.371333,10.047781,12.739342,1.7075215924745777,1.5574332982853971,1.5574332982853971,1.5574332982853971,2.94345888474138,2.6959947849915724,1.5373712458247906,1.5373712458247906,3.2081324402755738
GLNWRKIVSRLRKFLRA,19,10,9,0.6111945125362392,287,Rank,0.0778356788959141,0.0778356788959141,False,,2.9296052,2.756766,4.1707582,3.1765141,6.9352045,2.9813519,6.216373,4.054704,2.7343261,3.0025287,22.08912,4.049075666503493,3.14142652989918,3.14142652989918,3.14142652989918,5.292508228861826,9.787198631830067,2.539418177953554,2.539418177953554,3.949169380967784
GKLLKKLRKIIGVKTKPWKIR,19,10,9,0.6112871699216031,288,Rank,0.1225247894638967,0.1225247894638967,False,,7.71359,7.92588,3.6690106,2.706221,2.1959424,2.3294477,3.9085507,3.8239825,9.650097,8.2334585,28.234543,1.9933587259733894,3.8624960447921692,3.8624960447921692,3.8624960447921692,3.6906504072958866,3.567612696281638,1.6824320977188798,1.6824320977188798,3.772953864600671
NLPFLNLVKKVGAKAIKAMQGIKAIGKNIASAI,19,10,9,0.613746100002455,289,Rank,0.169949582580628,0.169949582580628,False,,1.6779884,1.5868974,1.5520759,1.5293392,1.8936741,4.2855306,6.0628586,5.2199345,2.6802244,5.748029,37.920692,4.71425335747385,4.868414930361229,4.868414930361229,4.868414930361229,5.17907255356495,6.4222317200648895,4.786485593041746,4.786485593041746,4.790728548655209
GYMSKLAKTALKLLPKLKGLISK,19,10,9,0.6163276897457631,290,Rank,0.1410255665214388,0.1410255665214388,False,,1.8256377,2.4401135,4.6738944,2.8741028,4.759977,3.7883203,5.3022785,3.9679673,10.620323,3.3124256,23.07696,3.5976740164864336,2.6611409120432095,2.6611409120432095,2.6611409120432095,6.167848741669778,6.679540827372045,3.2456728012378946,3.2456728012378946,3.9110028865062016
GLPLVKTAKKFLKKLGPTIFKVGAALGSA,19,10,9,0.617264010647695,291,Rank,0.1449504957892779,0.1449504957892779,False,,4.256723,4.6692576,2.4579713,1.3768659,1.8592504,5.852189,8.98018,5.3484764,9.298452,4.861536,32.866894,3.083261527001889,2.7362250811565625,2.7362250811565625,2.7362250811565625,5.19481222370122,5.440730511666237,2.6403391056261127,2.6403391056261127,3.40692084807631
GKLGKKYLGSWKRLFRKVLKAAEQAMQKLPIPAEQ,19,10,9,0.6194732156258272,292,Rank,0.0425382966500185,0.0425382966500185,False,,1.3967798,1.2159774,1.5844905,1.6124326,5.0389223,6.9334126,6.456833,11.046855,8.833491,4.9457974,24.670792,3.6365400626781943,3.184066573914211,3.184066573914211,3.184066573914211,5.686788504840053,7.529848390408794,3.006605778271933,3.006605778271933,4.629177776508818
GIMGTILKGLKTALKGVAKTGLKTYLNP,19,10,9,0.6242403650598372,293,Rank,0.1322211973991817,0.1322211973991817,False,,1.3590751,2.0543826,3.1109905,2.3592544,2.940194,6.889939,13.205518,4.214273,7.3790894,2.1616216,44.68643,5.526418885025335,2.66285401572274,2.66285401572274,2.66285401572274,4.957589214708425,5.091986518845204,4.278291863245267,4.278291863245267,3.845891766749656
FKFWQRNFRKIKGILKKVVK,19,10,9,0.6272751610325569,294,Rank,0.1228290539822538,0.1228290539822538,False,,2.5100133,2.2558446,2.094732,2.8153894,4.0267243,6.0575004,3.4212918,4.1797624,3.1012259,3.0172338,21.14513,3.690446790886632,3.9303990441400956,3.9303990441400956,3.9303990441400956,8.937402834401217,10.776446835365764,3.7842155779403397,3.7842155779403397,4.930417882888259
GKLGKLLEKLGVFIKKKRIKIIPFFPKVIGS,19,10,9,0.6276664699630097,295,Rank,0.0618798483077413,0.0618798483077413,False,,7.7665553,8.562974,2.6825867,2.3917658,1.2241895,3.4329321,7.202086,6.964207,5.285258,6.707429,21.31092,4.450201579048543,2.677162178815119,2.677162178815119,2.677162178815119,3.4430810838147567,4.910326524017531,3.159480426993024,3.159480426993024,3.651261171392538
YWKRFLPKVKKIGKGVVGILTHLR,19,10,9,0.6277213610872743,296,Rank,0.0400267653153392,0.0400267653153392,False,,2.4619682,2.576928,5.0577917,2.6333506,2.890043,8.034913,8.976052,8.891804,7.413361,7.4472685,47.940147,2.7705732913738905,1.3409974453382443,1.3409974453382443,1.3409974453382443,5.711415932643245,5.849261659470274,2.3288052439506557,2.3288052439506557,7.143909709568393
GMFSWIRGRVKKFLQRI,19,10,9,0.6307034232287785,297,Rank,0.129255344761171,0.129255344761171,False,,2.5850017,2.5502746,4.766268,3.6998858,6.173356,3.6727972,6.903918,9.148296,4.0360794,4.590992,17.85635,4.037729455753832,2.744820034646966,2.744820034646966,2.744820034646966,4.484253186962302,6.176090736856713,3.263362498743905,3.263362498743905,3.0312908829540404
GRFKRFQKKLEKAVKKAFQTVLPVVPPITPIGLK,19,10,9,0.6311247267737897,298,Rank,0.0607709224403591,0.0607709224403591,False,,1.8978834,1.0769548,3.8209178,4.6471305,3.2464826,10.78595,10.0924225,12.144152,3.7835617,11.424034,41.833076,2.451143530063791,2.266526836309964,2.266526836309964,2.266526836309964,3.42731068562941,3.349708915114665,2.852717438055796,2.852717438055796,5.583047877902876
GYWQKIKKWLKKIAK,19,10,9,0.631684592660287,299,Rank,0.1699935826337601,0.1699935826337601,False,,1.4043589,1.348526,2.5833342,3.1598568,16.130632,4.525553,6.52504,4.620463,1.8783029,1.5287778,13.191722,6.1308510677342465,3.470759061010722,3.470759061010722,3.470759061010722,9.543479923487455,10.626250805425832,4.940335706129777,4.940335706129777,5.261496320842958
GVLSKLLGKALKAGKKILPHIVGGIVR,19,10,9,0.6322558365599884,300,Rank,0.16677016364699,0.16677016364699,False,,3.7291644,3.8098662,2.7587848,1.8199179,6.601455,4.6274586,11.668241,5.799155,6.0629115,3.9640656,40.18551,3.8241520145692536,2.69362793802867,2.69362793802867,2.69362793802867,3.853227124454325,4.345660568701713,2.962305386131624,2.962305386131624,2.824190373381066
GKWKKFLSRILRKLKKL,19,10,9,0.633182587838788,301,Rank,0.0875690302720365,0.0875690302720365,False,,6.6460915,6.8983655,5.6396985,4.38665,4.033824,5.1863375,7.0877013,3.7262144,3.8889282,4.5892487,16.857351,2.9430244424163203,2.9382096827664923,2.9382096827664923,2.9382096827664923,5.599738586236473,4.019885791768892,2.114359356898567,2.114359356898567,3.2542974923778925
GVLGRVKKIGQKIKNFGKKIGIKILPVA,19,10,9,0.6334628798025944,302,Rank,0.0963073993145954,0.0963073993145954,False,,2.96698,3.2772353,1.8220892,1.4267056,2.158313,1.034701,2.923888,15.223042,7.572594,4.3186903,20.60976,5.430390923437419,4.182841469322277,4.182841469322277,4.182841469322277,6.988449891795234,5.533907039013448,5.7964919293645565,5.7964919293645565,5.339268029332216
GKTLAKLAKKALKKALKFLGQNL,19,10,9,0.6336157402593969,303,Rank,0.1238497721959513,0.1238497721959513,False,,1.1304967,1.153808,2.0870807,2.3415525,3.169593,3.7185004,8.5315075,1.1487663,3.7456295,4.4920254,31.72879,5.649150769723585,5.208526270899603,5.208526270899603,5.208526270899603,11.207720035433283,7.326210110018398,5.723328931661544,5.723328931661544,5.5718275617764155
GLLRKLLKKFRKHFFK,19,10,9,0.6364762325265954,304,Rank,0.1338454635115031,0.1338454635115031,False,,4.9616637,6.274035,4.090166,4.2802157,3.1202354,2.9786432,5.005662,1.9098719,2.3550277,3.0404043,17.171988,3.780004324545261,5.306834147788211,5.306834147788211,5.306834147788211,4.742538302427302,8.03211833430468,3.0167037215079366,3.0167037215079366,4.6006494922084515
GKDTKIFLKRLLKRIKEKFSKKLPELISAIQNVN,19,10,9,0.6373950018801093,305,Rank,0.1460534027814675,0.1460534027814675,False,,1.1784909,0.8946358,1.2997242,2.5336037,9.178738,6.0692787,8.6525545,8.660306,9.301788,4.8102474,20.183456,4.173428093495122,2.6319716172153425,2.6319716172153425,2.6319716172153425,8.093453286273997,12.379853397376497,3.21244586845063,3.21244586845063,5.434418487614988
GIFKKLLKKLRKIFKK,19,10,9,0.6383431617218539,306,Rank,0.1183634636841825,0.1183634636841825,False,,2.503843,2.6022625,4.203203,2.8144028,4.640076,3.77434,5.553728,4.2561846,3.283556,3.5557353,18.887325,4.249310133593015,4.802597996864626,4.802597996864626,4.802597996864626,6.808580381942841,3.5124589901553205,3.70902501830641,3.70902501830641,5.365230557049798
GLFGVIKKLAGRVLKHVMPQI,19,10,9,0.6392689868407361,307,Rank,0.1639973301099835,0.1639973301099835,False,,2.9047308,2.7637243,3.4737585,2.9605353,3.217271,4.838426,15.26245,3.2493591,1.3304178,2.4704964,22.012445,4.582647800628563,4.767038329253797,4.767038329253797,4.767038329253797,4.564333155350856,6.021182653489109,4.679661228139335,4.679661228139335,4.427969194281239
GKWKSLLKGILKALR,19,10,9,0.6404500098658357,308,Rank,0.0896310138940545,0.0896310138940545,False,,1.4370625,1.463714,4.169427,3.9154537,16.845358,9.562899,13.389906,4.065086,3.0308595,5.4307637,14.860231,4.129644583540364,2.2637662266306138,2.2637662266306138,2.2637662266306138,8.228384078345123,7.084617462985935,2.9910430051092747,2.9910430051092747,3.5007157571933414
KIFGKLLGKLKKIISKVGQ,19,10,9,0.6409975389231757,309,Rank,0.1265036810610488,0.1265036810610488,False,,1.7037977,1.7598089,3.6633918,2.8203783,1.831144,2.4492369,3.8418238,6.3471994,5.437696,4.6442676,27.612364,6.4739666641088585,3.6916787911272513,3.6916787911272513,3.6916787911272513,8.012311228531281,4.5226192214483465,6.532296073915434,6.532296073915434,5.551957825419401
GKGKSFLKGWKKWLQRIRK,19,10,9,0.644346403984617,310,Rank,0.1548806021199723,0.1548806021199723,False,,2.63652,2.147265,7.970959,6.1413345,9.927216,5.647112,5.6181197,8.096896,13.106218,6.6899576,21.603271,3.9003883026224275,1.9829564832373405,1.9829564832373405,1.9829564832373405,3.8472221246575167,3.520605707673266,2.3624307350299247,2.3624307350299247,2.5045178928544147
GWLSKIKHVAAKAGKAVLGAVKQLVNS,19,10,9,0.644543032254865,311,Rank,0.1187326905451357,0.1187326905451357,False,,1.5021374,1.5114608,1.8954889,1.6832731,2.204243,7.179012,11.253446,5.5629106,8.312758,3.7120154,38.881958,4.884469272451837,2.5522937397461667,2.5522937397461667,2.5522937397461667,9.054907674520274,12.68898644033411,5.092389071493046,5.092389071493046,3.7333614893567697
GKLKKLLKKLIKSIRKLGK,19,10,9,0.6467429456747491,312,Rank,0.1065859777641995,0.1065859777641995,False,,1.9947749,2.326767,6.2133164,4.194664,8.456748,2.561804,3.5281854,4.58153,4.906044,3.2073774,19.67174,5.137437207270109,3.518347060804972,3.518347060804972,3.518347060804972,7.107562555657917,3.8423221366316733,4.689429893322571,4.689429893322571,4.8847106108380025
GIFKKLLKKVLKSVKKVLPH,19,10,9,0.6493231333948192,313,Rank,0.0581203343339886,0.0581203343339886,False,,2.5771854,1.8039798,3.730102,1.4690241,7.385897,5.836319,9.323384,2.8788424,4.3029184,2.4887064,32.612473,7.711779068654671,3.502677042911544,3.502677042911544,3.502677042911544,5.936122118201114,3.925978233279228,4.885268416289491,4.885268416289491,5.108566378572797
GRFGKLFKRMFKKIKKF,19,10,9,0.6539508225851712,314,Rank,0.1148851764651187,0.1148851764651187,False,,3.8394578,3.483845,5.558423,5.3678555,1.5874712,2.3228843,3.8619962,9.449755,4.479185,6.538697,19.338146,4.508292484450762,4.554087493377046,4.554087493377046,4.554087493377046,4.663805086349168,2.99142438856603,4.520264876585134,4.520264876585134,3.2486435403606913
GKLRKILKKFKHIVTRF,19,10,9,0.6546371328998307,315,Rank,0.1548922247755167,0.1548922247755167,False,,2.3876357,2.5531719,3.6695893,3.3793128,4.0587435,3.0198624,6.7007875,3.2319818,3.847848,2.5656757,39.38767,4.115254432120859,4.113908176007779,4.113908176007779,4.113908176007779,5.996234958922354,7.042221092773053,4.247094568191867,4.247094568191867,7.270472057643858
GIMSKLAKKLWKIIAK,19,10,9,0.6549474508375956,316,Rank,0.0944398876255246,0.0944398876255246,False,,1.5834112,1.8683722,3.4800062,2.7662568,11.514415,5.242974,6.914161,1.6445708,5.375126,2.8116782,20.504581,3.1257902431838507,5.5524927591515,5.5524927591515,5.5524927591515,10.48988647624191,4.986024211907162,3.6086017302249815,3.6086017302249815,5.688210720784616
GWQSVMKKLGQKLKGMIGRVVAVGSGKGIRKGYPR,19,10,9,0.6556571451499893,317,Rank,0.1468026489692364,0.1468026489692364,False,,2.9450154,3.1305602,1.5753337,1.3771832,13.498844,2.1818223,5.208467,17.10406,7.2056203,7.8575845,11.726542,3.597267179660697,2.98056622063213,2.98056622063213,2.98056622063213,6.985609531513683,6.341135858034368,3.6836872353384122,3.6836872353384122,6.504405769122494
TKPLKKLLKILKWLKKKL,19,10,9,0.6565080368137787,318,Rank,0.1244346408267361,0.1244346408267361,False,,7.5047674,7.66798,3.2067115,6.74571,8.290662,1.573075,2.250457,3.1186981,7.7571735,2.0304792,40.615555,3.1806755403034046,3.6938520040286935,3.6938520040286935,3.6938520040286935,5.720030795161338,6.324000459481875,2.79097067349248,2.79097067349248,4.098445474267722
GVFGKILKKVFKAGKKIGKQYRIAIQ,19,10,9,0.6565884222323212,319,Rank,0.1085246782184793,0.1085246782184793,False,,2.3419304,2.028931,2.1435516,1.9918953,1.2087477,2.706408,3.8049994,10.995936,4.1037555,11.505335,16.741219,6.044534924191319,4.334770501327799,4.334770501327799,4.334770501327799,10.111039097290698,13.480323145535445,5.442918817166602,5.442918817166602,3.104003268696276
GVWKKLLKKFRQHLKKI,19,10,9,0.6566358188774586,320,Rank,0.0956893230965411,0.0956893230965411,False,,7.670899,10.442841,3.4008076,3.4128218,5.9316707,3.2476556,4.8914776,1.8310741,5.163231,4.0045004,28.849691,3.7000025104678227,2.4442592349433183,2.4442592349433183,2.4442592349433183,7.2423517317819845,6.001682081124727,3.551656965728643,3.551656965728643,4.788431785926614
GKLLSSLKKSIAKWIRKFGQ,19,10,9,0.6567574490497675,321,Rank,0.1619810069204612,0.1619810069204612,False,,1.8174967,1.9870496,2.7519972,2.5729892,9.245411,4.935871,7.53064,2.6470335,3.0237517,4.230777,19.689167,3.7822518538002514,6.165836081325448,6.165836081325448,6.165836081325448,7.537636226931879,7.330122487044494,3.272644988140871,3.272644988140871,4.440533883488349
GLFRILRKKFKKIVKFF,19,10,9,0.6576450316031272,322,Rank,0.1697758653897242,0.1697758653897242,False,,2.1927705,2.173332,4.760109,3.5617728,8.533822,2.682138,6.7451897,3.9624403,2.9230218,3.6708379,22.78684,3.6044379927740833,5.484972887882484,5.484972887882484,5.484972887882484,4.129326069900265,5.53415464148064,3.9509757473901193,3.9509757473901193,5.5454284757036305
GFLKKLLKGWAKKIANHAIQKQK,19,10,9,0.6580818408354633,323,Rank,0.1144007607858243,0.1144007607858243,False,,2.168902,2.266315,1.657118,1.5736305,5.8906226,4.8685865,5.203139,3.0486352,2.7015276,6.226125,16.326363,5.223652825665194,5.77278418332299,5.77278418332299,5.77278418332299,6.790959089888134,6.417364613935794,6.221360252658244,6.221360252658244,5.345397641041603
KKFWKKLLKGILKK,19,10,9,0.6582364224285537,324,Rank,0.0841118091161468,0.0841118091161468,False,,12.147268,13.53671,3.0954037,3.2284827,4.7345266,3.4339788,5.2867904,4.7290025,4.368407,3.7179317,27.046305,2.8589876687310194,2.908434292869572,2.908434292869572,2.908434292869572,5.892957243881168,3.5254984504223508,2.5902277149736204,2.5902277149736204,5.079640278399999
GVLKKLLKKFAKHIAKHHF,19,10,9,0.6583392815843827,325,Rank,0.1066494872748525,0.1066494872748525,False,,2.1770184,2.200611,2.073482,2.0460925,5.818179,5.5479116,6.558762,1.1317638,9.925896,4.8856335,46.818504,4.032942714352152,4.481183191321896,4.481183191321896,4.481183191321896,7.503646969484447,7.753454695043121,4.026789169604494,4.026789169604494,3.8785257352803626
GFVTLLKKVPKFIRKIKK,19,10,9,0.6595232471320066,326,Rank,0.0934266411189628,0.0934266411189628,False,,4.574873,3.8244607,3.167926,2.2173786,2.3803415,1.7886182,2.7728083,3.8974233,2.1907873,2.1736434,25.346474,10.832385728347107,5.094361759864434,5.094361759864434,5.094361759864434,7.333900062740285,8.321768050308552,7.412506316396813,7.412506316396813,4.730055096378905
GKWSKFSKTTKKMLKNFLKGIASGLLPALTLEEE,19,10,9,0.6608497396500196,327,Rank,0.1440540984804208,0.1440540984804208,False,,1.3956785,1.6617137,1.351587,2.8581574,2.1325548,5.211403,6.8592844,2.4132047,8.180517,6.1854997,16.157091,5.995867933622804,5.212312024741756,5.212312024741756,5.212312024741756,7.877141061943303,5.157230348316844,5.906228028112258,5.906228028112258,10.165474204095071
GLNWSLLGKFLRKAIKK,19,10,9,0.6631470509089993,328,Rank,0.1200290317331704,0.1200290317331704,False,,2.515883,1.9211403,2.9387388,2.6618762,10.390339,6.8763742,8.89635,3.8665566,3.0289044,3.2275093,19.986546,5.935709893457652,3.014816143079633,3.014816143079633,3.014816143079633,6.4770541117624845,10.83598708581403,5.593668916027321,5.593668916027321,2.8250862714109775
GIMRKSLKKLLSSLLKSAAKAFKNAGQ,19,10,9,0.6636227943501234,329,Rank,0.1293701184846713,0.1293701184846713,False,,1.7556857,1.7725501,3.0654113,2.278095,6.044902,2.2046037,3.7959855,4.1571608,7.229398,11.474033,16.252657,4.921250715627247,4.51624658379567,4.51624658379567,4.51624658379567,8.38182390523706,4.093304166433594,5.140165205381849,5.140165205381849,7.395901807222835
GRLRKILGKIRKIVSRIL,19,10,9,0.6636470288936049,330,Rank,0.1402736222172041,0.1402736222172041,False,,6.2823176,5.890035,5.903053,3.7603128,10.344411,4.3048105,9.816811,8.303722,2.0215547,2.1917562,21.854097,2.940469579769278,3.305548082384901,3.305548082384901,3.305548082384901,3.582963405326913,4.853894695556256,2.605520404330094,2.605520404330094,5.178687313966391
GFWSRIKNMGIKIGQAVGKAVGQSIAQAITNAL,19,10,9,0.664346718628434,331,Rank,0.15000386038202,0.15000386038202,False,,1.3325179,1.3175769,2.9831617,3.9178472,4.5897207,10.445246,7.999199,8.578328,7.934748,9.446878,27.252178,3.5782212266003035,2.858085923022415,2.858085923022415,2.858085923022415,4.877605510588544,5.759897029942118,3.085960573865114,3.085960573865114,6.281872921183678
GWLSKLGKIGRAAKNLVRNLASQ,19,10,9,0.6656787788309888,332,Rank,0.166111615681951,0.166111615681951,False,,1.4732889,1.4542626,1.629112,1.8588619,2.91423,9.630802,14.46395,7.6546803,2.9300296,3.20372,26.537476,5.785163412651995,4.071393868763437,4.071393868763437,4.071393868763437,5.877339453482863,6.083267180870781,5.819051035799186,5.819051035799186,8.671481554694063
GRLCKWRQAIMARIVKKIARMGPH,19,10,9,0.6681341063124406,333,Rank,0.1459211950746506,0.1459211950746506,False,,1.3505838,1.2492248,6.2837524,3.3608866,7.006858,2.8801746,14.697735,1.3172501,6.167491,5.8579082,31.511131,4.194176373022879,4.422616027447781,4.422616027447781,4.422616027447781,5.227195606434731,7.144290139814889,4.619255669336298,4.619255669336298,5.030544277881782
GYLGKLIGKALKGGKKIGPHLISKVRI,19,10,9,0.669331235737222,334,Rank,0.111773210443122,0.111773210443122,False,,7.3031154,9.668906,3.2933447,3.1672995,3.7311585,3.6935544,11.183554,7.3419003,8.045223,8.225333,57.25018,3.418250923619614,1.9043344516625298,1.9043344516625298,1.9043344516625298,3.9786467301655417,3.2870864977113996,3.1333918843160125,3.1333918843160125,2.54482758838596
GWLSKNLKKVGTVAKKAGIAVAKAVTPK,19,10,9,0.670402635390025,335,Rank,0.1553714517693002,0.1553714517693002,False,,3.5068803,5.1892514,3.4758205,3.9123406,2.2507305,4.206818,4.2329955,5.1857696,11.530551,5.058325,21.746183,4.698870693900959,2.6652827091125753,2.6652827091125753,2.6652827091125753,5.31989613688522,7.7865020362054995,5.601500345111574,5.601500345111574,3.3921679380571867
GVGRKIVRGIKKLINHFFP,19,10,9,0.6709976557858276,336,Rank,0.1654302375006641,0.1654302375006641,False,,2.749701,2.608999,5.267465,5.4168706,4.303332,3.7848055,14.370962,11.237092,1.9107193,2.5902994,34.911644,5.206315016265763,2.5636110223014827,2.5636110223014827,2.5636110223014827,4.914143722847287,6.819353668430559,4.322913243556026,4.322913243556026,5.146444817124749
GFIKKRLKKLFKSLMKKSAK,19,10,9,0.6712833388033393,337,Rank,0.1388780733622018,0.1388780733622018,False,,1.7677461,1.8380286,5.889283,3.8313155,2.28746,4.134362,4.7157063,2.9152355,9.049285,4.153343,22.550297,4.133569644188008,5.609970973778721,5.609970973778721,5.609970973778721,6.301562553693995,5.05122735391204,4.420899818526922,4.420899818526922,7.2654726321087715
FPKLLKKLLKPILKAIR,19,10,9,0.6720320027334405,338,Rank,0.1253194154800488,0.1253194154800488,False,,2.1133764,1.5084218,5.6563067,3.0141342,5.186638,2.6535544,6.797201,2.0383,9.797283,2.7583516,19.566566,5.276110479620354,5.189144427744052,5.189144427744052,5.189144427744052,8.50583482126027,8.602778452117033,4.7524290903351725,4.7524290903351725,4.131185357487031
GLLKVLKSFAKKLAKQIMK,19,10,9,0.6771888566170958,339,Rank,0.1320215367807236,0.1320215367807236,False,,1.866136,1.9045975,3.6916363,2.452543,3.8717432,2.8343947,5.0882034,1.6210053,2.4842474,3.1519322,17.685827,8.172314128782176,6.611238382754049,6.611238382754049,6.611238382754049,9.178660014740302,7.022447091076565,8.78403374435703,8.78403374435703,7.3830016497960225
KLFKKILQAIKSYLKKLKS,19,10,9,0.6775175802250549,340,Rank,0.0683109126773285,0.0683109126773285,False,,1.7826904,1.8513465,3.1719012,3.8355086,8.203149,3.9006462,3.149483,2.6963646,2.4029021,2.1684518,16.978334,5.744546733134283,7.165756414165624,7.165756414165624,7.165756414165624,10.154762247187845,6.055658210499608,5.774441880288687,5.774441880288687,8.488605403277859
GTLKTLWSKALKAGKKALKTLAK,19,10,9,0.6801703899423288,341,Rank,0.1161310836299877,0.1161310836299877,False,,0.9938298,0.9792596,4.4254017,4.1991243,3.338733,4.1804876,4.062866,3.108133,11.142751,5.5017123,25.235033,7.527261120565928,3.7472014731210157,3.7472014731210157,3.7472014731210157,8.086542717957187,10.448281768207037,6.873868785439895,6.873868785439895,5.146159470698178
GKWKKFKNMKKFLSTLLKLL,19,10,9,0.6802517476246385,342,Rank,0.0505649855879071,0.0505649855879071,False,,5.598144,6.713618,2.9400227,3.0757413,4.6876235,3.4567723,4.435998,2.211012,4.6459327,4.041133,20.483053,3.9531106228916633,4.385804942008121,4.385804942008121,4.385804942008121,10.305482220505002,6.8729744980323755,3.356556227000723,3.356556227000723,7.285666968305021
GKRKKLLGKLRKILGLIRNL,19,10,9,0.6804557119661291,343,Rank,0.1641307831013229,0.1641307831013229,False,,9.818658,8.540598,2.980442,2.0833828,3.409645,2.7421505,7.7896724,7.258487,7.381231,5.955745,20.582365,4.006832647486707,3.2116660262649317,3.2116660262649317,3.2116660262649317,6.9935927101857835,4.231275282894122,3.136252751413443,3.136252751413443,4.224857387580065
GWLSKTLKHIGKAALKAVTKAATQPVI,19,10,9,0.6816755238291261,344,Rank,0.1158872154109771,0.1158872154109771,False,,2.430759,3.3109658,1.8147175,1.6266259,8.286267,5.794948,10.512736,4.3848133,12.190939,11.337459,57.859478,2.9783599160023506,2.9427516106819334,2.9427516106819334,2.9427516106819334,4.941299966303885,5.402039725670885,3.292918530341669,3.292918530341669,4.6549547479667135
GKLGRKLEKFLKKVEKAAQHIFNVGIRAGQVLA,19,10,9,0.6826292727678236,345,Rank,0.0789470953323415,0.0789470953323415,False,,7.623202,8.379291,1.8957857,1.8231659,3.1132467,5.4725666,13.508092,6.379583,4.554888,8.530935,18.21988,2.686727538894006,3.3400914043710777,3.3400914043710777,3.3400914043710777,8.462995107616015,4.973403821390694,2.974393049850018,2.974393049850018,5.2522022816047835
KTMKKTFFKKLIKSLIKGGIKLISGASD,19,10,9,0.6835917905767417,346,Rank,0.1665904275808937,0.1665904275808937,False,,1.5075802,1.5068576,3.6671107,3.767678,1.4226758,8.329033,7.931939,5.0780544,5.923129,7.564216,19.113522,4.922261241558018,4.791995065702425,4.791995065702425,4.791995065702425,11.568597246291242,5.600393416183499,4.664838294483621,4.664838294483621,4.794751521646582
FKRIKKFFKKIAKSLL,19,10,9,0.6844022675649368,347,Rank,0.1374038640348546,0.1374038640348546,False,,3.0075963,2.944699,3.9143243,3.2164984,9.141998,4.5063024,4.531129,6.8006134,3.7772267,2.4022338,30.684172,3.894463736697026,5.627279674956379,5.627279674956379,5.627279674956379,6.591243292371833,5.656659267129851,3.7361693860883327,3.7361693860883327,3.425330015696433
GISGSLSLKTLKTLFKKGLKIAKNVLS,19,10,9,0.6850193234214755,348,Rank,0.0634812842038148,0.0634812842038148,False,,1.4781641,1.4581469,2.7717612,2.3509178,3.6023896,3.1814866,4.604902,3.9200685,3.8736103,3.153464,21.416716,9.288045975122847,5.806146656969595,5.806146656969595,5.806146656969595,11.712192601140794,8.384686493270934,9.990614120568543,9.990614120568543,3.7032244179784546
GIPFKIFKETLKKLGKAVLKAATPKVSQ,19,10,9,0.6860621765939516,349,Rank,0.1246851505632006,0.1246851505632006,False,,2.587817,1.7506316,1.8759404,1.4601309,1.5429924,5.644146,5.752117,3.8858364,11.743812,12.88297,31.626787,4.942507252022462,5.060668587206951,5.060668587206951,5.060668587206951,8.13518156992132,6.810062568302445,5.164884540622168,5.164884540622168,4.809937095196814
GLFKKLKRFFKSHFKKL,19,10,9,0.6864236982617804,350,Rank,0.0941746420222092,0.0941746420222092,False,,3.3064528,3.554118,4.595554,3.6329224,1.9486887,3.7302465,4.7870336,2.8340917,1.8205991,1.9408264,17.632608,5.720417049993203,8.99513869352911,8.99513869352911,8.99513869352911,8.421478343855144,6.765020208808017,4.728171564752305,4.728171564752305,8.371681557673874
GMLDVIKKAGKALGKLAKKFLKKK,19,10,9,0.6871431313456862,351,Rank,0.0671249867169651,0.0671249867169651,False,,1.0867534,1.2128373,3.2774014,1.8798376,1.6458274,2.9455492,5.39492,4.391555,8.397445,7.5359316,21.770712,8.068749459993473,6.818180124984695,6.818180124984695,6.818180124984695,7.051770861910252,8.771668560550129,7.985559769794398,7.985559769794398,4.267423025113195
GRLKKFGPQLGGGLKKLVSRVFKGARAGLGCTK,19,10,9,0.6900213954152299,352,Rank,0.1130340610222623,0.1130340610222623,False,,12.306759,12.497656,2.6802826,2.0052369,10.261473,3.0810287,3.465529,15.195117,6.5476346,6.739483,16.489439,3.366420735099122,2.4091954157198483,2.4091954157198483,2.4091954157198483,6.688169176839972,5.541837336498602,3.1582346593993416,3.1582346593993416,3.623924881440351
GPVWKLFKTLAKKAGKAALKHR,19,10,9,0.690091439373328,353,Rank,0.0743115236969342,0.0743115236969342,False,,4.0979676,5.1475563,1.5546883,1.881488,26.466112,4.10387,6.117042,1.7842885,6.6785965,4.2492094,11.502101,6.4548473880334765,3.4464491396530503,3.4464491396530503,3.4464491396530503,10.411147811957433,6.3704852701246475,6.180808785483266,6.180808785483266,3.963603757206198
AIWKTVFKNVKKIAKTAGPAALNAVTN,19,10,9,0.690792851546686,354,Rank,0.1759174011078051,0.1759174011078051,False,,2.4144278,1.9523621,2.1952271,1.8999144,2.1987,5.6854835,7.7693048,6.803595,8.406489,3.4635856,62.338936,7.197671795277114,2.7382770090654662,2.7382770090654662,2.7382770090654662,7.683381654446886,11.598692041230972,5.496418093062235,5.496418093062235,6.975412170659923
GFLSKLKGWGIKVGKHVVKNLL,19,10,9,0.6908831529064715,355,Rank,0.0431152784788268,0.0431152784788268,False,,4.999322,3.0571096,2.3587224,1.6493049,7.1665215,15.44353,21.517902,3.7315829,1.6334536,5.8296824,14.39013,6.97040134526472,3.2257423773533347,3.2257423773533347,3.2257423773533347,6.922679328543983,5.10539828085356,4.627635451230368,4.627635451230368,5.125423911746618
GKIKRILKKLKKHILKLF,19,10,9,0.6912209296902994,356,Rank,0.1117655311885659,0.1117655311885659,False,,4.862705,5.312464,3.517129,3.2781854,7.160099,7.7860456,10.788967,2.1565115,2.6749845,2.4241807,26.855001,4.4794405665638015,5.679519063206313,5.679519063206313,5.679519063206313,4.5922643737911075,5.826580635471269,3.653110759536517,3.653110759536517,3.3854700686495884
GWLKSLLKKLKTKIPKII,19,10,9,0.6926285840744416,357,Rank,0.1223550156739811,0.1223550156739811,False,,4.3662157,4.1969,7.079367,5.786691,4.3977537,3.8996303,9.015744,3.3928711,5.499869,2.781314,38.867893,4.304463213428165,2.8432103611031967,2.8432103611031967,2.8432103611031967,5.649676458686021,7.198657729896996,3.7636043510682153,3.7636043510682153,5.336635043736449
GVWTTLLKKGLKALAKALAK,19,10,9,0.6941047508530133,358,Rank,0.1445424575607034,0.1445424575607034,False,,1.4556845,1.7948605,2.4415884,2.6286457,6.245753,6.482995,8.247219,0.8817266,7.8876867,3.7908916,57.596756,6.143136417839987,4.559673637016465,4.559673637016465,4.559673637016465,14.408960011059792,4.6198351530418815,6.304190535514629,6.304190535514629,5.818249262202093
GVWKTILSGIRKYGYKIARMVQ,19,10,9,0.694133149407064,359,Rank,0.1412163026008182,0.1412163026008182,False,,1.7699639,1.5788915,3.8930006,3.7977035,4.1564403,4.4020743,12.856274,11.393536,3.3174596,3.8782969,17.953773,4.397005464080371,3.609602297552419,3.609602297552419,3.609602297552419,6.862156056071596,11.896930463269072,4.422567469242024,4.422567469242024,9.036625585456099
GRLKRIVKKIWSVMR,19,10,9,0.6941375634451166,360,Rank,0.121834901838372,0.121834901838372,False,,2.7551324,2.7632751,6.219593,4.587158,9.441885,3.8003533,8.186672,3.2094667,4.9935813,3.4807816,26.614763,3.962265238957765,3.226188666212583,3.226188666212583,3.226188666212583,7.612667148579844,6.5522634175445,3.930826832791345,3.930826832791345,7.858427924543465
GKLRKLFKKIFKHIAKSG,19,10,9,0.6942372199526283,361,Rank,0.0953811151771956,0.0953811151771956,False,,1.9232669,2.523008,3.5491004,3.907883,2.0394428,13.009966,10.986253,4.222086,2.9848368,4.6779213,31.096622,6.575850296492988,3.5358745027027942,3.5358745027027942,3.5358745027027942,6.21863024227982,5.528245587601663,6.203715766944091,6.203715766944091,5.5443037120134795
GLFSKITRNLRKVLKKFK,19,10,9,0.6942473643906186,362,Rank,0.0921471112719834,0.0921471112719834,False,,1.6885922,1.6933737,3.582399,3.0171275,10.306172,1.8400162,3.0529442,10.3099575,7.2324786,2.9495099,24.181377,6.945265803992402,4.541103025750198,4.541103025750198,4.541103025750198,8.887306650080573,4.66440168171134,6.76966412010283,6.76966412010283,6.525532618733854
KWFIAKQKKWFKKFL,19,10,9,0.6948377907095946,363,Rank,0.1426672666170766,0.1426672666170766,False,,6.374476,5.8032737,3.5229692,4.451125,2.4798946,3.3803463,2.5363154,2.2692525,13.65584,2.8957849,23.991154,5.755655104308968,3.530390240384359,3.530390240384359,3.530390240384359,11.188066773700914,6.802643658193174,5.964803508843912,5.964803508843912,4.329674995025297
GKWFKRLFKSLRKSL,19,10,9,0.6957008467704165,364,Rank,0.1147982140959566,0.1147982140959566,False,,5.9375052,5.457616,5.8742814,5.239219,6.964917,3.2436743,4.2099886,3.602402,3.2514696,3.1641462,18.366066,4.162642837474123,4.880116503557603,4.880116503557603,4.880116503557603,8.127320666151247,4.040156839641894,3.6130043186394225,3.6130043186394225,6.127279408521223
AFKRILKIVKRIREKL,19,10,9,0.6958069028275509,365,Rank,0.1568589441315552,0.1568589441315552,False,,2.6907504,1.7705127,3.6333318,3.057366,14.794798,4.7982283,7.5130634,4.6069117,3.5459137,2.4502,32.103455,3.548698911568428,5.919203736985565,5.919203736985565,5.919203736985565,8.276378838217063,8.444169549022895,3.275414291556691,3.275414291556691,4.119324112057583
GILKKLLGKAKTLAKTAGKLI,19,10,9,0.6962550565203893,366,Rank,0.17188454718134,0.17188454718134,False,,2.3800662,3.307858,6.314522,6.029735,5.025319,5.9359365,10.617807,5.849558,14.990058,13.4875965,25.242523,4.216802985612639,2.1249434065120196,2.1249434065120196,2.1249434065120196,4.103616894061863,4.065214014247853,3.7513900824461714,3.7513900824461714,3.125971714754386
GFFSKLLGKGKKFWQRIKK,19,10,9,0.6968682500567814,367,Rank,0.1723125099622761,0.1723125099622761,False,,2.2434077,1.7037746,5.076996,4.823209,3.4556966,22.943363,10.64476,8.030768,1.732289,3.6997726,12.221959,6.782978205061049,3.3334542704105434,3.3334542704105434,3.3334542704105434,9.062001518782376,4.782537818323292,5.727653940175576,5.727653940175576,4.876855811280626
AKLFKKLLKSLRRHVVKN,19,10,9,0.6973998826281671,368,Rank,0.12998549658626,0.12998549658626,False,,2.842463,3.870239,3.3649557,3.672504,7.204853,4.2737994,5.5978966,2.998963,12.817694,6.9129725,31.59927,3.8128122678653176,3.786708306014726,3.786708306014726,3.786708306014726,5.694573673082206,5.05742052379325,3.4491188792567637,3.4491188792567637,6.356218447112935
GSLWSKIKEVGKAALKAAGKAALNSVT,19,10,9,0.6977344777308228,369,Rank,0.1005399138595186,0.1005399138595186,False,,1.5574186,1.7254031,4.930256,2.6718955,9.717812,7.3255186,7.1230025,7.2183514,5.705354,6.275734,48.824776,5.395337167592994,3.1229631363015136,3.1229631363015136,3.1229631363015136,6.07985674977233,9.614302570724261,4.031809305071368,4.031809305071368,2.5472940647202407
GFLDIIKKAGKAIGKVVKKLF,19,10,9,0.6993954042507682,370,Rank,0.0724780497848148,0.0724780497848148,False,,1.3247408,1.2888128,4.2490315,3.0279057,7.723972,3.2644036,8.052445,7.30288,7.9585657,3.5654879,22.84023,7.326013037805788,4.710336713388898,4.710336713388898,4.710336713388898,6.450067103047659,10.660903285218273,5.542267846124515,5.542267846124515,2.848902079219605
WLSKFFRKIVKSFRKHF,19,10,9,0.6995816832397729,371,Rank,0.0872155770150363,0.0872155770150363,False,,2.709151,2.6247067,3.8368533,5.163375,1.4924508,2.4171953,5.011317,3.5505354,2.127161,1.9443884,17.467073,7.0805096018673055,7.36615589286507,7.36615589286507,7.36615589286507,11.078371205231736,10.249492726822528,7.458937507759576,7.458937507759576,8.399053297323052
GKLKRILSKILAKLKKLGK,19,10,9,0.7003104724066569,372,Rank,0.1018964437994793,0.1018964437994793,False,,3.2670798,3.561954,4.140348,3.043917,8.403518,4.789382,6.401638,4.168502,4.289314,3.063241,23.082909,4.10753412853229,4.611811274722442,4.611811274722442,4.611811274722442,9.139455736884297,4.873777897454977,4.727466893620906,4.727466893620906,5.293972791481455
GILGKVLKKGLKAIAKALAK,19,10,9,0.7008774030972565,373,Rank,0.1008570463179427,0.1008570463179427,False,,1.6548961,1.6797682,4.428274,3.170058,11.003243,4.23037,6.228305,3.3426094,8.330947,5.442825,26.171038,9.066885648927066,2.9497688499357233,2.9497688499357233,2.9497688499357233,8.080991006877912,5.739785140613349,7.952208906648818,7.952208906648818,3.3991794839814107
GFLTSLLKKLPKIIAKAMK,19,10,9,0.7012541289165037,374,Rank,0.0867720481775676,0.0867720481775676,False,,1.5692568,1.631156,5.37502,2.7698028,3.973419,3.5342686,5.4593315,1.8733046,4.0397954,2.5238476,16.389727,7.916319806608866,8.361349511266878,8.361349511266878,8.361349511266878,8.778087511709861,8.885316263311232,7.356158160775197,7.356158160775197,5.931038927875051
GGLKDWFKNLAKRAGKAALGAVRHLSSQK,19,10,9,0.7017195083059151,375,Rank,0.1359298622549279,0.1359298622549279,False,,1.74611,1.7410024,2.3431904,2.2546835,7.945422,7.426097,12.167291,4.6000104,2.8965821,2.8027525,21.474375,8.064380867757732,3.67504057909723,3.67504057909723,3.67504057909723,9.715187700348118,8.273180790906757,7.7857903434005316,7.7857903434005316,6.00230483022023
GALKKILRPIMKKIGKLFRP,19,10,9,0.701743892450667,376,Rank,0.15124540905106,0.15124540905106,False,,1.7274498,3.3530478,7.108864,4.07256,6.496019,2.258764,5.4756937,4.9925756,9.585324,4.0232735,20.21507,4.179985856774856,4.488794972956892,4.488794972956892,4.488794972956892,10.34693011531106,5.317072751636651,4.254458200917573,4.254458200917573,5.488891774210018
GIMGTILKKLGKVGKVLFKPAVKGLP,19,10,9,0.7023732665536424,377,Rank,0.1236696210350141,0.1236696210350141,False,,3.784255,4.189189,3.4238749,1.7931628,2.7932928,3.8276029,10.537747,6.6863446,10.217599,10.44006,21.984741,6.0799018090793915,2.7011736189934474,2.7011736189934474,2.7011736189934474,6.320824611550206,7.030497455167587,5.08505865881588,5.08505865881588,4.711492741907909
GKWFKKLKEIWKKW,19,10,9,0.7027585276745282,378,Rank,0.1420732658997927,0.1420732658997927,False,,11.786527,15.889845,2.6684165,5.667268,7.3401895,9.977399,7.1991715,4.1109395,1.9580405,2.0906177,17.423803,2.98349289551118,3.0513301655271476,3.0513301655271476,3.0513301655271476,9.356451665229123,8.655947816196436,2.88060580882373,2.88060580882373,4.552648913838201
GPFGKGRKRMLSLWKKAERIAKKIQIAAQQIEKGY,19,10,9,0.7030209761145567,379,Rank,0.1587011350353329,0.1587011350353329,False,,1.3715347,1.3511834,3.4301355,3.4334373,6.198603,10.828251,12.074629,8.402415,6.01244,3.3284762,19.78432,5.1820217938769115,3.717788881177502,3.717788881177502,3.717788881177502,6.396933866747865,13.848598388664152,4.179746064918644,4.179746064918644,4.7389233440120835
GFLSKLLGKAKKFLKTVAAKYGLPQQ,19,10,9,0.7031182818143038,380,Rank,0.1219945058046862,0.1219945058046862,False,,1.8218449,1.6709238,3.118698,4.163389,9.505258,5.613326,4.9964876,3.6615736,4.2316284,6.927287,21.565489,4.47078546239202,4.991682522646005,4.991682522646005,4.991682522646005,7.62186065541769,8.056477805942494,4.570057308112082,4.570057308112082,6.636762506533736
GKLSSFLRKALKAIRKF,19,10,9,0.703390850306261,381,Rank,0.0814704568699856,0.0814704568699856,False,,1.6688671,1.7122945,5.221626,5.030942,3.4117413,3.5946856,6.830701,5.3558054,2.7699852,3.423623,17.247547,5.3548110289904916,6.219442803043927,6.219442803043927,6.219442803043927,7.954885467469666,9.45554725390719,6.045552075804705,6.045552075804705,5.9917383908456125
GLREKLKKLGKALRKLVGRIAGFR,19,10,9,0.7039821211893225,382,Rank,0.0982492129801817,0.0982492129801817,False,,8.490193,7.9319086,5.040091,3.2936072,7.911632,3.1432023,6.706121,8.399941,4.9123487,4.8734217,20.612606,3.7189646763103417,3.056067089291229,3.056067089291229,3.056067089291229,4.338039058721106,6.203135120548984,4.051783456566823,4.051783456566823,3.3150260909538054
GFFGKLLKGAKKVLIGVVKQIPQRLDQEK,19,10,9,0.7045321053779431,383,Rank,0.1543978468200414,0.1543978468200414,False,,3.6332088,2.8328454,2.5409155,1.9030768,3.5354931,1.6371328,4.0231504,15.180522,1.6379164,4.2237754,17.472853,7.666063048717391,5.663142370504039,5.663142370504039,5.663142370504039,11.033590480414148,8.143202070706927,7.445590177371224,7.445590177371224,8.353797445055053
GLWKKLLKKGLKAIAKAHAS,19,10,9,0.7061082010106599,384,Rank,0.1367617123160299,0.1367617123160299,False,,2.8729463,4.398774,4.0724225,3.2837925,13.868749,5.996423,7.7667804,1.8066686,3.0412002,3.021602,25.93541,5.660745879876297,3.2517303524773253,3.2517303524773253,3.2517303524773253,10.216959917892522,6.534170076683167,5.831470254965088,5.831470254965088,6.379202911751944
GKLRKWFKKVLKSLR,19,10,9,0.7061984731504015,385,Rank,0.1152342712262897,0.1152342712262897,False,,2.6652973,2.7392275,7.3774033,6.6285534,6.9844937,5.71222,7.650338,2.5793345,3.9685779,3.5355747,24.675316,5.77538663178309,4.789296722392644,4.789296722392644,4.789296722392644,6.1238728789681804,3.4715184356373183,3.9054395239355943,3.9054395239355943,6.6451659599529895
GKLSSILKKIRKIIKKF,19,10,9,0.7062537525422261,386,Rank,0.096054606556506,0.096054606556506,False,,1.3405212,1.3262811,4.21595,3.1375484,11.384026,2.74672,4.088197,5.6155634,4.9821444,2.298827,24.737774,4.835038787592986,8.156252812728452,8.156252812728452,8.156252812728452,7.53771898747615,8.250371563819463,4.6825934165170455,4.6825934165170455,7.794762856433854
GILGKVLRNALKIGVKLGKKI,19,10,9,0.7067725577250069,387,Rank,0.0884567105892354,0.0884567105892354,False,,2.2123234,2.5189672,2.1173842,1.7185915,3.084637,7.7243166,15.8863735,4.7888064,2.8552165,5.9518733,21.226759,5.892103236685068,5.5724561840649285,5.5724561840649285,5.5724561840649285,6.599686932170993,4.898028146573925,6.823094632891636,6.823094632891636,6.71424832244995
GKMVSKAKALFKKLGPALKKLIR,19,10,9,0.7068537597490178,388,Rank,0.0607798469794378,0.0607798469794378,False,,1.8404645,2.0531867,5.951827,3.1553178,4.779022,2.9713776,5.3683295,4.5932975,6.0890293,8.164695,17.518082,5.842292862210559,4.062587016184661,4.062587016184661,4.062587016184661,9.075256739525456,7.160929239597185,6.568023054566445,6.568023054566445,5.769015724620244
GKWMSLIKKLFK,19,10,9,0.7076460719214696,389,Rank,0.1664928802932894,0.1664928802932894,False,,4.1458273,3.6731815,5.8886433,9.71655,6.5003986,11.536968,11.097957,5.5460815,2.1376898,1.888298,21.252773,5.672627929369151,2.444783450192787,2.444783450192787,2.444783450192787,7.3048165540562255,6.308575249767987,4.913950836647623,4.913950836647623,4.46828638768828
KFFKRLMRKVKQFLHQIVAR,19,10,9,0.7088809466145459,390,Rank,0.1428081913155517,0.1428081913155517,False,,2.1549926,2.1731539,3.9107811,3.367127,4.0358605,3.527696,4.3614345,5.002296,2.1881847,2.1439288,25.685251,6.1405789445203425,6.848254193822261,6.848254193822261,6.848254193822261,8.443481179743852,7.092271861248901,7.213110530953418,7.213110530953418,10.613398436631732
GKWASLWEKLKKIAKKAAKK,19,10,9,0.7094390880369434,391,Rank,0.0904582979119069,0.0904582979119069,False,,1.3432957,1.2342925,1.9887674,1.9703468,36.144356,14.611403,9.574475,1.767824,11.663822,3.7742217,11.783742,7.176295073322722,4.171807437553993,4.171807437553993,4.171807437553993,6.859152387570243,7.084613573680324,6.408724995730446,6.408724995730446,4.929745314758671
GILSKLLKKGLKIIKKI,19,10,9,0.7116514695003073,392,Rank,0.1420273979198767,0.1420273979198767,False,,1.7404498,1.8902647,4.2309303,2.9483929,8.552515,4.6176715,6.8152966,4.7188597,4.4503984,2.6281767,23.583405,5.319393832603022,7.25773290540079,7.25773290540079,7.25773290540079,9.499932052392703,4.500011464234148,5.481356201738273,5.481356201738273,4.553550003877419
GRFKKFMKRIKKFFKKSV,19,10,9,0.712887921095728,393,Rank,0.169195562802189,0.169195562802189,False,,2.4162812,2.4384973,3.979781,4.0759864,2.9344103,2.124354,2.9241846,6.91577,2.6864882,2.3330908,23.046803,7.1205560495126,7.305763020529901,7.305763020529901,7.305763020529901,11.369027304653113,5.444738842922636,7.447748676007514,7.447748676007514,10.909766401276556
GKWSKILGKLKRIFR,19,10,9,0.7129434349925831,394,Rank,0.0551465948940013,0.0551465948940013,False,,4.543634,3.6145399,9.614213,5.5157175,8.582894,10.495745,11.8051605,7.2168636,2.44428,3.107704,26.944033,4.5270544757765645,2.375704465177724,2.375704465177724,2.375704465177724,6.5164736978566715,5.7965269331502345,3.6408278275428265,3.6408278275428265,4.365180944292568
GALWNTLKNAGKKALGKVLSKVSCKLSGQH,19,10,9,0.7136650631512721,395,Rank,0.1699373372828223,0.1699373372828223,False,,1.4475073,1.9153994,3.2002199,2.2497141,3.9481196,9.814221,11.900955,4.3292637,6.7197714,9.333282,31.10713,4.926241866817638,2.9506023315010927,2.9506023315010927,2.9506023315010927,7.14751284345435,8.535774687322844,5.325639500500999,5.325639500500999,11.021328419864142
GPKKWWKLLAKIASIGPALKGKV,19,10,9,0.7143726505203059,396,Rank,0.0662862875909887,0.0662862875909887,False,,5.190682,6.728995,3.7506216,2.3107164,3.518062,4.80328,10.646922,3.682078,8.617078,9.999555,30.660076,3.2447971615200695,3.5085188609754305,3.5085188609754305,3.5085188609754305,9.53068659249129,5.577646938563152,3.3825854313725303,3.3825854313725303,4.292639369460661
FPVMKKVFQKIKKWFRKKR,19,10,9,0.7157048481923667,397,Rank,0.1579807379390043,0.1579807379390043,False,,2.3378723,3.0889974,4.7273154,5.070972,4.372281,4.4237223,7.1774473,6.098504,3.0806317,3.6708844,18.235394,9.88444029841817,4.2223984240062515,4.2223984240062515,4.2223984240062515,7.231247613944876,5.069405227825907,6.71722541255648,6.71722541255648,5.5406174873457505
GIGLKLLGKVLKAGSKIAKAGLRAGR,19,10,9,0.7165756073189293,398,Rank,0.0816817401439881,0.0816817401439881,False,,7.5073667,7.502653,1.6626438,1.5911291,3.05671,9.229688,15.146279,4.4167094,4.4207253,5.74493,34.21694,4.144994022737387,3.6107969022354722,3.6107969022354722,3.6107969022354722,8.285687005078593,5.516351006953111,4.455237144929078,4.455237144929078,4.958888955119324
GLPIPGLFHRTLKKIGRKLFKKLRVIG,19,10,9,0.7173559798739176,399,Rank,0.0412762007863556,0.0412762007863556,False,,3.1626122,5.056277,4.330704,2.4111931,1.7857286,2.5935686,8.625271,3.9499755,3.76978,9.846249,17.249763,5.192223395393046,6.466849994966285,6.466849994966285,6.466849994966285,9.007524668252382,7.389943841658857,5.119227561210302,5.119227561210302,5.381642335876225
DKFKKFWPKVKTFICKKTRFKMPH,19,10,9,0.7175304981901813,400,Rank,0.0847885174804739,0.0847885174804739,False,,12.873245,11.950322,1.9363316,1.6877615,0.9653922,6.740567,10.402676,1.9014255,5.1276274,1.9049225,32.04568,7.702472873510819,3.9505663692885826,3.9505663692885826,3.9505663692885826,15.070003088881219,6.688868665573293,5.2995499726887,5.2995499726887,8.232113880777527
GKFFKSLFKKFYKHSVKGFL,19,10,9,0.7181213802787186,401,Rank,0.1053041648955953,0.1053041648955953,False,,1.5822544,1.8881342,11.991247,25.867476,0.5998441,2.9011388,5.055212,11.466178,3.6974735,4.090268,11.769102,5.426980044949857,6.4713211980332845,6.4713211980332845,6.4713211980332845,8.415329401794526,5.659788810447966,5.730737817136506,5.730737817136506,6.018737077883282
GKWNKSLRKKVKKFLKLLK,19,10,9,0.7183596825362558,402,Rank,0.096922777416184,0.096922777416184,False,,10.664097,7.7776766,3.3299668,2.717065,4.771352,2.8655171,4.1498322,2.1230674,2.6252007,2.970769,23.275755,4.3762218860303195,4.83650154744325,4.83650154744325,4.83650154744325,12.523727715226135,13.850176016070415,5.49959484367942,5.49959484367942,5.464647836883105
GKLGKKLEKKAKDLFKRIFRNVLFFPKAVPP,19,10,9,0.7188059864775578,403,Rank,0.0974003440306041,0.0974003440306041,False,,1.5075387,1.4179698,2.0675836,1.9771208,1.5357568,4.0074205,7.0493536,8.75457,9.3878355,11.652881,25.833345,5.419340547228744,7.302202377162677,7.302202377162677,7.302202377162677,10.994786728333168,6.776185831924586,4.988350025062237,4.988350025062237,6.479524062849849
GLLSRIKTVGKTVGKGVAKQVLNSLSCKLSGQCK,19,10,9,0.7196284444948521,404,Rank,0.1362038248499017,0.1362038248499017,False,,3.5755537,3.6799238,2.500834,1.3193692,3.071686,8.528208,9.809614,6.158962,6.4759965,8.054435,23.409508,5.778370905483104,3.760619962641907,3.760619962641907,3.760619962641907,5.984079130706112,5.5004070583467275,6.393052768715524,6.393052768715524,7.1189359383400035
PKIKKFWKGAKSALKAAAKQGPGVAIELGLALAEL,19,10,9,0.7199824673889739,405,Rank,0.1282227963445087,0.1282227963445087,False,,7.7699213,6.0804768,1.7360847,4.1455636,6.7978725,19.905193,13.019826,7.292903,3.4447653,7.171613,11.698196,4.646658141783289,3.164858444720976,3.164858444720976,3.164858444720976,5.6061441421194,5.233531261574024,3.1679726014616802,3.1679726014616802,4.583261691504501
GKWFSRLKKLFKKL,19,10,9,0.7200548021675168,406,Rank,0.091384789596727,0.091384789596727,False,,2.485759,2.1267786,7.1168065,7.8024135,8.264894,6.648094,8.970863,6.9989805,5.616506,3.5201612,17.550608,4.299169671617206,3.2866886203538734,3.2866886203538734,3.2866886203538734,9.590957112247867,6.665868031296093,3.853160491788067,3.853160491788067,4.9461023684887095
RKILKRLKSFLKKLK,19,10,9,0.7209254904814615,407,Rank,0.1371350901253918,0.1371350901253918,False,,5.5753098,5.8734875,5.3393607,2.4347515,4.9870696,4.113264,5.4394073,4.827892,3.8479524,2.2539299,22.322367,5.361399960721979,5.107241426061773,5.107241426061773,5.107241426061773,7.078949122653298,5.882245835472192,5.831940873153186,5.831940873153186,5.836786926609811
GKLRKLLKKIKSLVRHIVR,19,10,9,0.7214678083407849,408,Rank,0.1053153724562988,0.1053153724562988,False,,15.129227,13.826672,6.9079285,2.4557524,6.474659,11.257564,15.888153,3.438321,8.297077,3.4938219,32.50241,3.3584455045829578,2.3340012816660884,2.3340012816660884,2.3340012816660884,2.80657808051426,3.7720586631989335,3.0425227849473058,3.0425227849473058,4.82394049792039
GWLGRALKSLRKKGQKWISGAKQL,19,10,9,0.7215175177456995,409,Rank,0.1241978292200201,0.1241978292200201,False,,1.831143,2.0047915,1.8164685,1.9324539,17.69343,6.068151,8.524917,11.643762,5.2821794,6.0794315,11.589545,4.700724488895955,3.4901621694432037,3.4901621694432037,3.4901621694432037,11.342407918007078,10.490039083646131,6.2137724570867885,6.2137724570867885,5.740276721076966
GIIDTTKYMAKALIKALLKKAKQLLKG,19,10,9,0.721778549585237,410,Rank,0.1232721677248818,0.1232721677248818,False,,1.2737879,1.1885523,1.674162,1.9664998,15.616197,5.512489,10.380954,1.7862004,10.693626,3.9014227,29.240519,6.844771858106134,6.652407648061909,6.652407648061909,6.652407648061909,9.547543765357194,10.174641734011388,6.01277932269499,6.01277932269499,3.9690249966772844
GFRSLFKKLAKKGLPHVLSHLHRHH,19,10,9,0.7218674620457298,411,Rank,0.0421530886376919,0.0421530886376919,False,,3.251425,5.752433,5.9664574,5.5083013,10.50207,4.112238,6.5807724,1.9250277,11.737273,7.3345666,22.07066,4.622760309000953,2.982131517758799,2.982131517758799,2.982131517758799,4.794479094801197,6.134706015864307,4.496854150516611,4.496854150516611,5.875315150629589
GVLSWIRERIKKFRKKIK,19,10,9,0.7220440141062099,412,Rank,0.1539096952871792,0.1539096952871792,False,,3.5911603,3.0617168,3.7798047,3.655616,13.0206375,14.053283,13.312489,4.7863092,2.2397811,2.196437,26.061615,3.432798770267979,5.335196754436683,5.335196754436683,5.335196754436683,8.316084523089621,6.613726826231589,3.0577595352054336,3.0577595352054336,4.532975744462987
GIPFKLFKKLLKKIAKA,19,10,9,0.7220614715717504,413,Rank,0.0902939203549226,0.0902939203549226,False,,2.6159902,1.7594551,4.0889554,2.9005616,4.282834,4.147849,4.9249206,1.3159484,3.5678296,3.5153127,24.14769,7.806117315378,8.430579434223944,8.430579434223944,8.430579434223944,9.406798456154748,11.454375206607315,8.17209429669938,8.17209429669938,4.311192555864899
GKLKKLLHSLRKILKK,19,10,9,0.7228873035451314,414,Rank,0.1478829332925987,0.1478829332925987,False,,5.6446595,6.3182883,5.630398,2.0358682,6.3176184,3.3311794,4.767682,3.3931658,13.580812,2.5402358,24.404707,5.0015972761688445,4.588473009456916,4.588473009456916,4.588473009456916,7.2147758386908665,5.1282525111626684,4.400481594575843,4.400481594575843,7.072566983158019
GKWKKFKRIVKHFMKK,19,10,9,0.7229309453996199,415,Rank,0.144050362626853,0.144050362626853,False,,6.5017605,6.1738315,5.9405093,4.3493824,11.03529,3.3081872,4.4252214,5.6087193,4.779592,1.6313438,24.338125,5.355866477810566,3.2624462660882485,3.2624462660882485,3.2624462660882485,10.44119748140148,4.975196582826455,4.906959443719102,4.906959443719102,6.9301169152813795
GIPLKLFKKFGKAIKKAGKKVAIGLVPAL,19,10,9,0.7235799102574594,416,Rank,0.082621514863716,0.082621514863716,False,,11.055209,14.728375,2.4649146,2.5372741,5.1239347,10.83607,7.7330017,7.6521583,11.510325,11.423388,25.976868,3.4495269513649838,2.725225743207887,2.725225743207887,2.725225743207887,4.193568553102245,4.0192673743525935,2.548560290991669,2.548560290991669,3.3911182687909767
GLLKKVLSSLLSKIRKK,19,10,9,0.7242234874896257,417,Rank,0.1423048888209978,0.1423048888209978,False,,2.5691788,2.3991327,7.2170935,7.036954,10.885414,2.8318202,4.2885747,4.721597,8.777612,2.8744566,16.589184,3.8515214795313253,6.1086038061139325,6.1086038061139325,6.1086038061139325,5.923232886392552,7.372657251893857,3.943493815558503,3.943493815558503,6.257502385812294
GVLKKLMPKLVKHVGKQALKAAAAALMT,19,10,9,0.724956278102949,418,Rank,0.1454029491658253,0.1454029491658253,False,,7.389307,8.061274,12.16702,14.146374,6.0667653,6.5622926,9.868229,4.3230324,6.098617,6.430083,17.56792,3.0170639463276845,2.499269285107356,2.499269285107356,2.499269285107356,5.119082830294816,5.293852182225431,2.786955219537657,2.786955219537657,2.6535815952554227
GIMGSVLKKLLKGVKKLGAKILPTVI,19,10,9,0.725537978501875,419,Rank,0.110938454718134,0.110938454718134,False,,1.7676828,1.7908857,3.1950116,1.7694842,1.9063479,4.1958413,9.0295315,3.3764884,5.3678393,2.9843256,25.184574,9.200936231320616,6.698759290397525,6.698759290397525,6.698759290397525,11.054022172876707,8.744208120487402,10.325242967254207,10.325242967254207,6.459214550459387
GFLSTLARLAKKLIPHAITK,19,10,9,0.7262861202494306,420,Rank,0.1512838053238404,0.1512838053238404,False,,1.7044951,3.046291,3.5474367,3.4204078,12.856157,3.406375,5.9750814,3.7062452,8.986067,4.02771,28.824188,6.968740796772403,4.282089034684377,4.282089034684377,4.282089034684377,6.095191156334992,9.80277112036855,5.8265966288471995,5.8265966288471995,4.742514870496953
GIPAAKMAKLVKKLLGKAAKFLLGHAL,19,10,9,0.7266664800215882,421,Rank,0.1067569968386377,0.1067569968386377,False,,2.92401,3.2838132,2.6945095,2.27881,2.3228614,7.4186087,11.177146,1.0365819,4.1968665,5.481847,26.648983,6.214647499445736,6.4022581881027705,6.4022581881027705,6.4022581881027705,11.277924062451023,15.883613519525884,5.547400025974856,5.547400025974856,5.262570934465376
IWPKKLKFLRKLFFR,19,10,9,0.729544963008173,422,Rank,0.1004446495935391,0.1004446495935391,False,,5.7841964,4.6487465,4.233439,4.50589,5.297967,4.1978035,5.736777,4.0668707,13.063271,4.266802,18.453432,6.285983292185141,3.861629946471363,3.861629946471363,3.861629946471363,8.32866473752175,6.074635470494084,4.5259548826140765,4.5259548826140765,3.7962433816055707
WGRKLSRIKKLFKKW,19,10,9,0.7314943933709934,423,Rank,0.1060648261914882,0.1060648261914882,False,,10.967436,12.133546,9.961895,7.036604,8.869814,5.2010674,7.13316,4.003325,2.7581003,2.676547,22.194168,3.4155506995597253,3.6017543083478314,3.6017543083478314,3.6017543083478314,6.488930581821269,4.860647707545722,2.922265895701186,2.922265895701186,4.9277268081883845
GILGKLFKAMKKVVSHIKK,19,10,9,0.7317600258211547,424,Rank,0.1008641029302375,0.1008641029302375,False,,1.7249539,1.6831414,3.9769182,2.3572466,5.6233716,6.8231997,7.5760684,3.9884627,5.358437,3.0807188,28.358334,5.900681274344218,6.7182285190361455,6.7182285190361455,6.7182285190361455,6.424820083868054,7.572494439945636,6.906847865302929,6.906847865302929,7.03751577151418
GKWSKILRKIKKFLR,19,10,9,0.7323475579010968,425,Rank,0.0715193882498273,0.0715193882498273,False,,3.1542208,2.9581509,8.394767,5.2927003,11.137892,5.7819185,9.082135,6.8358526,2.3565629,2.4854054,25.379822,4.352970459003221,4.319858842447546,4.319858842447546,4.319858842447546,10.669021021822063,4.560662494551024,4.399843876908372,4.399843876908372,5.446417451879262
GISLPGSAKTLLKGLIRTIKKTVSKTISLNAIK,19,10,9,0.7328474135582972,426,Rank,0.0819802971082832,0.0819802971082832,False,,2.0297663,2.4565833,4.073844,3.9786756,12.657859,2.6716223,8.53722,6.3866553,5.811767,4.679755,29.860836,6.256427248749146,3.1710080030145513,3.1710080030145513,3.1710080030145513,8.287258719169964,12.67137124615906,6.59172275504243,6.59172275504243,4.120201637521633
GKFKKFLKKHLKHILKH,19,10,9,0.7332441163961886,427,Rank,0.1454170623904149,0.1454170623904149,False,,4.3352785,5.234181,3.0899107,3.547002,6.230037,3.2378175,4.512943,1.6568749,14.8604355,3.521102,37.799664,5.619174668588843,4.567363580443898,4.567363580443898,4.567363580443898,8.55087448079175,4.890674112750239,6.485431578510575,6.485431578510575,6.615951063675934
GSFSGLLGRFLKRVGKKIIKVGVNALNLY,19,10,9,0.7336255597061487,428,Rank,0.1353692766723341,0.1353692766723341,False,,6.647308,5.905918,3.6079638,3.7752838,2.96902,3.2181785,10.598159,5.334754,2.4782715,2.9241433,22.410128,5.584913227594666,4.518947375775583,4.518947375775583,4.518947375775583,11.791313084988106,11.117555396820599,6.168309257559433,6.168309257559433,3.9009846811921527
GIWSSLLNPALKAGPKLLPKVIKRIA,19,10,9,0.7338333834595845,429,Rank,0.1238894137532543,0.1238894137532543,False,,5.315217,6.5117426,1.7052532,1.7304955,9.150299,6.2546654,13.077122,3.545121,2.5881302,3.9548972,16.108362,4.528102133288428,6.2696491374976215,6.2696491374976215,6.2696491374976215,8.605187389420815,5.68744570862347,5.616753615030428,5.616753615030428,6.169365865114115
GVLRKLLKAGKKIGKNVRRLL,19,10,9,0.7348993682516174,430,Rank,0.1193596913022687,0.1193596913022687,False,,2.215897,1.6675086,4.568572,3.1109006,3.062449,5.4805,12.443975,5.8481307,3.7358818,7.0830417,22.27795,6.205863438821544,4.865108639442936,4.865108639442936,4.865108639442936,9.052857387838591,10.729181031970374,5.513939444518513,5.513939444518513,6.251634317541199
GILPKLWKKVAKIVTKLPG,19,10,9,0.7362030652506861,431,Rank,0.1316027060862866,0.1316027060862866,False,,3.3573487,2.422021,3.1542954,2.4741817,13.509427,3.596859,13.306643,4.724234,12.376503,4.8630695,21.057558,5.348691177068164,5.219506378819744,5.219506378819744,5.219506378819744,4.866115651382171,6.136085295305325,3.7994030859461407,3.7994030859461407,6.577122946092052
GKLMSWLKKILK,19,10,9,0.7367569951176074,432,Rank,0.1732944168083523,0.1732944168083523,False,,2.2212076,2.7036867,5.82683,8.230975,5.188708,11.564232,13.359079,3.9413712,2.5325572,2.1578672,22.847418,5.504548499700516,3.968773340361792,3.968773340361792,3.968773340361792,9.209537257520923,10.951284708331873,6.529481596774728,6.529481596774728,3.2325026451235903
GWKAKKIFIRVPSSTKIKRFKITLTTTL,19,10,9,0.7368574128223553,433,Rank,0.1112860966473619,0.1112860966473619,False,,2.5307662,3.270355,10.681569,7.8661904,2.6089432,2.6645007,7.1715198,5.1953573,7.8319654,3.707086,19.326462,4.3370913281941785,4.758716984562536,4.758716984562536,4.758716984562536,7.702557443902393,10.429427728446692,4.849227078014283,4.849227078014283,6.1182930241532825
SFLKKLTKLLKKLL,19,10,9,0.7370925053319899,434,Rank,0.0876582756628234,0.0876582756628234,False,,4.840972,5.2355623,4.2623353,12.13775,13.544229,2.180767,2.2774255,5.5966115,4.547174,3.1620746,32.47684,6.500550466921473,4.369976362311521,4.369976362311521,4.369976362311521,5.817942636965581,8.347775826657344,5.333258167420976,5.333258167420976,3.1947379536198937
GLFSKFLGRILKKIRKSQK,19,10,9,0.7381633125689074,435,Rank,0.1635994617050103,0.1635994617050103,False,,1.938234,1.9199607,6.3734736,3.802269,6.2554064,4.4115467,3.8059587,5.988461,3.3393357,5.3422337,20.915567,7.7506331594531375,6.03717439115143,6.03717439115143,6.03717439115143,9.431096054756395,5.067906805250778,8.472387573220056,8.472387573220056,4.681980357638314
GFLSKIRGGVKKYVGRIRRVR,19,10,9,0.7388027049286269,436,Rank,0.1218882415254237,0.1218882415254237,False,,2.4181094,2.017178,3.8329937,2.6385381,12.332331,3.0207458,5.7658114,38.14889,6.4745674,7.255936,12.102554,6.65248434118729,3.526763961495308,3.526763961495308,3.526763961495308,5.063902056762884,12.80862351195214,5.230749404694291,5.230749404694291,5.016731484508646
GWLSKIGKNVGKAALKAAIKAATQPVSPQ,19,10,9,0.7388329886032023,437,Rank,0.1374816943175176,0.1374816943175176,False,,1.8162187,2.0261564,4.0898676,3.5080245,2.9116766,9.366634,5.3069434,5.451182,7.4147305,8.531456,17.61089,8.30105527123038,3.659431482108195,3.659431482108195,3.659431482108195,12.642344526661617,8.114011084520556,5.619433798541595,5.619433798541595,9.77828356912495
YLKKLRKIVRIGRTVGEMLKGLL,19,10,9,0.7391418050799875,438,Rank,0.1487868023085914,0.1487868023085914,False,,8.257994,7.356125,2.1699657,1.8089974,3.5565152,5.055738,7.514229,2.3887894,3.0288668,4.3707356,25.119621,6.005778912461023,5.463705925206939,5.463705925206939,5.463705925206939,6.570147159480094,7.395154769024248,6.962549751804346,6.962549751804346,10.270984118343035
GGMGSLLGKLKSAAKKLGAQFLKKKVLAQ,19,10,9,0.7409248187285951,439,Rank,0.130250534642155,0.130250534642155,False,,2.2558072,3.4520903,3.599323,2.551644,4.1173573,6.650937,7.287713,2.2205281,6.849858,10.659695,16.2296,6.526166730943612,4.48110815963927,4.48110815963927,4.48110815963927,9.882774549095044,9.048673758652386,6.456947298367962,6.456947298367962,8.006735755754738
GFKSLWKKWLEKWKAFAK,19,10,9,0.7412954270110735,440,Rank,0.1029586714972636,0.1029586714972636,False,,2.8522334,2.3784297,2.7817128,4.615907,5.609778,8.280915,6.995192,1.731327,3.9863415,3.4971516,16.168568,6.607591810166579,5.6145185367396415,5.6145185367396415,5.6145185367396415,11.913769918320147,14.20591714598488,6.85032037718464,6.85032037718464,6.527990594772138
GFFGRLRRGVLKGVKKIGKHVLPHA,19,10,9,0.7423841543132966,441,Rank,0.1394616967084639,0.1394616967084639,False,,7.615027,8.480198,4.0962505,2.328419,5.5440984,3.8886116,10.69847,5.572762,2.1252072,2.9428003,22.769634,6.114099302408748,3.6378389426175697,3.6378389426175697,3.6378389426175697,10.946013430526563,8.608386177670845,6.493130095447901,6.493130095447901,5.341625191181782
GALKKILSHIGRKALNMLKN,19,10,9,0.7426413088357753,442,Rank,0.1684915619520748,0.1684915619520748,False,,1.7828467,2.4276576,3.1499102,2.2581542,4.745139,6.233459,8.062158,3.6947906,5.8448296,3.7955797,28.277876,6.401776691525898,6.619396930417661,6.619396930417661,6.619396930417661,12.106438371468633,6.755346969551706,6.582270210677871,6.582270210677871,6.3648152342498925
GIPQKLPGKTPKLWKKLWKALKKLPPS,19,10,9,0.742839516030726,443,Rank,0.034427551006854,0.034427551006854,False,,2.2185957,3.0751593,7.0631266,8.550049,3.7567856,2.6076496,5.440043,7.309487,36.77711,5.5288534,10.841336,7.149716416375432,3.689795496426439,3.689795496426439,3.689795496426439,8.06754913458263,6.708351499595442,4.840905770491695,4.840905770491695,4.461924171137835
GIWSKIKGWGKKVGKSVAKHAAGTLVNPA,19,10,9,0.7434790666867576,444,Rank,0.1408844342755432,0.1408844342755432,False,,2.9281466,4.3096166,0.9264127,0.97396564,20.426048,5.464341,6.3575125,6.683376,8.000716,3.2506027,12.1961,9.086201591592141,4.1777399248548175,4.1777399248548175,4.1777399248548175,11.446238007615701,10.887697465326115,8.220340601574794,8.220340601574794,7.749928999641151
GKLSSLIKKIRKIAKKLI,19,10,9,0.7436455861779724,445,Rank,0.1033754267174964,0.1033754267174964,False,,1.3436568,1.3418977,6.425984,3.8558283,10.315404,4.343587,5.27545,5.1456175,12.394637,2.2778673,28.20095,5.398911916435897,5.978687370889256,5.978687370889256,5.978687370889256,8.641172422030209,7.3443795787188595,5.8129622410973605,5.8129622410973605,6.971758008539923
GLFDILHKARTFGRAIKKIGQKVFR,19,10,9,0.7439130569920545,446,Rank,0.1439621549731682,0.1439621549731682,False,,2.6129565,2.3153734,2.4673848,2.510161,3.144009,5.20288,13.006588,4.5973167,3.065668,6.477798,28.195284,7.481823580945747,4.864084479043895,4.864084479043895,4.864084479043895,13.036136580178148,15.24939774826918,7.347206491990955,7.347206491990955,3.984631549476096
GFFGHIKKGLIKGLPHLIQKIR,19,10,9,0.7440702701497343,447,Rank,0.0733705036926836,0.0733705036926836,False,,3.7294254,6.274328,2.7426205,2.9144657,5.3484983,7.327406,12.09499,9.893477,1.4447842,3.0991077,26.40521,8.152628991042338,4.416326112525685,4.416326112525685,4.416326112525685,7.45455940396481,8.321889115815177,6.520132624012248,6.520132624012248,3.962487115638202
GIPMKLGAKTFLKGVLKWGKKVAPSALNALAS,19,10,9,0.7457805110562268,448,Rank,0.0568723516949152,0.0568723516949152,False,,2.8723662,3.386909,1.2355654,1.0789828,6.3180637,6.4975214,9.65585,4.579338,3.6540835,5.0287113,22.642553,7.302398808860514,5.912180821790512,5.912180821790512,5.912180821790512,14.858240619991442,9.530741530197592,8.319303722215475,8.319303722215475,5.683611270194674
GIMGKVLKGLKHVGKAAGKALLGAVT,19,10,9,0.7469356761068673,449,Rank,0.1625104603899899,0.1625104603899899,False,,9.098915,6.759549,2.5662367,1.863351,6.2183256,9.682915,13.272241,4.46824,6.104439,2.4128623,25.374458,7.715706737400391,3.887713045973412,3.887713045973412,3.887713045973412,5.744770645646995,5.78725037737206,6.0618015459860874,6.0618015459860874,3.9945948283421187
GRFGRFRKKIREFFKKIGSVIT,19,10,9,0.7469710756546488,450,Rank,0.157770492402104,0.157770492402104,False,,4.509613,4.206678,6.48378,4.9025474,2.492635,2.4575164,7.973607,11.761532,5.8028445,6.9247,23.13773,4.753420607704681,4.436971308023063,4.436971308023063,4.436971308023063,7.533131286781805,6.123543423785203,4.793780331498005,4.793780331498005,6.135581712905626
GWLTKIKKFGPKLANVAIKAGAAKQKLKAEKQS,19,10,9,0.7472368672796129,451,Rank,0.1533553361271983,0.1533553361271983,False,,5.3634305,4.383188,3.6438956,4.103141,2.161459,20.37819,11.747851,5.7088265,1.9372572,6.918451,12.394889,6.95947730548637,3.6344334893613954,3.6344334893613954,3.6344334893613954,6.636700568280149,6.897153572470243,6.422737673749569,6.422737673749569,8.091263116410014
GILGKILRKGLKFGKKIIIR,19,10,9,0.747657458283159,452,Rank,0.1301922138170129,0.1301922138170129,False,,4.572358,6.607169,3.5174625,2.9495637,4.4932547,4.019103,11.5546465,5.811519,8.100158,11.303511,18.720303,4.277510994202262,4.701640690936969,4.701640690936969,4.701640690936969,8.031117448155669,6.366272461725756,4.334764552086227,4.334764552086227,3.2264012064182506
GALWKNLLKSAGKVALKAVKKLVGAET,19,10,9,0.7484529507653253,453,Rank,0.0989229119069124,0.0989229119069124,False,,2.773403,3.0123484,2.256566,1.5588894,7.111844,6.3548203,7.1638074,2.751961,3.2011585,2.0903656,35.89606,7.928077653778642,9.10301966803899,9.10301966803899,9.10301966803899,12.726959017159068,4.958513288330181,8.06406211736532,8.06406211736532,6.032834242084158
GLNFKKLVSIFRKFLRKFT,19,10,9,0.7496106456623506,454,Rank,0.1305992143084852,0.1305992143084852,False,,2.8565462,3.5393956,3.6051013,2.771528,4.8862514,4.790602,6.866554,5.748956,3.6868331,2.8960376,17.995644,7.42964569145811,7.255360616678575,7.255360616678575,7.255360616678575,9.28554782916347,7.572136934265387,6.265795387506854,6.265795387506854,6.991389278508985
IKTKWRLWRKILAKIQAA,19,10,9,0.7499456678765792,455,Rank,0.069623442564157,0.069623442564157,False,,1.4349979,1.3396026,2.7859354,2.7725687,3.8417516,8.409184,4.258372,4.4097486,5.4054627,3.813008,26.685143,6.68326563101362,7.992232667925812,7.992232667925812,7.992232667925812,10.257060694159422,12.030977848301038,7.34643210799199,7.34643210799199,8.860376723982762
GKLRKVLKKLLSSIAKF,19,10,9,0.7506691183760792,456,Rank,0.1465401014823867,0.1465401014823867,False,,3.4338086,3.9254358,4.2845154,2.5386677,10.513766,2.5673082,5.2786117,2.1828923,9.030501,4.647077,23.118443,5.759553956335838,6.56105331754207,6.56105331754207,6.56105331754207,10.150183621032339,8.927112583732338,5.599712456113732,5.599712456113732,5.043665453481206
GKLGKLLKKLGKHLGKQLLSQIA,19,10,9,0.7507000602593468,457,Rank,0.1500561623319696,0.1500561623319696,False,,3.6085215,4.0871944,4.127408,2.4808238,7.3783946,6.4278927,9.847458,5.566899,10.309952,11.997621,47.384277,3.6444913579882434,3.2607107868493754,3.2607107868493754,3.2607107868493754,4.933367710480318,6.958921429317668,4.035388820114777,4.035388820114777,6.353153721180593
GLRGLFRIGRRIRKIFRGMVR,19,10,9,0.7511977363433939,458,Rank,0.1663762386430051,0.1663762386430051,False,,12.350406,11.399132,6.267624,4.800213,2.6096022,6.2441244,16.874907,6.2011886,3.9644225,4.3035555,15.403413,5.407447248626085,3.269593964742023,3.269593964742023,3.269593964742023,5.253724910596213,5.840168414645601,4.850293375954557,4.850293375954557,4.080838087277345
GIMGSLLKKLGKKVLKIGAHLLPPRSQ,19,10,9,0.7533061614384378,459,Rank,0.1171976698236013,0.1171976698236013,False,,2.8364558,2.8735619,4.7093334,2.3436384,11.217011,6.4822593,15.776354,4.137998,3.0640075,3.5501106,20.564531,6.4392532589324745,4.791912199212179,4.791912199212179,4.791912199212179,7.02952104520715,9.81554977990455,6.395750505418728,6.395750505418728,6.0959323697147125
GILSSLWKKLKPILAAGKKL,19,10,9,0.7541317421505902,460,Rank,0.0887358618697199,0.0887358618697199,False,,1.5227859,1.4867,6.6100116,2.643627,5.5191703,14.119564,16.146473,2.1764193,6.4496884,2.0930223,10.40197,5.927220850320714,6.583325445591245,6.583325445591245,6.583325445591245,11.21321891404495,8.777068355278468,7.328521076648448,7.328521076648448,8.894615874706156
GPMASKLLKKLKSLGKSALKTAAKELFSGQ,19,10,9,0.7541896841693927,461,Rank,0.1748943998724828,0.1748943998724828,False,,1.626473,1.7072629,3.8357072,3.5639002,4.268075,5.9489226,8.022363,4.9799075,11.094831,13.885421,22.30734,5.304831603877639,3.7852248363334517,3.7852248363334517,3.7852248363334517,8.069008594265325,9.87620924009621,6.028392964227709,6.028392964227709,11.000027144726833
GIWSKILKSVGKALGKVAISVLNPQQ,19,10,9,0.7546963294238248,462,Rank,0.1516822963710749,0.1516822963710749,False,,1.6049731,1.639124,2.7179232,1.7305529,5.40406,7.7515726,12.374143,8.69381,3.345574,2.9256563,17.061642,8.25241225737119,4.604191830934206,4.604191830934206,4.604191830934206,12.58607258652407,9.707686455170615,9.61150824895346,9.61150824895346,14.66373978476453
GLFKKILGKFKRIFQ,19,10,9,0.7549320010778711,463,Rank,0.1480296693188459,0.1480296693188459,False,,3.161421,3.4751003,4.427658,4.7035613,5.599403,2.7654977,4.8713317,9.096141,3.3880424,4.078417,21.458235,6.427937025244283,6.059685433260149,6.059685433260149,6.059685433260149,8.848982462482573,7.589472500950674,7.082204559182712,7.082204559182712,5.595918734582002
GRLSSLLRKALKALTKKAGGLIK,19,10,9,0.7551552201776739,464,Rank,0.1536774497237129,0.1536774497237129,False,,1.7459922,2.3973505,4.97284,3.0402524,15.41774,4.9908433,8.130744,4.823996,15.100981,8.255143,38.14579,3.4881327301917593,4.9422549184935205,4.9422549184935205,4.9422549184935205,6.896695434142477,5.201108628358861,4.435456496350237,4.435456496350237,4.698142018591474
GIIDTVKVGYKKIVKSLIKRAIVGLARLRQ,19,10,9,0.756651147943512,465,Rank,0.1333120666409861,0.1333120666409861,False,,1.752182,1.533919,2.8462324,3.1368573,9.863495,5.2631035,14.468166,2.264036,8.655732,7.9030867,18.78715,6.309467106309293,5.888061322007235,5.888061322007235,5.888061322007235,14.395779710519369,10.252379659634535,6.240082540252009,6.240082540252009,3.499411565093065
KFVPLLLKALKKIIPSAK,19,10,9,0.7574955791523172,466,Rank,0.1531890906434302,0.1531890906434302,False,,5.7250414,5.296239,5.521864,3.0686443,8.513935,2.6295676,5.753054,1.6603119,9.681533,7.740491,29.673693,5.694106325100955,4.169786794723609,4.169786794723609,4.169786794723609,9.544391582729794,7.774188034967104,4.7588162581662505,4.7588162581662505,8.3325474932338
GMWSKLLGKLKRILI,19,10,9,0.7582868153726211,467,Rank,0.1103450766431114,0.1103450766431114,False,,4.331062,6.231779,5.418361,3.5039334,7.258673,8.154793,16.861155,2.3836858,6.6191635,4.0923448,10.776231,7.302468964318885,3.300566469358349,3.300566469358349,3.300566469358349,9.42778046541394,13.310072961247002,5.934895304239449,5.934895304239449,3.54655073997855
GKWKKILRHLVRAI,19,10,9,0.7601874688046663,468,Rank,0.1672520887572392,0.1672520887572392,False,,2.9575794,2.859176,7.5934253,3.2584364,7.4440913,10.0506115,14.030646,2.6997902,7.2375665,5.061939,71.81572,5.156934495201426,2.547745441895191,2.547745441895191,2.547745441895191,10.008130938891695,9.159104779486638,4.827501049013664,4.827501049013664,5.624368801719587
GLLRKIASKILKILR,19,10,9,0.7610945440039274,469,Rank,0.106981148052707,0.106981148052707,False,,1.6782314,1.7295024,5.298362,3.2141888,13.773908,3.850252,7.771973,5.38698,3.8234525,2.6378899,22.941305,5.685911310777345,9.464360311528589,9.464360311528589,9.464360311528589,9.400136499515238,8.1992950919199,5.798882218766269,5.798882218766269,5.253857584781195
GHFKKIWKFWKKRLK,19,10,9,0.7612230471478247,470,Rank,0.109689226794538,0.109689226794538,False,,5.5923715,8.4382715,4.4819455,5.1855206,6.0381913,5.482714,4.829007,2.064608,10.1351185,3.1453216,27.665789,4.800705344401605,4.637010395634669,4.637010395634669,4.637010395634669,15.412505489440221,6.248211818389799,4.102518801120234,4.102518801120234,6.769680843940977
GWVSKATRKFSKAVAHIKKVFNASVGRHSHHHG,19,10,9,0.7613255248394111,471,Rank,0.1415664350990914,0.1415664350990914,False,,2.4938192,2.4380512,1.5707397,1.7280269,14.627198,6.971159,9.883889,6.96036,10.699624,6.342196,20.162592,5.151612040410974,4.8605503121463824,4.8605503121463824,4.8605503121463824,8.284406653769278,5.949001839871449,6.549711803661184,6.549711803661184,8.503904191704054
GKLSSILGKLGKIIRKFFP,19,10,9,0.7626108751756704,472,Rank,0.0620651881541894,0.0620651881541894,False,,1.4165534,1.3836045,4.8189034,5.0081706,6.439475,3.761924,9.510052,7.8467484,5.2518926,2.733948,18.784954,8.75706820442751,4.8243509929492046,4.8243509929492046,4.8243509929492046,10.263098807953341,13.59666844861106,8.511113021787445,8.511113021787445,7.797165976055027
GKLGKFLRKLIPHAISRI,19,10,9,0.7632553815365074,473,Rank,0.1761193447478879,0.1761193447478879,False,,2.8569384,3.4383326,5.5634313,2.7340484,3.6378245,9.690437,12.970576,5.645088,4.5273256,5.2198205,42.18447,5.798861526281045,4.824403962594053,4.824403962594053,4.824403962594053,10.97908045361145,5.53942679640516,4.939287574879147,4.939287574879147,4.956918382569173
GGFKFLPKAVLKAVKKLGSKVGPAIQAISTQSSQ,19,10,9,0.7635396225850603,474,Rank,0.1308924788135593,0.1308924788135593,False,,4.4292293,4.4287243,1.7255603,1.3253419,5.4637704,10.571466,8.304715,8.225796,3.2326012,14.0225725,17.970789,5.54304832515935,5.06544517863601,5.06544517863601,5.06544517863601,6.955816216649962,7.249907891907119,6.012457494535267,6.012457494535267,9.850632392078895
GSIGRIRRILKKINNLMRKF,19,10,9,0.7639501162026683,475,Rank,0.1011413862839381,0.1011413862839381,False,,6.300032,7.7322044,4.576884,3.8033645,7.592617,3.470922,4.837117,4.227597,2.5652745,2.7880824,21.654411,10.40802475851148,3.967347589274138,3.967347589274138,3.967347589274138,9.000722996697597,11.336173547377234,9.23315299276923,9.23315299276923,4.751196505224188
GALKKLGKKIEKLVKDYVRKFIPGIPALKFLK,19,10,9,0.7640175997467452,476,Rank,0.0485023793236278,0.0485023793236278,False,,4.998906,5.0664573,2.677692,1.9526507,4.5269876,5.7482896,7.935273,5.1146626,11.59351,7.777961,25.159002,5.307013321275397,4.914418902278915,4.914418902278915,4.914418902278915,13.45010416994547,6.126287183170608,4.79345664516539,4.79345664516539,5.039636977594872
GILSKLGKKLWEGIKKF,19,10,9,0.7647845386630455,477,Rank,0.1631044611072737,0.1631044611072737,False,,1.9194918,1.4431336,4.084418,4.3465943,9.1272335,15.142841,16.101894,7.6878877,2.5537577,3.4171224,15.160409,7.1854921319613565,8.658005648254605,8.658005648254605,8.658005648254605,8.156243857509264,3.7730025398228446,5.699588744597213,5.699588744597213,3.8068221847370265
GKWFKNLKKILKSIR,19,10,9,0.7649624742138397,478,Rank,0.1019250853434992,0.1019250853434992,False,,8.738512,8.922943,2.9938345,3.328659,5.957128,4.845749,6.5942473,2.765587,4.7794385,2.7767403,29.738182,7.0913413736938375,4.839120222284383,4.839120222284383,4.839120222284383,8.168035195747143,11.479943274166466,4.73379582453331,4.73379582453331,7.306775795239783
GFFSLIPKAIGKAISAIKRL,19,10,9,0.7649662962944648,479,Rank,0.109189245058711,0.109189245058711,False,,1.8317877,1.8880104,4.1906075,2.9342628,4.7562866,8.556112,8.365294,5.350521,3.0042777,3.4140122,16.06456,10.952351894950631,6.773078497828659,6.773078497828659,6.773078497828659,10.593955645036099,12.469116589664104,9.723145775760484,9.723145775760484,3.6728355867327633
RLKAILKFLRKHRFF,19,10,9,0.7665484025396078,480,Rank,0.1643501607247224,0.1643501607247224,False,,1.6560894,1.4315788,6.554618,5.2857313,11.821524,5.944753,7.8287477,2.7700174,13.5446005,3.768556,20.964499,7.518625420380051,4.8093509277566575,4.8093509277566575,4.8093509277566575,12.490701317490478,6.0401065857364165,6.391956096495196,6.391956096495196,6.204574065254634
FQKLFKKLVNGIRKFGKNF,19,10,9,0.7676738816774927,481,Rank,0.1177707082514212,0.1177707082514212,False,,1.9478117,1.718079,4.23656,3.8404431,4.8687077,3.235422,4.978546,9.306313,4.8097982,4.4900913,20.957882,7.897702194714207,7.438364989043875,7.438364989043875,7.438364989043875,7.377465147347998,13.526777707609178,6.559772973815228,6.559772973815228,8.989308636981544
VFRFKLKPKYRLPKLYLKF,19,10,9,0.768700713807354,482,Rank,0.0998819885367408,0.0998819885367408,False,,3.8581674,2.5535724,7.202612,14.56862,4.575833,3.8205733,6.113362,4.6245723,18.419231,4.430728,4.899943,4.941484431323342,5.769829718739446,5.769829718739446,5.769829718739446,8.471415535830936,7.534150764244688,6.196834942742607,6.196834942742607,4.977509147603803
AWRIIIKRIRILK,19,10,9,0.7689797460222354,483,Rank,0.0874862188512831,0.0874862188512831,False,,1.8750172,1.6830268,3.3686595,2.943317,11.238351,8.709741,10.879023,1.5398874,13.954499,5.3191085,23.659435,6.6032185779414485,6.642456006320796,6.642456006320796,6.642456006320796,8.379854717761186,4.691690760336459,6.612819189123056,6.612819189123056,7.994281925057021
GIPLKKFKGAIKAALKGALKAGLGAVT,19,10,9,0.7693624221764355,484,Rank,0.1114185119015992,0.1114185119015992,False,,1.4064356,1.5477034,2.498205,1.658155,5.7813115,4.8089147,5.4389253,6.0639462,9.583533,5.6593156,38.7315,9.43464070187324,6.100348053510894,6.100348053510894,6.100348053510894,8.811067807677855,11.271508559604847,10.125937170561668,10.125937170561668,6.439048231312653
GVGKKIKGIAKMIGKFFKR,19,10,9,0.7719331257096413,485,Rank,0.1758787972876042,0.1758787972876042,False,,2.1815202,4.2291884,3.6208198,2.8878293,12.895884,3.1358867,7.0648446,9.450539,7.66093,8.963766,19.412214,7.548622351243114,4.251257286413467,4.251257286413467,4.251257286413467,6.769357523725224,6.565339154096156,7.170887991459015,7.170887991459015,5.965951349839635
GIPWKLFKKFLKKVTKEVKKKGPGYLV,19,10,9,0.7723216329782344,486,Rank,0.0447681861351681,0.0447681861351681,False,,6.049673,5.009822,2.236769,2.946167,3.6054087,9.482042,8.771039,7.350914,8.786723,3.8363721,26.492474,7.644449217983064,3.5430590872531096,3.5430590872531096,3.5430590872531096,6.702285081202225,11.85012899156712,6.878002130681499,6.878002130681499,5.565818699988326
AFKAILKKVLGKLFK,19,10,9,0.7741311841791652,487,Rank,0.1500576151639126,0.1500576151639126,False,,4.454087,3.5584233,5.207829,4.8857107,8.074847,3.9214358,6.098393,3.2454422,2.419791,2.6953154,18.586441,9.583985843707008,5.390490670880449,5.390490670880449,5.390490670880449,10.953975420487781,12.113987462934835,10.5545365682455,10.5545365682455,4.468916852054491
GTMASLLQKILRKVARKVRITVMNSVK,19,10,9,0.7743196391268179,488,Rank,0.1736084360554699,0.1736084360554699,False,,3.7597272,4.80936,2.6067088,1.963862,6.515161,5.482986,11.140417,4.199835,9.985572,8.91903,34.396473,4.594921075525292,5.466880275847307,5.466880275847307,5.466880275847307,6.3103105895500535,7.37720594717015,5.002547403584635,5.002547403584635,7.393386943922074
GIWGKLKKMGAKVVGHVAKYYLNPRQQEKE,19,10,9,0.7748418967869298,489,Rank,0.1362575796317942,0.1362575796317942,False,,4.1991444,3.7358832,1.4483011,1.5648713,19.383585,13.940441,10.222727,5.8645787,1.539522,2.4703317,5.260081,12.801614858982076,6.384522990107846,6.384522990107846,6.384522990107846,12.016983912635327,12.187429274055155,9.16093772601884,9.16093772601884,6.653665892249195
GRIKRILKKWRQWVK,19,10,9,0.7749983651107571,490,Rank,0.1412177554327612,0.1412177554327612,False,,6.198029,8.186784,3.9237838,3.1283123,7.0389185,5.3522596,6.9075704,4.223227,3.423538,2.7825909,26.335533,4.522598117499734,5.502543846180578,5.502543846180578,5.502543846180578,9.257604292905807,6.68127734350718,5.304295778504551,5.304295778504551,14.041503463168931
GIMKKLLSKLKKIIQRLV,19,10,9,0.7756441864355385,491,Rank,0.1626449511184315,0.1626449511184315,False,,4.951738,4.8715963,4.2664156,3.4693775,8.287643,2.9065957,3.9715614,2.3987267,2.9119308,5.315346,25.194828,4.863578487198753,11.444145711765495,11.444145711765495,11.444145711765495,10.617116416115062,6.006484521944583,5.431871276547434,5.431871276547434,7.432354455179286
GFVSSLWKKVASKILKSLKK,19,10,9,0.7759449654944283,492,Rank,0.0712620294484883,0.0712620294484883,False,,1.7445822,1.871562,3.2296693,5.2542486,12.277728,8.991331,8.886194,3.2378414,9.299806,5.2465453,16.990438,6.0606535629598675,6.216798955792908,6.216798955792908,6.216798955792908,11.410843098370202,5.373653640387955,6.261204949530558,6.261204949530558,6.467650606789667
GLFKKVLKRLKKLFQ,19,10,9,0.7783846246686215,493,Rank,0.1428399460708782,0.1428399460708782,False,,3.5166738,3.5355644,4.689364,4.948128,3.7127755,4.4817467,6.9037547,5.1942906,3.344501,3.9725482,20.552855,5.465087351226438,9.261594703978098,9.261594703978098,9.261594703978098,9.357697348448223,8.133529301312267,6.2871860365587775,6.2871860365587775,6.018682559479305
GVLKKILRKIRKHFKII,19,10,9,0.7795506950639208,494,Rank,0.173012982506243,0.173012982506243,False,,2.0737271,3.2811117,3.2454622,2.7013695,4.628265,4.466073,6.488784,1.8392538,3.9656427,3.0225277,30.170809,6.930902586815739,11.679472392820797,11.679472392820797,11.679472392820797,13.308180595364835,12.053590637032613,7.314792695783241,7.314792695783241,7.731473503956036
GMWSSILKKIRKFL,19,10,9,0.780092159834719,495,Rank,0.1461881010573295,0.1461881010573295,False,,2.8903322,2.770321,6.2060695,3.6853034,11.394417,10.0908985,13.314655,5.279057,5.813989,2.799033,28.031418,6.12309801511245,3.387768018699909,3.387768018699909,3.387768018699909,10.292805921609528,15.847937462161747,5.661011588561494,5.661011588561494,4.758095265409937
GIMGTLLKKLSHVAKHYVPKIFGAGKQLK,19,10,9,0.7804205447929518,496,Rank,0.1205788248499017,0.1205788248499017,False,,1.9186511,2.4855587,2.616552,4.257617,3.8313923,5.681896,15.328719,2.615511,4.531146,5.042681,19.074915,9.441122382061844,6.784153138273341,6.784153138273341,6.784153138273341,8.858051959898805,11.340614757347641,9.975518101865841,9.975518101865841,6.815442642265775
GLWSKIKQVGKVAGKAALNAVTNLVNQQT,19,10,9,0.7812198740251892,497,Rank,0.1160360269114287,0.1160360269114287,False,,1.858329,2.4600046,1.9223918,2.450187,1.3821074,10.220432,11.902255,7.777859,2.7053463,10.529905,60.551212,7.966694034610951,4.679015160174307,4.679015160174307,4.679015160174307,10.773817474755175,13.194090174912024,8.706316991908528,8.706316991908528,9.85979203812039
FKKMLKKLLPKILKSL,19,10,9,0.7820354695821343,498,Rank,0.1710441876760002,0.1710441876760002,False,,5.6200995,9.303039,13.091783,23.67016,7.043965,4.802152,8.646967,3.76542,7.5767097,3.1132193,12.92109,4.25909223445918,4.53672996949257,4.53672996949257,4.53672996949257,5.435397125013088,6.693265552575313,4.045804386298417,4.045804386298417,3.3946563229467572
GKWSKFLRGIKKILK,19,10,9,0.7847829050417914,499,Rank,0.0591321280086074,0.0591321280086074,False,,7.891924,4.795509,6.7838144,6.173701,10.057605,14.40008,15.253773,5.983861,3.0937247,3.4720564,24.382263,5.622961004643044,2.725216392649656,2.725216392649656,2.725216392649656,9.450578275629582,7.315754511512964,4.897854714632284,4.897854714632284,4.79030250603153
GFPRHFYKAKKAFKKLAKKVVESVPKLVPTI,19,10,9,0.7863444924256218,500,Rank,0.0897758819935178,0.0897758819935178,False,,2.7119617,1.9970225,1.5744635,1.877045,1.8632047,5.101486,5.8433642,2.557854,10.217863,9.358935,26.817986,10.037389321240498,8.079662445779938,8.079662445779938,8.079662445779938,12.934074076729758,14.994485649913752,10.750438803598332,10.750438803598332,7.705266301778786
GFFRKIWGRLKKL,19,10,9,0.7869263045946562,501,Rank,0.1448743258859784,0.1448743258859784,False,,15.901377,11.9398,6.1971173,4.7603135,4.806424,11.160848,11.491334,7.651,8.864517,3.5144033,21.362032,7.026978384699909,3.4001882489996986,3.4001882489996986,3.4001882489996986,4.485571653836569,4.503711191184348,4.811746215356562,4.811746215356562,2.4112408544814916
GKLFKLGKKLLESLKKLAQK,19,10,9,0.7872917911041414,502,Rank,0.169865525875352,0.169865525875352,False,,1.7876815,1.5327399,3.3959122,3.1187716,5.0908556,5.2156296,6.43621,4.216631,11.511153,10.489555,23.420164,6.236758808464184,9.588056406675507,9.588056406675507,9.588056406675507,6.661225841958132,7.084724419726957,6.515940685917469,6.515940685917469,8.550588136269978
GILGKVLRKVWTSIKSIG,19,10,9,0.7883607728379602,503,Rank,0.1005268383720312,0.1005268383720312,False,,1.453437,1.4373019,5.6449857,4.5613284,5.504485,9.705674,15.297816,14.262332,4.603419,2.608185,18.4888,6.09139113503286,6.906231739115579,6.906231739115579,6.906231739115579,12.086688755114894,7.205559099053758,4.786689242604236,4.786689242604236,10.498848003517784
GKWASMLKKIAKAGLKIAAS,19,10,9,0.7885174868784903,504,Rank,0.1691158645927421,0.1691158645927421,False,,2.2163496,3.0891485,3.4870079,3.583525,30.415113,7.792276,6.3213243,2.862127,7.446558,9.056622,10.936922,5.257504551865214,4.817857351630239,4.817857351630239,4.817857351630239,14.26609462935312,8.877744186485916,6.556466125572516,6.556466125572516,6.803820130236212
GLFSKIHKGIQKFLRKLVP,19,10,9,0.7886848242294348,505,Rank,0.1024319161442006,0.1024319161442006,False,,1.7402155,2.5306795,4.656375,5.5697894,3.4393044,9.121891,12.461021,7.084876,2.5712953,4.163541,29.390833,7.804373354453233,5.695069197615802,5.695069197615802,5.695069197615802,9.208786495413948,8.011504127711268,8.126633588943307,8.126633588943307,8.494320568087003
GIRSLFKKLGKAALKAGKHLA,19,10,9,0.790300897395427,506,Rank,0.1643360475001328,0.1643360475001328,False,,7.3723226,7.711581,2.9345374,2.5417514,11.243392,6.0496573,10.71902,4.363545,2.4864998,4.7709384,35.86045,6.837138721314777,4.056090963018933,4.056090963018933,4.056090963018933,6.659576796142371,9.58838538996014,8.408907965955436,8.408907965955436,5.411255787073771
GAWVKKWKSFAKGAGKAVLKG,19,10,9,0.7909609403797473,507,Rank,0.161965648411349,0.161965648411349,False,,5.5739155,5.1810856,1.3043084,1.7945063,27.766363,7.2187834,7.23587,6.177248,10.92117,12.49978,9.60751,5.641655336044704,4.762479072502725,4.762479072502725,4.762479072502725,7.889568327589035,7.613772625889877,6.473740984459484,6.473740984459484,5.412421899166164
DILGRIKKILKKFR,19,10,9,0.7910366091943188,508,Rank,0.1668692675402475,0.1668692675402475,False,,4.2342353,4.08768,2.9344127,2.7111084,9.274411,5.8447366,6.3561416,8.521898,7.355419,2.3105474,28.35487,6.5886783072814685,5.906283149093773,5.906283149093773,5.906283149093773,13.038004577749984,5.360689201771699,6.6572245960762535,6.6572245960762535,8.078334103104998
GILSSLWKKFKGIVAKALP,19,10,9,0.7932513865659683,509,Rank,0.1031817849742309,0.1031817849742309,False,,1.4408282,1.4298205,5.300487,3.2314641,9.052155,12.660837,17.42965,8.148914,2.3875484,2.2350612,11.788032,8.408524820585848,5.866965625566681,5.866965625566681,5.866965625566681,13.395056257579087,11.431383455916942,7.982978067081578,7.982978067081578,12.240511016536425
GLLKKLLRKVKEAAKKVAPAIALNPLVNA,19,10,9,0.7932767668791831,510,Rank,0.1444845518304022,0.1444845518304022,False,,9.72159,7.462734,1.6934452,1.3926836,8.521127,10.901298,14.89534,1.7530777,10.772327,9.78773,40.35578,4.850435833006304,4.4744697582661646,4.4744697582661646,4.4744697582661646,8.451529566651791,5.837288417007695,5.5196332124016,5.5196332124016,6.3617987504742715
GLFGKIGRVAKKVVGLITK,19,10,9,0.793745745463657,511,Rank,0.1628956684023165,0.1628956684023165,False,,6.5706244,8.053043,4.127334,3.1146708,10.956857,5.655011,14.377346,8.789761,11.280754,6.0332875,23.940975,5.694551789712094,2.803811482933889,2.803811482933889,2.803811482933889,5.1438334988043435,5.596173719897202,5.2830245451396545,5.2830245451396545,8.566588825381494
GKLLKKLKLILAKIK,19,10,9,0.7939297162758983,512,Rank,0.1132320612613569,0.1132320612613569,False,,3.3839288,3.0209014,3.8554273,3.7590048,8.284804,2.5034528,4.76527,2.4632173,10.608352,12.641862,21.805244,7.224335521757832,6.05812543972431,6.05812543972431,6.05812543972431,13.889495974733677,7.488215315140944,8.44599156478378,8.44599156478378,6.015622060752518
GKLKKFLKKLKKIFRKLKE,19,10,9,0.7941232988298862,513,Rank,0.1224799592210828,0.1224799592210828,False,,3.8823986,4.2617474,4.805486,3.2524347,3.9589922,4.6112976,6.163885,6.8669996,6.148587,5.5617547,23.915792,7.07785524331991,7.114649991989149,7.114649991989149,7.114649991989149,8.833836343439046,4.873091653849245,6.7632080905691305,6.7632080905691305,9.300562107331059
GIILSKLKEFFKKIKDSLKAKGKGLIRGM,19,10,9,0.7943452260647768,514,Rank,0.0733125979623824,0.0733125979623824,False,,3.8029516,3.9379275,3.6733973,3.4942164,4.3485217,3.495193,4.4613934,5.9578156,3.9485228,2.4814231,18.636839,10.06564735523287,7.0995856925546965,7.0995856925546965,7.0995856925546965,15.700567175631797,11.733243203406635,10.17388211188571,10.17388211188571,7.913573678111474
GIWSKVLKKGKKIISHFK,19,10,9,0.7945942943237949,515,Rank,0.108846376720153,0.108846376720153,False,,3.35166,4.244987,5.748837,6.4402547,15.05123,12.074658,12.481937,12.725241,11.785579,15.055453,36.169735,4.49518069775099,2.269005076674486,2.269005076674486,2.269005076674486,5.6919998277930395,6.102920599659913,3.1251886308977146,3.1251886308977146,4.484075943664093
LKWLSKIKSALKHIARH,19,10,9,0.7958094869883607,516,Rank,0.0998992149726369,0.0998992149726369,False,,1.7413074,1.895775,2.54003,2.6026397,7.593826,6.4367175,9.068516,4.598928,9.498907,8.752735,29.250938,11.329746678280864,4.349270403152353,4.349270403152353,4.349270403152353,10.96600903187318,12.228505293659776,9.20901399261946,9.20901399261946,7.189220826171934
SKIKGFLKGLMKIAKHIG,19,10,9,0.7966464082212011,517,Rank,0.1752160983741565,0.1752160983741565,False,,4.658877,11.257653,4.262843,3.4324102,6.9564543,7.1108174,10.508118,2.8739736,5.315084,6.621892,23.358133,8.876852344969826,3.5044398208607204,3.5044398208607204,3.5044398208607204,9.609722313953764,8.56355130488228,7.598212516168171,7.598212516168171,5.009017733121201
AKVLHSWKKSLKNLLKILKH,19,10,9,0.7980688667469042,518,Rank,0.1202693716460336,0.1202693716460336,False,,3.3767083,4.7328815,2.4226055,3.0711377,6.9869394,2.7033126,2.817034,1.7134017,10.097742,13.761561,29.579708,10.221198318547863,5.779833476898463,5.779833476898463,5.779833476898463,11.66596096376138,8.277396657951618,9.626872541726026,9.626872541726026,11.62581078091269
GKWKKLLPKIREIFKKV,19,10,9,0.7988688021454906,519,Rank,0.1429987198475107,0.1429987198475107,False,,14.093157,10.351694,4.5846233,3.9298606,2.4672055,7.2906904,7.976495,7.1161766,4.401627,2.7898228,38.46521,4.8061533489538855,3.2984467253321506,3.2984467253321506,3.2984467253321506,13.331279997115729,10.603550340195419,5.0195111215761745,5.0195111215761745,12.19025305270823
GRFGKLFKRVRNFGKKIGQRIHEL,19,10,9,0.7992767978192346,520,Rank,0.1405496602863822,0.1405496602863822,False,,4.7039847,4.477221,3.0634272,2.1835184,2.7720063,4.1123004,20.298815,13.421544,3.0055916,3.8779774,12.438668,8.076979374217805,6.3872101145268765,6.3872101145268765,6.3872101145268765,12.342957112468802,12.470355647623252,7.79877774367526,7.79877774367526,7.739306296346154
GKLGKYLGKLLRKIRV,19,10,9,0.7996404583107358,521,Rank,0.142935832979119,0.142935832979119,False,,4.924112,5.3477216,3.6118898,3.4429426,4.542909,3.7025821,4.873541,5.3301573,13.692139,4.813233,32.262268,8.594005706091812,4.627042288339156,4.627042288339156,4.627042288339156,10.603925809544947,8.689199027289543,9.114580916534557,9.114580916534557,4.961304246491852
GLVRKLFGKLFKIGKKFGQ,19,10,9,0.8006613271622779,522,Rank,0.1636195938047925,0.1636195938047925,False,,6.797106,5.867873,4.3023133,3.8984559,4.3440466,5.4466434,5.470636,18.320694,2.9520779,5.643895,13.440881,7.794681552786838,5.978736603705108,5.978736603705108,5.978736603705108,8.796382555754825,7.9696707901898804,7.223742627747533,7.223742627747533,4.762049006455913
GIGSILGKALKFGKKLLPHLLS,19,10,9,0.804045533864841,523,Rank,0.1126432492295839,0.1126432492295839,False,,2.282687,2.0854352,4.159849,2.5769403,5.7289863,9.513085,15.240519,4.721036,1.8653035,2.5956078,35.994057,12.162916024399957,6.692363532775168,6.692363532775168,6.692363532775168,12.346165977379583,11.735597736559123,11.245713245407456,11.245713245407456,5.171809004854241
GIIKKILGKIFRARRKNLRK,19,10,9,0.8046235087009075,524,Rank,0.1552444327479942,0.1552444327479942,False,,1.9381266,2.1369622,8.872151,4.1889043,3.9040697,3.4099634,10.303358,4.2965245,4.480426,5.4753704,23.501335,13.167306398722268,6.629885428649233,6.629885428649233,6.629885428649233,9.593068703769056,6.68974083403728,11.690589305063346,11.690589305063346,7.02940334486562
GIPLKKFGGKIVSAAKKVLSGALSAVTS,19,10,9,0.8047545203697919,525,Rank,0.1464352900350672,0.1464352900350672,False,,2.419641,2.5015054,3.2955499,1.6999258,7.4932537,7.4445457,9.446388,15.111347,12.947633,8.603628,85.38287,6.697821598984639,3.5640621538068715,3.5640621538068715,3.5640621538068715,9.919839933145905,6.9242452729150274,6.176000888080358,6.176000888080358,6.100965968546782
GIFGKLKSIGKMVIGAIKQHK,19,10,9,0.8056210466781912,526,Rank,0.1527571844615057,0.1527571844615057,False,,1.7597587,2.4254599,5.0478926,4.133125,4.8473573,13.4096575,7.9595637,8.790778,3.095698,12.364968,17.28644,9.12198441490931,4.745468205619808,4.745468205619808,4.745468205619808,9.668364009025229,11.934727453474997,9.339747299616503,9.339747299616503,4.926362214250502
GLWLKKKECVIEYFRKIAERFKKIGEGIKRF,19,10,9,0.8072519973467512,527,Rank,0.1189180303915838,0.1189180303915838,False,,7.636872,7.6179004,11.880262,10.447178,23.557507,5.9970894,7.016849,8.766856,12.448311,13.730041,15.099866,2.975808276531231,3.6054967853888935,3.6054967853888935,3.6054967853888935,3.8858572050580253,6.769636247131061,2.662435959125028,2.662435959125028,3.3154474199295474
GIMEKALKTLVKKTKGLLLPKFCKLKQFQ,19,10,9,0.8078930695625933,528,Rank,0.1651452748924074,0.1651452748924074,False,,1.4422184,2.037562,3.670281,3.5363195,4.0246263,3.2402108,10.848225,2.77168,6.1952763,11.178566,33.051823,7.625051807756663,10.645270723971771,10.645270723971771,10.645270723971771,11.01091139653461,8.215926017569029,8.491171157660679,8.491171157660679,7.0032245521111065
ALKKILSRIKKLLK,19,10,9,0.8080879821354591,529,Rank,0.0730075032543435,0.0730075032543435,False,,2.5998344,3.0532577,5.6560273,2.985515,10.8519535,4.014989,6.5355935,4.573759,9.6221,2.1914985,26.073385,7.234424154285136,6.583520610308226,6.583520610308226,6.583520610308226,15.459315784304447,6.501678263237619,10.761752536073427,10.761752536073427,6.2921685726908025
GLVGSLLHKVKKAALGLGKNFFRKGTRQV,19,10,9,0.8083144770058281,530,Rank,0.1524136934806864,0.1524136934806864,False,,3.8993425,3.8659167,3.059376,2.4264154,4.5448003,4.8428106,11.225226,6.101812,2.2885354,3.6646163,40.952312,9.348303595858138,6.560565280828926,6.560565280828926,6.560565280828926,10.132295799824046,13.420203426163708,9.618613065239556,9.618613065239556,7.621990368021723
GIPLKSLFKKLASVAKKLGPQILNAVNEA,19,10,9,0.8091514506679671,531,Rank,0.0991387612241645,0.0991387612241645,False,,2.9770172,2.7434916,2.0917943,5.6912937,11.072057,13.024426,12.924715,2.9208922,4.9712873,11.7557125,49.93061,4.79663261045978,6.418636542546591,6.418636542546591,6.418636542546591,7.12518194131167,6.64256358098608,5.424230849070663,5.424230849070663,5.586414236484481
AGILHSIKKIGKWINRFLKT,19,10,9,0.8129710939035164,532,Rank,0.129525156407736,0.129525156407736,False,,1.684524,1.7329934,4.561108,4.915157,3.5524936,10.609994,15.459447,4.177297,2.824844,2.3302116,18.778397,12.379258737127829,7.579621052311997,7.579621052311997,7.579621052311997,15.699282955032606,10.595537677035942,10.313210424857996,10.313210424857996,9.676676831089976
GRLKRILKKYLKLL,19,10,9,0.8133028617133865,533,Rank,0.0781986793342543,0.0781986793342543,False,,9.773848,15.328836,3.2482526,3.2434335,14.677056,5.5846496,7.217521,5.4649305,7.9057183,5.459515,24.49506,3.3936454730529935,6.577827070828471,6.577827070828471,6.577827070828471,8.504417738401829,6.0110680548057225,3.6980063560088774,3.6980063560088774,5.065249134382646
GKLSKFLGKLRKAIRKF,19,10,9,0.8136097022583648,534,Rank,0.1730800203230434,0.1730800203230434,False,,1.4687952,1.6829312,6.2121377,3.709411,3.515515,3.3486178,6.1918087,9.379939,4.5905204,5.2991896,24.355627,8.963858223261331,9.54910058856432,9.54910058856432,9.54910058856432,11.402680485994356,10.510866319076042,9.992509242721372,9.992509242721372,8.683617315345742
GWWTSLLKKLKPAIAKAAIR,19,10,9,0.8140452147570102,535,Rank,0.1466108751527549,0.1466108751527549,False,,2.4101348,1.5937577,2.7142801,2.8189497,9.192166,13.659269,6.401268,4.016414,11.396948,4.85069,28.241293,8.233910481927559,5.192789234980143,5.192789234980143,5.192789234980143,15.991826606597286,10.517432023227393,8.730298073193,8.730298073193,8.721637078560168
GIKLHGLLKKLLKKIKSH,19,10,9,0.815484204629168,536,Rank,0.118322161747516,0.118322161747516,False,,6.8582206,6.7104673,3.7649848,5.121642,8.470285,3.410679,8.00752,2.2046974,8.087251,4.6553073,35.944294,6.513095712172443,6.250754067319286,6.250754067319286,6.250754067319286,9.389555737883015,7.607952387734831,7.2655404384956475,7.2655404384956475,5.553271629459013
FQKLLSKVRNALKKFL,19,10,9,0.8157382350343354,537,Rank,0.1312268377078795,0.1312268377078795,False,,1.8670682,2.450291,2.5237756,3.515834,12.678148,3.6927593,6.939652,4.692296,9.631162,5.674344,28.120962,8.529544633062224,6.862843600867378,6.862843600867378,6.862843600867378,8.726021590776051,12.091599903548898,8.57668950293272,8.57668950293272,10.143217928248266
GGLKSLFKKAGKLALKAAAKQALPGIANA,19,10,9,0.8157392798300563,538,Rank,0.1373461658519738,0.1373461658519738,False,,3.8758097,4.735707,4.7254186,3.2511203,3.1344774,6.4248853,4.614944,5.1713657,3.8572786,6.1644707,27.01219,8.489567761592054,6.70325099702694,6.70325099702694,6.70325099702694,13.847986393642987,12.040561860745093,8.559342405625591,8.559342405625591,7.592241619686532
GGLLSSLLKKLKKIAAKVI,19,10,9,0.8162074853476039,539,Rank,0.1455137794883375,0.1455137794883375,False,,1.4463651,1.4253688,5.669292,5.8887305,15.964345,6.480063,8.355026,3.4597454,6.941934,4.884221,30.158506,8.241198079037876,6.152059658827149,6.152059658827149,6.152059658827149,13.165474082316418,6.998585628422227,8.922019657596998,8.922019657596998,7.121328126018964
GRLKKILGVIAKSIRQLH,19,10,9,0.8163081575551647,540,Rank,0.1512414656500717,0.1512414656500717,False,,2.0942054,2.9664285,6.2240777,2.8808124,8.998332,4.4180436,11.34598,6.701428,5.9657974,6.398683,49.238102,5.871985842941369,4.962573630766735,4.962573630766735,4.962573630766735,13.574103994513242,11.344621741699312,6.6813892148263525,6.6813892148263525,6.787621401860349
GIGRKLQGLLKKFKGKVIGYRVLNRGQQM,19,10,9,0.816739710911811,541,Rank,0.1551122250411774,0.1551122250411774,False,,4.3319407,4.7372904,1.7804167,2.5710537,4.36856,4.877143,12.830986,10.676872,6.8797092,11.259103,18.732454,5.9089392929049005,5.044541875945568,5.044541875945568,5.044541875945568,13.846097362220386,13.29760583759396,6.450433601972496,6.450433601972496,9.35016157278832
GKLSSILRKLKKILAK,19,10,9,0.8181784755705891,542,Rank,0.131133026273843,0.131133026273843,False,,1.4565443,1.5427485,6.570047,4.0461655,12.694905,3.280637,5.177439,3.249962,9.145227,3.8095975,29.153044,10.610415670661382,6.215935553955246,6.215935553955246,6.215935553955246,13.79333169152569,10.534718686339398,13.645119413614236,13.645119413614236,7.879550112993956
WKLKSLLKHLLRHF,19,10,9,0.818647816350046,543,Rank,0.0655303998857659,0.0655303998857659,False,,8.281416,10.765641,2.8201914,4.5673604,8.486329,5.0230536,8.609395,3.0232346,10.98057,2.6585934,25.750189,10.304090570952111,4.907651803789002,4.907651803789002,4.907651803789002,8.696478997588086,9.0523032688427,7.642900813704286,7.642900813704286,4.399756922569049
GINFKKILEKLLKKLAGQL,19,10,9,0.8196668624472213,544,Rank,0.1340372373279846,0.1340372373279846,False,,2.8022063,2.5421352,3.417615,3.4738805,15.485988,5.220481,9.963084,3.3176997,7.7958713,5.853399,25.239592,8.109860624883025,6.477183898562588,6.477183898562588,6.477183898562588,10.042741264997902,12.388297255899168,8.049521475817086,8.049521475817086,5.349202121061873
GFLGKILGLGKKIVSHLKQKI,19,10,9,0.8225999846738843,545,Rank,0.1651463126295096,0.1651463126295096,False,,2.0193722,1.7949618,5.4839554,4.999974,5.2731743,6.944065,14.23334,5.869799,1.7341973,7.663065,30.474113,8.006641252410615,7.958449791285254,7.958449791285254,7.958449791285254,9.476768060902247,12.129795616682841,7.6905155197397,7.6905155197397,8.3802687608232
GKLFKLGKKLLKSGLKVLEKV,19,10,9,0.8248634016450271,546,Rank,0.1297893642739493,0.1297893642739493,False,,9.589838,5.322662,5.159798,3.6836913,3.7678847,6.5107417,11.422968,5.232396,5.28153,9.838717,25.29618,6.25417109218249,5.528377606940858,5.528377606940858,5.528377606940858,7.720136497152506,6.203283256840431,6.545795509208324,6.545795509208324,7.750269371018152
GIISYIRKFLRKI,19,10,9,0.825914502419199,547,Rank,0.1253669438393284,0.1253669438393284,False,,2.2967436,2.4845557,4.7633862,5.192098,10.755637,7.579028,11.671274,8.832859,4.1560516,4.812851,37.92557,11.701601167369809,4.397873333809325,4.397873333809325,4.397873333809325,10.040296434165377,12.938050988114382,7.671403400525738,7.671403400525738,4.8177793276285605
RALWKSLLSKALRAAAKKIGG,19,10,9,0.826811948252297,548,Rank,0.1163824235561341,0.1163824235561341,False,,2.4122427,2.2039175,13.365729,10.525377,46.521137,12.424988,6.3657484,4.8941493,8.445702,7.5946836,10.461948,4.5247561955877105,3.8182227200915055,3.8182227200915055,3.8182227200915055,13.784486354356487,8.909736584438942,4.262299048159018,4.262299048159018,6.767668705356021
GKLGRLLKNLLKHIAK,19,10,9,0.8271026023516201,549,Rank,0.1195796915679294,0.1195796915679294,False,,6.0517726,5.506383,2.780231,2.2526405,6.59028,6.7011867,14.57624,3.0129967,11.050736,7.8725443,51.61115,7.237524611235109,3.875728404746313,3.875728404746313,3.875728404746313,9.038935188009674,9.711860207083864,8.893868813519624,8.893868813519624,6.551330048140215
GIIGRILGKIKEFGKSIIKRIP,19,10,9,0.8273416604578732,550,Rank,0.0935866601801179,0.0935866601801179,False,,2.731399,2.3483908,5.5526347,3.8416972,11.338392,3.6155908,10.983357,8.329871,10.746184,4.2852387,24.122892,9.250976895985184,7.12008893500768,7.12008893500768,7.12008893500768,10.938318438177443,6.360028302243405,6.895198177760277,6.895198177760277,5.594298466914951
GFFAKILGKIGRHHYKLVTRAFQ,19,10,9,0.8323182110391454,551,Rank,0.1740583988629722,0.1740583988629722,False,,1.5170652,1.5090554,5.0770183,6.5524497,4.689053,9.008951,16.472208,4.418869,5.0680847,7.037713,4.8909345,13.75996712691451,6.579295142455669,6.579295142455669,6.579295142455669,15.223112674431574,15.678151509036256,13.877598381932303,13.877598381932303,6.019637529013838
GLLRSLFKKLKVIFQRK,19,10,9,0.8325955535561065,552,Rank,0.1746131731177939,0.1746131731177939,False,,4.146241,4.4454055,4.9194274,3.7340431,13.592575,2.3014586,5.63746,10.089495,4.42667,3.9437823,24.8483,6.845566644358017,8.406376298664462,8.406376298664462,8.406376298664462,9.931579817225144,8.296699821327044,7.967151083513147,7.967151083513147,8.071252557787318
GGLLSGLKSFAKGVLKQLAKCKIKTHVG,19,10,9,0.8333660577824242,553,Rank,0.1543005070798576,0.1543005070798576,False,,1.9458929,1.700733,4.4629507,5.0964684,5.4981656,13.283899,13.451278,2.9116328,3.018184,8.685914,22.71788,8.582332048962087,7.4569047163374576,7.4569047163374576,7.4569047163374576,15.70558439964003,9.879674398573583,8.838958996487493,8.838958996487493,8.402761282742803
GILSKLLGKVRKAAKKFLA,19,10,9,0.8336711524613094,554,Rank,0.1395023760028691,0.1395023760028691,False,,1.5557562,1.5878857,4.6151886,2.8361638,14.861312,6.0696244,6.9422946,4.738833,11.232297,5.8948193,42.13427,7.092661222814685,9.051565324461235,9.051565324461235,9.051565324461235,10.16889570751625,7.056388868291113,8.449096387604545,8.449096387604545,6.536066146015361
GSLNALKAFIKKFRKSIVKNVRR,19,10,9,0.8354653691899465,555,Rank,0.1726613971760268,0.1726613971760268,False,,1.5494636,1.3997473,4.118017,2.0795667,7.479029,6.953472,7.0510683,3.5235434,12.494497,13.994799,31.392683,7.289441642593853,9.95789162949034,9.95789162949034,9.95789162949034,12.288459628258007,8.445655412712686,6.904055831765539,6.904055831765539,10.91651835578507
GVLRKLFKKLKEHFAKHIL,19,10,9,0.8357377117153604,556,Rank,0.1251859624887094,0.1251859624887094,False,,1.6172612,1.9169003,3.4575832,3.379193,14.970452,14.865934,11.626398,2.3132386,5.0062947,4.3353057,34.066406,9.110136200622161,7.61800585158996,7.61800585158996,7.61800585158996,12.340114897241376,11.970778015967134,8.497522461069112,8.497522461069112,7.529370959829814
GILSKFLKALKKIGTGLPSLV,19,10,9,0.8367148707308146,557,Rank,0.1183628410419212,0.1183628410419212,False,,1.7021929,1.8899096,9.078426,10.062343,3.5439067,5.586658,11.4353,5.3052955,6.6822586,10.770657,40.050533,6.532651106849214,7.569620322564688,7.569620322564688,7.569620322564688,6.9184222830387565,8.602835125247076,6.927549360877528,6.927549360877528,6.586474086251318
GPFKLMGKIGKLIGKGLQGLIH,19,10,9,0.83700287883733,558,Rank,0.106779619507465,0.106779619507465,False,,9.107964,11.274544,3.266357,2.2054453,4.4159718,6.2955728,18.101343,6.3681216,3.4072347,9.068122,12.118474,11.051391822873093,5.341644252078449,5.341644252078449,5.341644252078449,7.376750343930808,12.115214510134805,8.165506565921511,8.165506565921511,6.1691033896126575
GKFSKLFKKLKKSLLSHIL,19,10,9,0.838074911359232,559,Rank,0.1028795959300781,0.1028795959300781,False,,5.934853,8.615893,5.8017335,10.489326,5.0165186,3.888302,7.63403,4.2576413,5.2646537,3.91153,28.063446,6.97502350192978,6.489543324122499,6.489543324122499,6.489543324122499,10.180486017760433,7.054136607424412,7.976628177733296,7.976628177733296,5.814342596619126
GIIGTKIKGIVKAGMKLFRRRNKERVKN,19,10,9,0.8393956765646365,560,Rank,0.1309325354657032,0.1309325354657032,False,,2.4381704,1.7254478,5.058877,3.9339123,5.756256,24.548397,11.877676,6.386689,2.4011526,4.8787804,6.68663,13.755677161340941,7.651767466772135,7.651767466772135,7.651767466772135,15.272940098561401,10.20949440023546,11.981932109442699,11.981932109442699,6.327209164564192
FGRIVRAIKKIGKQFQRNLN,19,10,9,0.8415453159764553,561,Rank,0.1527756561819244,0.1527756561819244,False,,2.2245324,2.3791454,6.218258,4.235422,10.837543,5.0834026,9.906996,7.56828,3.1613522,4.307104,28.0852,8.472008511881507,6.363199394867086,6.363199394867086,6.363199394867086,13.080726507398476,14.995922143166664,8.618325593019454,8.618325593019454,9.675136388742569
GLLKVLGKALKKLLPSIAKG,19,10,9,0.8419248522240771,562,Rank,0.1395156590377769,0.1395156590377769,False,,2.03554,1.9158514,4.6464047,2.2213833,11.633791,9.868146,12.670672,4.9282327,3.4298055,4.0225496,30.20752,8.39504737698233,10.667741328954843,10.667741328954843,10.667741328954843,11.305748177499916,7.491624004826294,8.786401788559484,8.786401788559484,8.602870546142944
GKLSKILKILKHIGRI,19,10,9,0.842428818079141,563,Rank,0.1428476253254343,0.1428476253254343,False,,9.220866,13.17538,9.840641,5.050964,11.535673,3.685442,7.598198,3.9822872,6.1907077,3.898711,39.435917,6.063264291487616,4.080069738543588,4.080069738543588,4.080069738543588,10.782101097980789,8.585154713896499,6.047917241431102,6.047917241431102,6.844510707353997
GKLMKLMGKAALHAVKRAGKAAAKAAAEAAAEAL,19,10,9,0.8431911062645373,564,Rank,0.1444407593246905,0.1444407593246905,False,,8.270327,8.36083,6.0371017,6.768347,14.55883,10.419836,9.884163,2.0441134,13.002223,14.465959,23.441683,3.9899320529567994,5.174354987455765,5.174354987455765,5.174354987455765,5.01039284477813,3.659900602298341,4.577735863198864,4.577735863198864,9.01107088989346
GLFSRISKLIKKFR,19,10,9,0.8438214716639159,565,Rank,0.1320912727139896,0.1320912727139896,False,,2.8055904,2.717524,6.9987373,7.135035,12.819239,2.4685237,2.5722299,12.382559,3.8999333,3.9578972,27.131136,8.98707585294638,8.686463754869306,8.686463754869306,8.686463754869306,12.783355564960612,8.220536910497215,9.27773908627905,9.27773908627905,8.78678044544442
KRIPIRIPKVTIRIAQVGVAAVARKMVNS,19,10,9,0.8451009240787485,566,Rank,0.1689981852053557,0.1689981852053557,False,,3.4687123,3.6189885,9.230206,7.4531374,6.404791,5.4037204,7.640277,1.8792459,11.18438,12.120507,32.386013,6.5569016629187,6.406820143324321,6.406820143324321,6.406820143324321,7.747976407767662,9.525100296850765,7.115480021608574,7.115480021608574,6.574144790737205
GILFKKLASKILKKLRILD,19,10,9,0.8452074030279182,567,Rank,0.1270947761144466,0.1270947761144466,False,,4.191842,4.893863,3.3127048,4.014081,12.870288,4.7728567,8.296279,2.0187778,4.671587,3.8801298,27.25075,9.419001470347323,9.450085412366409,9.450085412366409,9.450085412366409,15.42571476015266,9.650029939878223,9.521179293612583,9.521179293612583,5.392960744559103
GGLGSLFKKFLKTGLKIIPS,19,10,9,0.8462542692229669,568,Rank,0.1763430808671165,0.1763430808671165,False,,15.676189,15.572202,7.098779,10.104217,1.6934106,6.7801714,7.3003507,4.9267044,4.1415367,3.4942842,27.52287,5.843861440722697,5.306239859532185,5.306239859532185,5.306239859532185,10.984886263922967,8.836501595802963,7.0543418567966905,7.0543418567966905,6.928551544830726
GKLSSLLKKLKKFIAKSH,19,10,9,0.8465046313415439,569,Rank,0.1355407108416131,0.1355407108416131,False,,1.650399,1.7178121,8.646994,12.93988,5.966214,5.1850038,7.555633,2.3406248,14.710949,13.397384,27.692244,8.418550046180657,6.055390599830954,6.055390599830954,6.055390599830954,9.72454971942709,7.465071992802006,8.976575642476675,8.976575642476675,8.22005178777448
GFLGKVAKLLKKIL,19,10,9,0.8467111379945547,570,Rank,0.0896297686095319,0.0896297686095319,False,,3.1867416,3.0363505,5.4216766,6.7353773,13.764119,6.8861547,13.239307,6.0273275,3.414266,5.547665,27.405718,7.5571410756196,7.289597712548348,7.289597712548348,7.289597712548348,10.650218845661387,9.15416846021848,7.6861428417399535,7.6861428417399535,3.6745306862057774
GKLGKLFSKAEEKLKKRGEKFRRIFEKIRIIVS,19,10,9,0.8478878845930262,571,Rank,0.1580019077758886,0.1580019077758886,False,,12.433189,12.2665,4.9788465,4.8438616,7.8048744,4.357122,9.829778,15.092464,13.808314,10.366733,24.821836,5.0965268640410235,3.358467629251155,3.358467629251155,3.358467629251155,6.650021472853321,5.791412258509564,5.379079996274663,5.379079996274663,6.396268418525402
GFLSKILGMGKNFLQKLKNKIQ,19,10,9,0.8480066093906051,572,Rank,0.0881265026433239,0.0881265026433239,False,,1.6307175,1.6721537,5.9079585,11.451929,12.531616,11.735626,11.896813,7.012914,7.786414,11.267769,16.026365,8.003059738760443,5.030524946274428,5.030524946274428,5.030524946274428,8.825678250746227,7.2722663849880895,7.105754253664861,7.105754253664861,8.681083958486022
FGKLFKIAGKLLR,19,10,9,0.8484947194281756,573,Rank,0.1495916712050369,0.1495916712050369,False,,3.9170654,5.376185,3.5430212,4.369455,9.004214,14.307165,10.445833,11.737679,4.649274,5.886888,18.693031,12.517218532044874,4.067313486403774,4.067313486403774,4.067313486403774,7.268065679775524,8.964283897317841,11.579049224655344,11.579049224655344,4.8136220799555804
SWLSSLFKKIKKIGKVISG,19,10,9,0.8507612545687234,574,Rank,0.094081453230434,0.094081453230434,False,,2.2921844,1.9723947,7.479652,12.834062,9.090901,12.414182,14.705644,4.683093,4.8089,2.7305422,16.333557,12.987619691167135,4.681134802271987,4.681134802271987,4.681134802271987,15.79117494353408,8.927700698855435,11.41508482712917,11.41508482712917,5.8495651183899255
GIPFKFLGKVIEKIRGIFK,19,10,9,0.8507732663755162,575,Rank,0.133082311646565,0.133082311646565,False,,3.6149347,3.2729387,8.956909,8.965572,1.6264029,6.2850213,8.5245495,10.070409,3.0773318,3.4746225,22.519043,9.263870262153855,9.658528484817454,9.658528484817454,9.658528484817454,9.712729298063316,9.683335424094693,9.77357153674618,9.77357153674618,6.883467998545149
RIIGRIARRLKKLF,19,10,9,0.8516861864968517,576,Rank,0.0514499677886403,0.0514499677886403,False,,3.3817415,8.197322,5.2807107,4.071282,13.342113,2.2169926,6.12471,6.261736,6.518082,4.2296934,39.44081,10.10620555078305,7.276347682893489,7.276347682893489,7.276347682893489,11.609394273455823,5.357226520054548,11.014553966722533,11.014553966722533,5.004172100140824
GLFGVLKKLGKVVAKVVPKIA,19,10,9,0.8517613647842047,577,Rank,0.1390901868258859,0.1390901868258859,False,,6.7055755,6.4913898,3.5615103,2.4473133,9.5457325,5.2027054,7.5529127,4.928353,2.9411051,3.012176,21.139326,12.56493005015891,6.545172065833177,6.545172065833177,6.545172065833177,15.401763583076903,9.864949096825123,14.872726108380641,14.872726108380641,6.973057514689776
GILSKILKGLKKIIVK,19,10,9,0.853955540951669,578,Rank,0.1412142271266138,0.1412142271266138,False,,1.7925234,1.8361253,3.9154477,3.6658804,10.006457,4.2335253,8.9918585,4.5452194,5.149024,3.0769265,32.378555,11.60116605514854,9.575592314798664,9.575592314798664,9.575592314798664,13.191718214174958,11.34882639358926,14.090514595330975,14.090514595330975,9.444805606594063
GLFRLLYKKLFQRIK,19,10,9,0.8559030316901893,579,Rank,0.1407617737500664,0.1407617737500664,False,,3.6958287,4.2763405,4.1379256,3.782273,16.276173,9.343435,10.741266,14.672895,10.815106,8.484414,6.717549,5.652867307816063,7.601506439404218,7.601506439404218,7.601506439404218,8.139394140075536,7.13956757320368,6.3056425370953155,6.3056425370953155,6.259747716465986
GMWSKILGHLKRIFR,19,10,9,0.8567067857222561,580,Rank,0.0761877523776632,0.0761877523776632,False,,2.2328944,2.6290424,8.97587,5.8153152,13.618643,11.94373,14.185413,3.6632504,3.2350502,2.553105,29.563871,11.970630153483276,5.3628085130181145,5.3628085130181145,5.3628085130181145,11.773321663378297,15.95364771224863,9.82782713769793,9.82782713769793,6.429226932098311
HFAEKLLHVVRAGKKMMSLIKKKIS,19,10,9,0.8599282436818865,581,Rank,0.1010191408533021,0.1010191408533021,False,,2.1329184,3.3013113,3.8969617,3.3696601,6.696266,11.893473,8.488633,4.30229,10.173599,5.0854173,30.580984,7.331939586066555,8.068446039842353,8.068446039842353,8.068446039842353,12.242866527549076,12.799706948428732,8.82643896620752,8.82643896620752,7.8961913571432945
GFIRSLWKKLMEKIKNF,19,10,9,0.8603812074943835,582,Rank,0.1385055257425216,0.1385055257425216,False,,2.0519888,1.7314069,4.957433,3.7886682,7.2895155,9.941071,10.693406,6.1582866,1.9179778,2.0742087,17.615976,10.019128232459943,13.784206363605614,13.784206363605614,13.784206363605614,12.58607258652407,14.741657574641224,11.551319787440754,11.551319787440754,11.125538333036348
GLFGLIRRGISKVGKQIIKNGRILS,19,10,9,0.8603906693012542,583,Rank,0.1328010848918761,0.1328010848918761,False,,11.037877,15.20609,5.0942073,4.4047832,6.229303,2.493885,11.485516,27.607264,8.753012,13.237716,14.898856,5.5041526474065705,5.072006606071141,5.072006606071141,5.072006606071141,9.420558020171987,4.872822801122754,6.011167054136765,6.011167054136765,4.229520709763552
GIKEKFLHTVKRVLRVIKHVGPQVQEVKN,19,10,9,0.8610551718290644,584,Rank,0.100729197106955,0.100729197106955,False,,6.2218356,5.6679664,2.522048,12.654534,6.2861385,5.765293,7.3345966,9.2842455,5.0151753,13.786435,42.773304,6.086582623456105,4.580667053872012,4.580667053872012,4.580667053872012,10.79533851257804,14.503881455516753,5.710044338957452,5.710044338957452,6.7820324478887795
GLVTSIKRFVKKFLKKKPVLVLALKLDVAA,19,10,9,0.8619074745294203,585,Rank,0.0774052255459327,0.0774052255459327,False,,3.8115723,3.4641888,3.419111,2.390843,6.8601418,6.7270555,12.283917,1.8841765,6.7377944,7.7335725,28.75356,9.66423547723977,8.404703554940967,8.404703554940967,8.404703554940967,12.167266989298085,12.488760899433975,10.070655002163608,10.070655002163608,11.329504108921315
GKWFKKKLLPLRALF,19,10,9,0.8641687423712391,586,Rank,0.0839411013628393,0.0839411013628393,False,,6.0201945,3.1285708,4.5841208,7.918659,6.8983893,5.8296113,9.871931,9.380216,11.307176,6.5731306,27.94628,7.125328626911359,4.877455561507668,4.877455561507668,4.877455561507668,12.323508319301677,11.681367229227789,6.65863727858073,6.65863727858073,6.881361595392846
GFLGPLLGLGAKVGKTLFKKIG,19,10,9,0.8666088698980587,587,Rank,0.1040976917406088,0.1040976917406088,False,,5.489034,5.829334,6.1375628,6.0463314,2.3101072,9.841469,14.691676,6.12472,1.7930932,4.90856,17.516546,9.697177405821758,8.410477659355173,8.410477659355173,8.410477659355173,15.623879690553387,9.109218513055087,11.963636701929078,11.963636701929078,4.882202614488982
GKWLSGLKKLLKKL,19,10,9,0.8670125345716858,588,Rank,0.1303150818899102,0.1303150818899102,False,,3.1078303,2.743767,12.000875,16.832508,9.827244,11.600022,15.206065,6.5429535,6.379201,6.05493,11.503329,4.689189193208267,6.565351768926427,6.565351768926427,6.565351768926427,12.142577645546737,10.405579544649347,5.368173817923966,5.368173817923966,5.219178300861087
GIVLSALKKVVKKAGKQALKAAGAFAKA,19,10,9,0.8692215747579957,589,Rank,0.1688871473354232,0.1688871473354232,False,,5.678575,4.707931,3.4759529,2.2657378,4.225676,6.3499327,5.9001265,2.1036139,10.247093,5.118293,39.340492,12.904105534868119,9.485270233507093,9.485270233507093,9.485270233507093,15.921109124749123,14.170080370304351,11.68312126883618,11.68312126883618,4.939463829780051
GWLSKIKKMAGVAAKAAGKAVLGPAANQ,19,10,9,0.8697432545172716,590,Rank,0.1216759205143191,0.1216759205143191,False,,6.363596,6.8467884,1.1017327,1.6128728,35.67973,10.370176,8.902718,5.5967736,11.085532,13.694939,11.765435,10.396803219328465,4.880183481062236,4.880183481062236,4.880183481062236,6.687763470177617,11.325987436759808,10.643050223894663,10.643050223894663,9.390939868663148
GLLRKTLKKWLKSL,19,10,9,0.8712572150537173,591,Rank,0.1700272053158705,0.1700272053158705,False,,3.6809957,3.3881047,9.493774,11.217485,4.238423,7.4937468,9.347097,3.102431,7.038185,3.9197135,25.14873,8.53430576476409,7.835910381555638,7.835910381555638,7.835910381555638,14.750198016384795,10.786881869403715,7.591645621695819,7.591645621695819,8.328605298320186
GLLGGLLRKGLKKIIKGGIK,19,10,9,0.8717372024908755,592,Rank,0.1585270027495882,0.1585270027495882,False,,8.689002,7.471198,4.3156266,4.8716965,9.412143,6.4458795,10.77215,6.6440296,9.334584,10.120869,23.577412,7.234376495873122,5.8491011055636335,5.8491011055636335,5.8491011055636335,10.987561104133702,5.646901249597202,6.534336880012476,6.534336880012476,5.374811649311754
LKAFRKILIFFKK,19,10,9,0.872915161951633,593,Rank,0.1691878835476329,0.1691878835476329,False,,3.6000354,2.7029204,3.0365293,3.677947,9.028513,7.9174867,9.01305,9.589117,15.756961,4.575359,35.072266,8.777742960952711,5.742676931413471,5.742676931413471,5.742676931413471,11.30270734316264,9.514966503958034,9.257179936346976,9.257179936346976,11.04566001108081
GKLNRIIQKVKEHLKNFRKW,19,10,9,0.874015967805742,594,Rank,0.1331923117793953,0.1331923117793953,False,,3.1357996,3.5766492,3.3629684,3.49017,10.514863,11.9787035,12.526141,14.801943,4.997767,4.677524,48.190968,6.344311462498746,5.638915023434345,5.638915023434345,5.638915023434345,10.813889295697491,11.655654486102696,6.986997922596591,6.986997922596591,12.466577247911406
GSLSSFGKKLLSALKKLI,19,10,9,0.8759526564339843,595,Rank,0.0714131239705648,0.0714131239705648,False,,1.4372647,1.5639017,7.000859,13.951998,12.066684,6.472134,11.337328,4.9381833,10.527221,9.755391,31.301424,7.384939292196964,6.46587377320833,6.46587377320833,6.46587377320833,10.586609854025523,13.309236341603343,7.375446461730855,7.375446461730855,6.997905613831582
GAFWSRGKRIASKIRNIFQRVQNVIPVYTGV,19,10,9,0.8781726636606247,596,Rank,0.1636868391690133,0.1636868391690133,False,,6.1307425,6.3281903,4.581825,4.5860677,6.308196,4.5090246,12.386522,19.13788,2.6968348,2.6692967,14.013196,7.591626867273627,8.721110414882693,8.721110414882693,8.721110414882693,11.703313271042257,11.749447823612849,8.309877955736415,8.309877955736415,13.803732310489224
GIGLKFLHSVKKFGKKIAQSLGEKYKNG,19,10,9,0.8799672222132177,597,Rank,0.156830717682376,0.156830717682376,False,,3.4312897,4.534871,2.484908,6.0644746,2.6123457,17.774382,8.150332,11.620651,2.7702208,10.808017,15.211392,6.972513950987258,12.198269589464699,12.198269589464699,12.198269589464699,10.599685816153892,13.979794233845103,8.259840927122365,8.259840927122365,6.61511030478817
GKFKKLLGKLLRHLL,19,10,9,0.8853889333547457,598,Rank,0.0733825414430689,0.0733825414430689,False,,14.120095,13.771216,7.3084235,4.7943883,7.846737,8.054017,14.686688,4.891702,6.16863,7.914978,23.823332,6.768813117106334,4.825928413294966,4.825928413294966,4.825928413294966,9.02864451397669,8.476376884760501,7.235182759612721,7.235182759612721,4.652628571476658
GKLSSLLKKLKSLIKKLGQH,19,10,9,0.8877029868711375,599,Rank,0.1148449122655544,0.1148449122655544,False,,5.833444,5.7742224,5.5288415,2.222936,10.19557,7.9505196,11.217144,4.1053157,5.9594393,5.3639307,29.37118,8.490448659742484,7.774228579804461,7.774228579804461,7.774228579804461,11.894011390343014,10.917534206386657,9.558362902399033,9.558362902399033,8.2663118959354
GKLRKRLGKLLKFALKA,19,10,9,0.8880202279450901,600,Rank,0.1105850014611338,0.1105850014611338,False,,10.253353,11.033263,4.4324236,3.0897315,11.39752,5.652417,8.2244005,2.91728,12.901191,13.891052,23.083765,7.361343243974247,5.403665122635913,5.403665122635913,5.403665122635913,15.580064663240416,4.689740118644112,7.666502850432551,7.666502850432551,11.655721672754645
GILSKILKSLTKKISPLL,19,10,9,0.8891928249559662,601,Rank,0.1343952566282344,0.1343952566282344,False,,7.842798,7.7546606,8.086822,15.449941,10.989576,2.58851,7.9334927,7.116106,11.45319,6.7877727,35.825397,5.213336524580451,7.069576002194558,7.069576002194558,7.069576002194558,6.56891011842563,7.395936318963129,5.443027882029163,5.443027882029163,6.746400473581166
GKFWKKLKKAGPKIGPVLSEILN,19,10,9,0.8942057779246518,602,Rank,0.1669772959725838,0.1669772959725838,False,,7.9478564,8.341593,3.556023,2.6098475,12.468866,12.016879,12.5734825,8.7269125,12.245805,7.0774627,20.244946,6.762935200889583,5.477209657909879,5.477209657909879,5.477209657909879,12.010662281898037,8.754535046246835,6.613129586998084,6.613129586998084,8.442927280230437
GILSKILKGLKKVLKNLAS,19,10,9,0.8977649164309252,603,Rank,0.069239479836353,0.069239479836353,False,,2.1357362,1.7749289,4.3349547,2.3448594,10.3414955,7.4125695,11.973815,4.3363414,10.773351,6.813189,45.11278,10.202009134487577,10.254296289150918,10.254296289150918,10.254296289150918,12.898046524095653,8.709713549969337,12.313188721302623,12.313188721302623,9.48172218038102
GFFGKLLSMGKRFCRKINR,19,10,9,0.899159770994569,604,Rank,0.1611861003001966,0.1611861003001966,False,,12.818201,10.91618,6.417015,5.2989044,14.30274,9.909856,15.698482,5.777902,6.131605,5.360831,16.851568,9.393603025495974,4.828952249960756,4.828952249960756,4.828952249960756,8.344330306775602,9.14893595333765,7.439300170852737,7.439300170852737,6.353314159632618
GFASTLAKKLLKHLAKKAL,19,10,9,0.8991776674419961,605,Rank,0.1719536604723447,0.1719536604723447,False,,4.7866564,7.196903,5.8125567,5.3404436,14.154178,3.7902865,6.042469,3.021725,8.652594,3.18458,48.752632,11.554668549246678,6.450865637108032,6.450865637108032,6.450865637108032,12.672018200206516,14.735119992684535,12.14221435284048,12.14221435284048,8.013118410660837
GRLKSFGPKIGGGLKGLIKTVPPVILTGEKLLGSF,19,10,9,0.9022601817649567,606,Rank,0.0845809700600393,0.0845809700600393,False,,11.097905,15.047579,15.619416,14.455087,2.1667051,3.9327705,12.941934,11.654141,5.758839,6.0706377,43.538296,8.65356742455267,3.9596199907323077,3.9596199907323077,3.9596199907323077,8.65614739973158,15.215960617358498,7.319231355150749,7.319231355150749,3.9690015734463127
GIASLLGKALKGALKGLAKTVAQKAANK,19,10,9,0.9041669459704293,607,Rank,0.1241498857658998,0.1241498857658998,False,,3.4381046,3.5100138,4.0601935,4.126219,6.811532,6.246967,5.7049956,4.5159936,7.2162495,9.257668,53.084267,15.565364496670691,6.420016218217567,6.420016218217567,6.420016218217567,14.032911125196332,14.568891818038875,14.673576262718813,14.673576262718813,8.501518940474918
GLFGVLRKLASKLKKVYAVAGKA,19,10,9,0.9050510430264737,608,Rank,0.156932415918389,0.156932415918389,False,,4.8223014,4.4752393,4.206982,2.5340247,12.928558,13.281905,9.391842,1.3744123,8.494586,6.2270966,38.79387,11.621886312495151,8.282103429306986,8.282103429306986,8.282103429306986,11.112832442097655,10.55390791413862,13.42028446792659,13.42028446792659,8.646482390515903
GALFKISVKTTLKKMISAGKGALEKLERNILTGR,19,10,9,0.9096575377841326,609,Rank,0.1060488450401147,0.1060488450401147,False,,1.7020446,1.7806658,5.88912,6.4839416,11.549221,9.852831,10.39025,3.0845094,6.628793,8.626981,20.722027,12.964425370578272,8.736123208010534,8.736123208010534,8.736123208010534,14.118122165779305,12.713209373470752,14.608796486376427,14.608796486376427,9.420762304108097
GIAGKLAKLAKKVLPSVFCK,19,10,9,0.9105084923768306,610,Rank,0.1674928437649434,0.1674928437649434,False,,8.769082,8.769945,4.3240256,3.4347787,13.562432,12.379497,12.513189,3.8020306,7.749629,6.093333,20.785442,8.252308058792813,6.258478069409526,6.258478069409526,6.258478069409526,13.828557269977901,9.303444785923793,9.70489962265688,9.70489962265688,7.391424767457074
GIPLFKLLKSFLKKIPSIVGLISTEKEQG,19,10,9,0.9161838574186312,611,Rank,0.1592588149540407,0.1592588149540407,False,,6.2840905,8.263604,12.673285,14.216118,2.5413206,4.355771,13.327263,7.2359295,3.535623,4.9345016,18.576843,8.620984982792766,9.323408003108614,9.323408003108614,9.323408003108614,10.207841118495642,13.076113499567304,8.553851153970518,8.553851153970518,9.539752981453782
GLLSKILKAGKKILPSLL,19,10,9,0.9166789464679855,612,Rank,0.1147164404123053,0.1147164404123053,False,,2.0758145,2.7027667,8.214268,5.721711,7.5055976,5.1887302,10.622728,5.4793696,10.589267,2.6775641,27.76333,10.90862251767476,10.887709419568651,10.887709419568651,10.887709419568651,15.858250536633864,12.302192250675553,12.210446724213103,12.210446724213103,11.187068740870377
GILSKIMKHGVKGVLKVL,19,10,9,0.9263942273528624,613,Rank,0.1320288009404388,0.1320288009404388,False,,5.3495107,6.143726,5.5094857,6.168382,12.898191,6.0169063,13.073041,4.8441305,7.0193887,10.893826,24.517124,9.512255884587491,8.244216303159497,8.244216303159497,8.244216303159497,11.340876242286326,8.867011490830219,9.700105798964808,9.700105798964808,6.496868646540324
GLLSKILKAGKKLVPSLLK,19,10,9,0.9291486889653047,614,Rank,0.0595360152887731,0.0595360152887731,False,,1.505283,2.1505482,6.8026066,4.008169,6.345269,6.269279,9.674725,5.6889696,8.824646,5.7402043,37.06866,13.044569741584786,13.037725434666731,13.037725434666731,13.037725434666731,15.730737758425395,11.14859428012016,15.240585000786831,15.240585000786831,8.95789353189048
GIFSKILKKGLKIIAKSGL,19,10,9,0.9359130672264996,615,Rank,0.1690442607326922,0.1690442607326922,False,,7.5501432,12.710331,3.9596918,4.883506,10.219574,6.2299953,6.8659205,8.291514,13.444556,10.410517,27.115896,7.597326175201158,8.840133356130552,8.840133356130552,8.840133356130552,9.823188299459703,9.536218577189235,7.47398672930402,7.47398672930402,7.455723781854932
GVLKKLLGKGLKAGKKLLQKI,19,10,9,0.9374717526514443,616,Rank,0.1307507239254024,0.1307507239254024,False,,5.6128573,5.950311,3.5504289,3.378689,6.52616,6.575132,7.216301,5.233109,9.463558,14.288547,24.08266,12.39958511477231,8.259922548161294,8.259922548161294,8.259922548161294,14.869974820138161,15.271850149284209,11.93317147497457,11.93317147497457,11.755741679705785
GILGKLWSGGKKIGKIVRRF,19,10,9,0.9434355877802263,617,Rank,0.0816176079910738,0.0816176079910738,False,,3.85682,4.2972794,6.7932878,4.231515,19.074537,8.794362,15.833298,11.016952,6.193413,8.003711,12.674982,11.281670447817369,9.869775621786411,9.869775621786411,9.869775621786411,15.775885856113263,12.558788986044917,8.538720322340778,8.538720322340778,5.385556873577561
GLRGKLRKIGQFLNRSLKKF,19,10,9,0.9465175488632376,618,Rank,0.1491846707135646,0.1491846707135646,False,,7.499441,5.454537,4.1372547,3.5313106,9.658103,9.298337,11.836498,15.965919,5.4147534,9.92035,20.4843,12.599570599324508,7.063927452295189,7.063927452295189,7.063927452295189,11.401115635159456,12.080681948672014,11.946671015791976,11.946671015791976,8.74274652474914
GKLSSLLKKGLKALAKAL,19,10,9,0.947830347453908,619,Rank,0.0869202370357579,0.0869202370357579,False,,3.5006437,4.338812,8.472352,9.869835,15.639846,11.617427,15.87273,4.0127716,13.858896,12.996759,52.184994,6.480338695237825,7.046119131418834,7.046119131418834,7.046119131418834,10.772525212105492,8.868873621243146,7.574234403291808,7.574234403291808,5.271271243614343
GFWKKLLEKIKGIL,19,10,9,0.9582909707481339,620,Rank,0.1329575756468838,0.1329575756468838,False,,9.35439,8.636843,5.72544,12.931185,9.143289,15.761516,13.833926,7.328711,14.244644,4.9782715,24.416794,7.732417944441192,6.421071879125821,6.421071879125821,6.421071879125821,12.699840606213149,13.5817480683915,7.129572081203104,7.129572081203104,5.393748327661626
RWGKVKGIRKKIVARLKIF,18,11,7,0.7549895466615083,621,Rank,0.0632006800913872,0.0632006800913872,False,,2.1702693,1.9851887,3.3051348,2.914515,1.9270613,2.2642932,3.270264,1.4325937,4.508618,2.8370576,8.099254,8.361838382480608,9.378003503792002,9.378003503792002,9.378003503792002,29.222183698021343,48.98348137901307,15.45251931929174,15.45251931929174,6.073451714911227
VRVIKVVVRVYRAYNKLKQN,18,11,7,0.8015476875629591,622,Rank,0.0652796826018808,0.0652796826018808,False,,2.6257179,1.3957548,3.5772111,4.464928,4.796801,3.4239538,5.8113546,4.524978,1.5686703,6.083468,14.375444,10.448514074252229,8.205657813451221,8.205657813451221,8.205657813451221,14.141431800570468,16.016937191303466,12.135733571576052,12.135733571576052,16.079043284176738
GIDLKIKGTWKGYLKWIRKKRSSFHR,18,11,7,0.8026352458414067,623,Rank,0.1489266892699643,0.1489266892699643,False,,2.1557746,1.9929271,8.151269,10.715981,3.4206755,6.0736504,3.8894897,2.904472,4.4936857,7.183829,8.300795,18.325000690256235,4.34841689902993,4.34841689902993,4.34841689902993,18.938882936394457,14.346710933106479,13.676775101590211,13.676775101590211,6.246568998540761
GIPIKSFSKQFLKGALARVLRAIRKGFG,18,11,7,0.8057736525372409,624,Rank,0.0657290227671218,0.0657290227671218,False,,2.1928291,2.7591596,2.81868,2.5947776,8.492571,4.7220364,5.5243025,1.7041043,3.9126081,5.76944,15.105885,9.217169685805326,10.717677955617171,10.717677955617171,10.717677955617171,18.428684994734596,17.35127386793836,10.292102454044715,10.292102454044715,5.958316875881139
GWLTSFLKKGMKVIAKIKGK,18,11,7,0.8158282879743277,625,Rank,0.1116877009059029,0.1116877009059029,False,,1.679765,1.7235454,2.7427568,1.7237904,3.2089317,6.369088,5.489536,2.46065,5.4050174,3.668273,12.333163,15.095804180654342,11.781435908738683,11.781435908738683,11.781435908738683,19.402077462925515,24.163150437291442,13.624553721037428,13.624553721037428,10.441647453006288
GWLSHFRKKVNGRVKRFLKK,18,11,7,0.8374322992392369,626,Rank,0.0820393443493969,0.0820393443493969,False,,2.5583858,1.8516618,3.548015,2.7228243,3.5992036,6.3273325,6.8193736,3.238172,5.141332,5.05192,8.079521,15.792267278396467,9.535278907894096,9.535278907894096,9.535278907894096,24.682407001149553,20.880912549325345,15.86276516110257,15.86276516110257,6.5370906469762
AIWKTLFKKFRNLYKKKL,18,11,7,0.8375389569474413,627,Rank,0.1175156324717071,0.1175156324717071,False,,2.615202,2.575867,11.86461,9.654907,2.6253774,9.773571,9.214387,2.4613655,11.737821,2.1102927,12.152798,9.536035347496641,5.8313261957652545,5.8313261957652545,5.8313261957652545,16.631006610732253,17.30320828412859,7.638978754342549,7.638978754342549,13.12409275493954
GKFSKMLQKYKIFWKGKLHGRRL,18,11,7,0.8543453653665145,628,Rank,0.1445333254742043,0.1445333254742043,False,,2.0334725,2.515402,3.4104269,3.6005929,4.4201183,7.180978,6.976383,3.8405232,11.574381,5.124854,15.370418,10.163786202916949,9.94300607964001,9.94300607964001,9.94300607964001,21.353735210829832,16.962884214640468,8.741388347751,8.741388347751,9.070529933375468
GRLPRKIRRALKKFNNGVIYLYLGAHK,18,11,7,0.8691865301914433,629,Rank,0.0716501431247011,0.0716501431247011,False,,4.385455,5.1749597,2.741407,2.92812,11.554662,2.73686,7.0789742,5.1311827,8.274423,5.1415358,8.098971,10.398549899995263,9.609279179115193,9.609279179115193,9.609279179115193,18.475895466075254,19.58712657578892,12.851454526459724,12.851454526459724,6.085027397483434
TMWSWKSLWKTIKDKVTRFGTKYKNLEK,18,11,7,0.8734828705873612,630,Rank,0.1063645246665958,0.1063645246665958,False,,1.7721719,1.6433502,4.7794333,4.957352,3.56167,13.589766,14.230669,2.07153,6.5825267,2.647693,10.161166,15.952487290486044,10.792144647526264,10.792144647526264,10.792144647526264,20.11895031271824,19.307363403725105,12.530470726547934,12.530470726547934,13.829119058934754
GIGSKLIGAGKFALKGLFKAMARGMPPS,18,11,7,0.9663490634029384,631,Rank,0.1311203658811965,0.1311203658811965,False,,3.6454067,6.212021,7.2162137,3.5937834,2.8586197,8.245778,15.482876,6.498596,10.857224,11.768704,12.871846,14.114518618359355,11.979735315663252,11.979735315663252,11.979735315663252,17.029513639807526,16.300314825076313,14.640698434513954,14.640698434513954,6.418950159249501
GWFTTLKNLAKHIVKGAIRIAAQRQQ,18,10,8,0.671404855385098,632,Rank,0.1457541194012008,0.1457541194012008,False,,1.3259017,1.16692,2.1743054,2.4587262,5.535304,5.3967557,12.918711,4.399244,3.0954607,3.5587583,36.956154,8.56745184695091,3.551735932912137,3.551735932912137,3.551735932912137,5.852292138037399,16.6455937331471,5.789001212860116,5.789001212860116,3.7404663013026056
GVWKSFKKVGKVVGKVALNAVNQLPH,18,10,8,0.7247157093800707,633,Rank,0.155537074610807,0.155537074610807,False,,2.6103337,2.1878183,0.9733341,1.1207185,2.629779,4.6260896,9.066114,4.9166827,3.061872,4.722974,22.747957,7.651519631836482,4.734843238582065,4.734843238582065,4.734843238582065,13.666113771206993,19.89854539008191,9.835988174592206,9.835988174592206,13.143466478401251
GFLPKILKVGAKIVTKIPQVIGRAGKLNR,18,10,8,0.7420342156037163,634,Rank,0.1660566156155358,0.1660566156155358,False,,5.4934316,5.563784,2.3168495,2.1631956,2.8167946,1.483634,5.3757687,6.556224,3.8388243,4.550529,16.418499,9.237102438412604,5.709423703116818,5.709423703116818,5.709423703116818,13.173209853663007,16.045592682422253,8.014759418448707,8.014759418448707,4.58739249615456
VKLFKKLLKKLAKQALKKAA,18,10,8,0.7685915278150002,635,Rank,0.0656341735959832,0.0656341735959832,False,,1.8981184,1.351237,1.5652354,1.837984,9.492669,3.5021088,3.7026186,0.63168967,3.775188,3.7721276,29.774944,13.460874097320806,8.81867741859693,8.81867741859693,8.81867741859693,22.524945840095274,12.268827290625516,15.928155410173213,15.928155410173213,14.950863812519652
ALGGVIKAGEKIKKIIKKAIKTGSGPKWILK,18,10,8,0.7752057141412023,636,Rank,0.1629056306784974,0.1629056306784974,False,,2.173512,1.4796599,1.6787494,2.4666374,2.6802146,4.1989565,9.355535,6.293737,11.535575,10.578402,26.12495,8.531998637729293,4.66990650309287,4.66990650309287,4.66990650309287,16.441842702802493,11.894109334195266,10.326671488309596,10.326671488309596,6.262067763856362
GLPIVKALKKFWKGGKKLISLRTLQR,18,10,8,0.779211230597098,637,Rank,0.1084671875830189,0.1084671875830189,False,,1.806297,2.0974998,3.6776986,2.2708552,2.35595,2.4988105,4.4459276,2.4931448,6.7619014,7.8415046,24.552244,11.139111780546274,8.587874586163839,8.587874586163839,8.587874586163839,13.430119939291973,17.310391093498048,11.348941654134691,11.348941654134691,6.760737633777024
GALSKILKSWGKVVKTFVKGAMEKLPGA,18,10,8,0.7845407153667393,638,Rank,0.1320887821449444,0.1320887821449444,False,,1.6274034,1.5441356,2.7911816,1.9899096,6.2715244,5.1400027,8.3587885,6.146439,8.8976345,3.5829506,18.098139,10.857966108832324,5.600833086762129,5.600833086762129,5.600833086762129,19.17400415700168,9.088735917271753,11.337234673433121,11.337234673433121,8.610385433262971
GALKSLLKGWLKKIPKIIP,18,10,8,0.7852832896756536,639,Rank,0.1427695874953509,0.1427695874953509,False,,2.3335934,2.184449,3.2032273,2.5139875,1.7941847,5.8710866,10.13192,5.6332183,14.121076,4.3963165,25.102604,12.435414966372468,4.822654947585695,4.822654947585695,4.822654947585695,16.423858760891928,9.539475417883589,10.087819264180931,10.087819264180931,5.936428453942154
GILGKLWRKALSKVAKI,18,10,8,0.7979464806361363,640,Rank,0.1559895279873545,0.1559895279873545,False,,2.5137022,1.8288949,4.089549,2.75361,21.88276,7.6026793,9.445769,2.6743557,3.9459968,3.1597598,12.793637,6.457007559040422,9.227991855140486,9.227991855140486,9.227991855140486,16.313322228601997,5.899371102543865,8.254961001763588,8.254961001763588,7.8774935072495955
GGLKSVLRKVAKKGLQWLANLA,18,10,8,0.8005073342069299,641,Rank,0.1492869915918389,0.1492869915918389,False,,1.5599631,1.7309653,3.8628862,2.4539638,6.223855,6.2254634,10.513349,2.6343298,2.3238084,2.4681478,28.503199,8.496787761325828,10.641271236405458,10.641271236405458,10.641271236405458,16.28847574499354,12.255202554876888,11.071181817782096,11.071181817782096,9.099809425779721
GWLSKAKKAIKVVGKAALKAATNAIPEGLQQSE,18,10,8,0.8049299086376024,642,Rank,0.1727672463604484,0.1727672463604484,False,,1.9378012,2.205423,1.1908555,1.2983464,5.7821875,5.2149005,3.9216087,5.891536,7.5485625,8.028539,31.633177,9.477673347365831,6.787338211851632,6.787338211851632,6.787338211851632,13.743735749894343,17.245237617725547,11.254850887447423,11.254850887447423,15.981558266353659
GALWSKIKGWGKKIIAKIRDSLRDAVAE,18,10,8,0.8069726801196418,643,Rank,0.1063466755884384,0.1063466755884384,False,,2.9686608,1.9240161,3.0336463,1.8628805,31.268509,6.7674003,9.249184,8.342119,7.967652,2.4130175,13.493225,7.604413536950145,5.880859044761827,5.880859044761827,5.880859044761827,10.434848357866487,16.34056123277601,7.947347119255956,7.947347119255956,6.0538749166522186
GWKSKKKFPQKIKDGLKKFAKNIPRL,18,10,8,0.8069732493686091,644,Rank,0.0735712020482439,0.0735712020482439,False,,2.8311543,2.3300576,1.6147187,1.4323927,2.0844061,7.146173,9.092906,8.007299,15.4672785,7.148268,25.445383,9.1932364947492,7.382588243808845,7.382588243808845,7.382588243808845,16.439085421538326,9.659854158273196,9.39252014072021,9.39252014072021,5.7147938083945675
GIKTLKLFDKLKELAKAVLKAAGQQLRNQR,18,10,8,0.8094121486828435,645,Rank,0.153284043588279,0.153284043588279,False,,2.329775,2.575239,2.0666008,3.4452982,7.5603113,5.112302,6.6128874,2.6276004,5.0259466,12.000713,29.50188,6.81405280361871,6.340342205313184,6.340342205313184,6.340342205313184,12.178146198041617,18.63952055281621,8.061780321088037,8.061780321088037,11.793028603543585
GILGKKLLSPIKKIIAKW,18,10,8,0.8120684788194573,646,Rank,0.1201292771372403,0.1201292771372403,False,,1.9919505,1.863939,5.196293,3.4239595,2.4163713,4.312988,11.756916,4.29319,3.383182,3.443214,24.200441,10.021837492340506,7.839595697435544,7.839595697435544,7.839595697435544,17.007814779828543,14.318900046076687,12.944036413064737,12.944036413064737,9.031980879559503
GIMRTLIKGLIKKIGKHF,18,10,8,0.8139281978309351,647,Rank,0.1562541509484087,0.1562541509484087,False,,2.0266273,2.1340182,4.0946255,3.1732283,3.329013,5.1152797,6.9469104,4.003247,3.6343956,2.666721,22.92456,11.203659920592834,11.289808413634386,11.289808413634386,11.289808413634386,13.163042229750255,16.8907700811005,9.86207109845674,9.86207109845674,9.213297044168938
WKEFHKLKKILKFLK,18,10,8,0.8142712546478179,648,Rank,0.1312969887359864,0.1312969887359864,False,,8.3372555,12.045356,3.5658329,6.3335395,5.4239607,3.8159754,4.7174406,2.674599,15.539081,2.508065,34.9771,5.004023754310461,5.7386130801549395,5.7386130801549395,5.7386130801549395,19.31968376411094,12.459550553964158,5.7416934015074,5.7416934015074,3.1843235382090254
WIPRLARKVRKVVKKVRNIL,18,10,8,0.8161192427308842,649,Rank,0.0946793973487062,0.0946793973487062,False,,2.5187147,2.7472847,3.3586173,3.178385,4.028966,1.9686077,6.0616617,3.2199097,5.378798,2.7692168,19.264912,15.089946210249137,10.679390141327971,10.679390141327971,10.679390141327971,15.653146684601015,22.98437356065569,12.387481172877191,12.387481172877191,6.309725162105667
FIKRLWKKIKGLLK,18,10,8,0.8227723393788619,650,Rank,0.0785749628075022,0.0785749628075022,False,,12.762211,11.398881,4.754437,3.7070322,4.93275,8.231379,9.701969,3.3888135,2.2990942,2.555223,17.273918,6.713855776866486,7.127934266285496,7.127934266285496,7.127934266285496,17.91158966334826,6.061858118886654,8.64022608121148,8.64022608121148,4.169023441197059
GVWGSILKKLKKIGSAIGK,18,10,8,0.8251092552706852,651,Rank,0.1038318234950321,0.1038318234950321,False,,1.4364644,1.4244891,3.7494388,2.9212515,21.904015,13.56254,13.970362,11.513163,7.1089168,3.6362357,12.4258375,11.499275926135422,4.1883860945264155,4.1883860945264155,4.1883860945264155,16.5947541339968,10.132671270015035,10.45733118018594,10.45733118018594,5.947036106472801
GWLSKWKELFKKAKEKVKGFIGGI,18,10,8,0.8284597969773667,652,Rank,0.1138636280617395,0.1138636280617395,False,,1.3017886,1.3890274,2.811872,1.452283,21.539879,12.4789505,15.652481,9.351225,8.114009,4.111411,14.872147,7.351911014878819,6.620305470348716,6.620305470348716,6.620305470348716,17.72159190393845,15.221671130832952,7.378329888807314,7.378329888807314,8.213141335256902
GKLFKVLKKLFSKKKKLLQP,18,10,8,0.830229001276857,653,Rank,0.1116600970989851,0.1116600970989851,False,,3.2872543,2.795488,3.8203409,6.3333526,3.1025715,3.3166375,4.7033863,2.4679723,2.4584448,2.9401443,25.631205,10.733958963191801,10.71229270766271,10.71229270766271,10.71229270766271,23.041983445359712,9.50739802713835,13.42309176194892,13.42309176194892,15.69967079581951
GFASLAGKLLKKLAKKILAK,18,10,8,0.8355432234961938,654,Rank,0.1459620819164762,0.1459620819164762,False,,2.5357285,2.273788,3.7974784,3.6354618,5.7050076,4.838089,5.4047384,2.1198332,6.1060357,5.829811,19.035734,13.832809213063557,7.44321369108355,7.44321369108355,7.44321369108355,17.00232088152397,13.595504069800702,15.68000642229476,15.68000642229476,9.293495793742943
GGLWKSVKEKIAEIIRAAGQRIQNFLPVSVGLPK,18,10,8,0.8370629874896844,655,Rank,0.1554797915227671,0.1554797915227671,False,,4.129403,4.4161963,2.6175575,2.875385,37.052547,6.3734,10.598549,8.707505,13.808265,14.046495,12.677627,5.525255511339357,3.6758905578207677,3.6758905578207677,3.6758905578207677,10.25844880778907,16.4992366221867,4.934384787814979,4.934384787814979,6.625302850880673
GRLPKIPKKYRNLVTVGRRITEFRGIFGAFKDIFR,18,10,8,0.842763748856086,656,Rank,0.091726205103342,0.091726205103342,False,,3.4420598,4.1402135,2.8399906,1.9536613,2.6880498,3.808402,10.996423,22.385572,6.2098765,11.403278,6.8213286,9.402949380887868,6.320514054144551,6.320514054144551,6.320514054144551,13.312740265741704,16.52174231490395,10.639288118184387,10.639288118184387,12.595531776897213
GFLGKILGLGKKFLPSIVEKLK,18,10,8,0.8459937611909784,657,Rank,0.1648175575155411,0.1648175575155411,False,,3.0705545,2.3486226,4.9805965,6.1675525,3.47225,5.59793,11.723161,7.1575856,1.9787444,5.4468017,18.504234,9.8006591028364,8.253923284614876,8.253923284614876,8.253923284614876,16.859388069443483,11.523957257133489,10.484169617631823,10.484169617631823,9.805071988499476
IWGKWKKFLRGIAKS,18,10,8,0.8471866499801897,658,Rank,0.1608702131262951,0.1608702131262951,False,,2.369227,2.7558875,5.3780336,3.020716,11.090021,5.664823,8.334738,3.5709221,4.3517513,5.269802,21.44746,10.915922074535468,7.419140225114615,7.419140225114615,7.419140225114615,18.963373413798852,12.08469500017133,8.56887472898743,8.56887472898743,12.00566207577401
GKLSSFLKKWKKFIFK,18,10,8,0.8473782553335687,659,Rank,0.1045457866213272,0.1045457866213272,False,,3.8815951,2.7428498,3.3336227,9.457655,6.1958494,3.8045402,3.688756,5.885584,4.4117074,2.1443937,21.687813,14.161137254499812,9.12119071655099,9.12119071655099,9.12119071655099,16.862063107014926,11.399970300484386,11.809062955628155,11.809062955628155,8.728817238773944
GIMSKLWGRLKKIGKKIGQ,18,10,8,0.8558542034647582,660,Rank,0.1076218469395887,0.1076218469395887,False,,2.5787363,2.6694515,4.12456,2.9194808,24.83174,4.4591393,7.5758595,6.6666255,3.3167577,3.9284058,10.535416,13.74882958429548,6.500097262122619,6.500097262122619,6.500097262122619,23.37130593968583,14.71031895534805,13.868048056831846,13.868048056831846,8.242005696380263
GIMSKLAKKLLKHGLKIIA,18,10,8,0.8641256834495291,661,Rank,0.129329854285107,0.129329854285107,False,,2.2134862,2.0188344,3.3094656,3.046852,6.604751,7.714234,11.90251,2.305698,6.0419564,5.7077265,29.444773,12.87548220840604,7.372432622701549,7.372432622701549,7.372432622701549,21.13390651973712,12.690752441154352,15.562673035723826,15.562673035723826,8.938327747527705
GLWSKLLHKGLKIIKKV,18,10,8,0.8647174347575634,662,Rank,0.1272453517679719,0.1272453517679719,False,,3.9116137,4.525305,3.8334663,3.6891773,8.184849,13.276642,15.569052,2.5879087,3.1719835,5.306862,18.132092,11.621442898979746,6.776094692925333,6.776094692925333,6.776094692925333,17.12042993124065,9.9601769614434,10.454162707831632,10.454162707831632,8.736518882743402
GVLGKILRGAIKSLVKKL,18,10,8,0.8659566637560545,663,Rank,0.148305707388024,0.148305707388024,False,,2.7546167,2.4789705,4.481844,2.632037,17.05439,3.534504,7.358529,6.019129,6.617609,5.902763,15.643865,10.382418543493086,9.358398599785634,9.358398599785634,9.358398599785634,17.69990027548828,14.687631758069257,10.791158236470297,10.791158236470297,6.158860335730741
NGILSSLKKWLKKLKKILK,18,10,8,0.8660081081711638,664,Rank,0.107959111497795,0.107959111497795,False,,3.3965504,2.9755445,3.9083018,3.5878527,10.837305,3.0425415,5.1950183,5.8170834,15.565019,4.4494314,20.121506,11.165821045757532,6.591568961329968,6.591568961329968,6.591568961329968,16.790538901379552,11.698874525075277,14.076914598554984,14.076914598554984,8.532757461432027
GILGKVLGIGSKLLSRLKCKITNK,18,10,8,0.8757580718053284,665,Rank,0.0625740944290951,0.0625740944290951,False,,4.5540113,4.124524,4.0467334,3.6122637,3.3018894,14.821409,17.373981,4.2993703,2.3605974,7.762045,12.991713,13.438184576302278,7.657936521374904,7.657936521374904,7.657936521374904,16.242440274911107,10.941900952248533,13.615319552173156,13.615319552173156,6.893076832593579
GGLLSSLWKKIKKIGKVAS,18,10,8,0.8760082020306689,666,Rank,0.1201245035465703,0.1201245035465703,False,,1.4785038,1.5099636,7.3764205,11.400643,19.014416,13.850434,10.123669,5.138963,4.477061,2.692014,15.36606,9.032645325368012,8.993694402711094,8.993694402711094,8.993694402711094,18.877805391848245,7.411712843263506,8.032989250820068,8.032989250820068,11.720702248382446
GVWGSLLGKVKKVGKHVGKQIGNHGRNLLR,18,10,8,0.8784048823111725,667,Rank,0.1467472338079804,0.1467472338079804,False,,14.821772,14.253488,1.5538385,1.2929313,4.8506556,8.892759,15.233843,6.721428,7.0839224,8.833407,16.256075,9.088775833565457,5.427771106333635,5.427771106333635,5.427771106333635,17.874522913148056,10.315682069023488,9.223436136126635,9.223436136126635,8.509057403998973
GFLGPLLKWFRKRI,18,10,8,0.8939781963933011,668,Rank,0.1530529395356251,0.1530529395356251,False,,3.2913268,2.8471618,6.9131565,5.3596654,4.8858857,9.52834,10.087287,4.422723,9.968111,4.397987,16.22304,14.139122392531295,7.292609716645018,7.292609716645018,7.292609716645018,22.582662480117033,10.28241700899776,15.32661550002173,15.32661550002173,4.939793307730392
GLLGKILRGAKKFLPKII,18,10,8,0.8968111162945551,669,Rank,0.0835828745151692,0.0835828745151692,False,,5.249058,5.221738,5.2431607,3.1318414,7.4912314,3.7027173,8.117457,6.403347,6.404993,5.8878675,25.156773,10.557518115293218,7.192971199201763,7.192971199201763,7.192971199201763,19.83227699656483,15.262651561836469,11.46048268833588,11.46048268833588,8.9785322526743
GWFKSLFKKFRVHYKG,18,10,8,0.8984878263280025,670,Rank,0.0952873037431592,0.0952873037431592,False,,3.0845137,3.714157,9.726506,21.547762,4.463985,14.428595,10.049648,2.3731253,8.379844,3.8513105,14.329984,9.654385602731217,6.406835970789497,6.406835970789497,6.406835970789497,10.76029336472217,16.753855896306707,9.700172363630985,9.700172363630985,12.696640885859138
GILGKILHFGKKFLPKI,18,10,8,0.8992853011062737,671,Rank,0.1725254536156421,0.1725254536156421,False,,3.028713,6.851132,4.9165134,3.3230135,2.250759,6.982068,10.24824,12.434152,1.9775387,3.63379,30.70713,13.231547538607254,11.973052042393753,11.973052042393753,11.973052042393753,18.12863207966325,12.473457255054381,11.087065498536036,11.087065498536036,10.232536469163364
GLFGKILRKTVKSIFKIGG,18,10,8,0.8995599355712898,672,Rank,0.1658349549705116,0.1658349549705116,False,,1.9752607,1.5703735,9.060656,7.9716454,6.408938,2.7634296,7.906936,13.755428,4.0622597,3.5891688,22.561653,11.64247739767638,11.360052655316204,11.360052655316204,11.360052655316204,17.90052594142303,13.357139681273797,13.643587613635843,13.643587613635843,9.086393636798519
GILGKLLRPLIKGIVKGI,18,10,8,0.9029163386846211,673,Rank,0.1212817879629137,0.1212817879629137,False,,4.135925,2.6899273,3.472802,3.633059,11.395086,4.424884,10.73139,6.4439416,12.249923,3.5309498,22.509346,14.756102311673066,8.971698295397509,8.971698295397509,8.971698295397509,17.404818105230323,15.158336562198771,14.820766386740717,14.820766386740717,3.8867650107687752
GLLSGKLKRVIKKLLKGLGS,18,10,8,0.9099935430398125,674,Rank,0.1105590580335795,0.1105590580335795,False,,6.5714383,6.065119,6.396358,3.5472615,10.2911,6.3804364,13.057545,6.29704,4.4674096,5.5838127,28.163393,8.589713462724681,8.282180723591571,8.282180723591571,8.282180723591571,17.276930002763557,7.7367553621977745,11.090042229267244,11.090042229267244,5.757829412003445
GRLCRVITKGLQKLIKQILSK,18,10,8,0.915072510769059,675,Rank,0.1288693065591626,0.1288693065591626,False,,2.9380329,5.4944706,3.8286614,3.3456137,14.660967,2.1211748,8.491565,2.499814,7.029417,8.227991,29.827314,13.568430559440097,10.0409248118601,10.0409248118601,10.0409248118601,19.956619413056533,15.511725797142768,12.420180100952711,12.420180100952711,12.960732070920011
GALFKKAGSVVKHVGKHIAPHILKNSFR,18,10,8,0.9190300052406032,676,Rank,0.1376489775383879,0.1376489775383879,False,,9.197663,9.662151,1.295869,2.168403,3.3208055,3.4229968,8.840629,6.110333,8.34491,12.297675,64.800964,10.086570522115835,7.668929578555735,7.668929578555735,7.668929578555735,14.618523880660653,22.441391426665103,12.339400211906533,12.339400211906533,10.366554077276156
GIRSKLKSMNLLLRKLKKFAL,18,10,8,0.9223224693679614,677,Rank,0.1538615442856384,0.1538615442856384,False,,5.1403794,5.6183248,4.580354,3.8901243,14.845958,11.37746,12.66577,2.562022,8.554685,4.3909845,16.339588,9.440969485432735,7.901904579673966,7.901904579673966,7.901904579673966,15.555024138596908,19.298414337116004,11.180474749906704,11.180474749906704,9.238152190062838
VKVFKKSLKPVLRILTRAL,18,10,8,0.9254183649762803,678,Rank,0.1616317046118697,0.1616317046118697,False,,7.08163,6.954933,2.3671281,2.2442334,9.801479,2.516551,3.8112547,5.849827,10.293834,14.33393,28.450865,11.154749985707236,9.679221754034804,9.679221754034804,9.679221754034804,19.679204543080207,13.635223799150381,11.332455722286142,11.332455722286142,15.311086937424575
GYLDKFKWLAKKYGVRIVKNYYRAKQY,18,10,8,0.9265279690071534,679,Rank,0.0996389505074119,0.0996389505074119,False,,5.4993134,5.283178,5.9321756,12.074582,23.332764,11.983472,14.922484,9.526718,2.8391755,6.0892982,8.097942,8.412523317138575,6.028950634289834,6.028950634289834,6.028950634289834,11.785145754036074,24.55384067148842,8.275597383011066,8.275597383011066,8.018581673249315
GIVDALKRIVPVIKKYYKWK,18,10,8,0.927848236353905,680,Rank,0.0938855284655438,0.0938855284655438,False,,4.6174617,3.627575,6.3654838,12.722506,17.672268,9.529637,13.912822,6.8726616,8.884352,3.8736296,12.608805,7.934852801596231,7.747359678170783,7.747359678170783,7.747359678170783,14.743858997301018,23.19023690638302,8.175246536361687,8.175246536361687,4.51124360009745
GSLSLRGRILLALRKLYR,18,10,8,0.9442274691009136,681,Rank,0.1478273105839222,0.1478273105839222,False,,8.472951,7.2024784,10.115867,4.260495,10.907326,5.4406486,10.254915,4.579723,4.8735385,3.1431854,33.24233,18.737077774350794,7.405449423470552,7.405449423470552,7.405449423470552,10.726695699448396,14.008249926881442,14.605400443587099,14.605400443587099,8.41958303888228
GLHGVLHKVYGRLAKLF,18,10,8,0.9477490302045932,682,Rank,0.1030761433372297,0.1030761433372297,False,,6.218168,8.000269,3.2532177,5.3507104,20.38609,7.3551326,12.362412,1.7130728,4.4796605,4.638245,15.907821,14.198720722089007,12.947874224605636,12.947874224605636,12.947874224605636,15.981233648636024,19.82310639461583,13.962023456791655,13.962023456791655,5.211379275448798
GPVKLLHRGIKYLKLRL,18,10,8,0.9646166490359178,683,Rank,0.1761085522820254,0.1761085522820254,False,,10.845375,12.928608,3.7522793,3.6073182,4.7381682,6.482292,19.069082,5.7747645,8.707545,5.187296,10.812237,9.86533632343858,13.12136960336975,13.12136960336975,13.12136960336975,11.723668891465213,19.14958331834653,9.824973453535447,9.824973453535447,12.94692177264414
GIWKKLLKSGLKHIGKA,18,10,8,0.9706461822205945,684,Rank,0.1356517487115456,0.1356517487115456,False,,9.029662,9.127493,4.8797255,3.2470999,29.812344,15.669981,14.889073,5.801216,5.5508513,5.67144,15.282221,13.388987231550624,7.240095760258502,7.240095760258502,7.240095760258502,22.493558790060177,9.224889467468213,11.093616579157201,11.093616579157201,7.8663375134316365
GIPLKLSGAFKSKLKKKLEKKFLRMRDDL,18,10,8,0.970761403564419,685,Rank,0.1107832092476489,0.1107832092476489,False,,3.547923,3.4025977,15.188641,13.412448,1.4129598,7.6991477,6.97435,5.8437934,11.236142,13.803657,26.90188,12.63413325177254,9.941999036986404,9.941999036986404,9.941999036986404,20.019357415942746,15.499999974792026,12.720092812090547,12.720092812090547,9.173229695933497
GLLSKIGGAGAKVLPKLLTWKRK,18,10,8,1.0038501184500384,686,Rank,0.1491334065007172,0.1491334065007172,False,,7.447486,9.421028,8.694311,8.201533,35.450447,8.812874,9.236465,6.5720797,5.5281653,4.5530753,15.848107,11.835039404790047,10.41385731251425,10.41385731251425,10.41385731251425,17.398661073856864,14.438412124027693,11.23905075255806,11.23905075255806,7.437960732869561
GLFGRILKSAKKLLPPLI,18,10,8,1.0058089557084344,687,Rank,0.1676422779076563,0.1676422779076563,False,,7.1626935,9.937583,4.9864483,4.699252,5.852859,4.7647104,10.137389,10.039737,9.701736,6.062371,30.947851,12.411240963014198,12.218208236135158,12.218208236135158,12.218208236135158,15.739445099887865,17.10009840235506,13.373160428470998,13.373160428470998,13.916579809946288
GWLSKIHKIVKTAGKAVAGAGKQYLNQQT,18,9,9,0.5167396626665909,688,Rank,0.1017179530179055,0.1017179530179055,False,,2.2265253,2.3280306,1.9861499,1.5620934,1.6260029,22.448378,11.034778,5.372954,3.7329538,3.998081,41.978355,2.267168351247295,1.3863194496304336,1.3863194496304336,1.3863194496304336,3.6098777499195873,3.2636070500722383,1.6228333959913301,1.6228333959913301,5.289728418397098
GIWKKLLKKGRKVLSKVK,18,9,9,0.5416144752230097,689,Rank,0.1335793877185059,0.1335793877185059,False,,3.9393172,3.8952045,5.848547,4.1003203,28.055967,7.5373673,9.041137,5.3663354,9.259729,3.9767747,18.086653,1.6136297421064358,1.3901485330369183,1.3901485330369183,1.3901485330369183,1.8047524169661113,1.2760353313123456,0.7924907601718721,0.7924907601718721,4.3110493695977254
GTLKRLGKKIEKIGKHIPRVIPAIPAVKGLGALG,18,9,9,0.5540243837655184,690,Rank,0.0980537033101323,0.0980537033101323,False,,8.984049,10.293043,2.569333,1.6952318,15.688815,13.464913,13.396854,7.861633,27.393219,12.418039,17.72564,1.5922296764862856,0.9147177907349636,0.9147177907349636,0.9147177907349636,1.2740895550872637,1.5182629622368369,0.6942526843430733,0.6942526843430733,1.9604952274716563
GWLSKMGRKIEHVGKKVGHGIKVLKGVPVLG,18,9,9,0.5564239982694238,691,Rank,0.1280939093964189,0.1280939093964189,False,,23.356627,20.530464,1.9358073,1.8436869,8.740854,10.291616,15.629756,8.377441,4.6050825,1.8064722,12.619995,1.5689494764749066,1.0519732432265239,1.0519732432265239,1.0519732432265239,1.7923087002268274,2.5165897144609186,1.3604060100554847,1.3604060100554847,4.16588680499788
GWFKKLLKHGLKAIR,18,9,9,0.5737339095484305,692,Rank,0.1726983406168641,0.1726983406168641,False,,3.7388697,3.5684237,3.1006632,3.1665208,20.517857,11.195479,13.336382,1.7607826,2.0057118,2.9914727,22.737045,3.300462737314794,1.7219044422043097,1.7219044422043097,1.7219044422043097,4.928104200670198,3.411203315896219,2.2651358519157654,2.2651358519157654,2.129317797112157
GKLKKFGKKLESAGKKVLNSAPKIAPALASLGALF,18,9,9,0.5758821362344774,693,Rank,0.1253962080256097,0.1253962080256097,False,,3.872113,3.4897945,2.5943966,2.2522295,1.7887721,7.886498,9.820549,8.451327,9.458282,16.469368,20.360353,2.2343398284170974,1.739251457516908,1.739251457516908,1.739251457516908,2.49455321423253,3.9732750587882038,1.7455935195942922,1.7455935195942922,3.163788361990115
KIRFAKKKMEKLAKTAKQAAIRALPVAVGIQALGV,18,9,9,0.5874067632432309,694,Rank,0.0977755897667499,0.0977755897667499,False,,2.1285965,1.2700912,3.432771,2.1139736,3.5143535,4.2500196,6.710625,11.031616,7.291694,19.883327,25.768715,2.988583860122419,1.4761250249691908,1.4761250249691908,1.4761250249691908,3.1345641820408767,4.654062973422692,2.56247939579041,2.56247939579041,7.503239165400922
DRRFKPMLKKIKKIGKGLKVIPTIPFFLKTLNLT,18,9,9,0.5890493422860263,695,Rank,0.0290282048642473,0.0290282048642473,False,,1.5180545,1.3171525,1.9233017,2.2382774,1.7895712,3.3880126,6.1802607,8.91598,21.169939,5.675059,21.009241,2.572890373503297,2.9132110556450885,2.9132110556450885,2.9132110556450885,4.793369806209357,5.5145358031191,2.860654400698197,2.860654400698197,6.046639107222818
GLLQKLRGRVQKWINKVKAGLNLI,18,9,9,0.607630402774306,696,Rank,0.1150819314196907,0.1150819314196907,False,,2.829411,3.2883074,2.704672,2.174554,6.215899,3.906763,14.783589,16.000885,2.450688,4.358761,21.794216,2.5245060159170447,2.392314341187935,2.392314341187935,2.392314341187935,3.173896462774727,6.305903898275945,2.438587129289734,2.438587129289734,4.720301569645024
GIFRKLIGWGVSYGKKIVKSVR,18,9,9,0.6153407655557219,697,Rank,0.1384208463949843,0.1384208463949843,False,,4.0632033,3.4385884,2.9212086,2.7353287,6.6857085,2.6447988,3.1030216,25.968697,3.0606291,6.739863,17.371311,2.7417206910886214,2.9446298351910363,2.9446298351910363,2.9446298351910363,3.080582809469558,3.8407362294884138,2.671415558631444,2.671415558631444,6.015607199743259
WKSLKKMLKKILPHLLK,18,9,9,0.6194573771269289,698,Rank,0.1273693613516816,0.1273693613516816,False,,15.781408,19.282148,3.9049926,6.1509047,5.7656794,3.5355115,7.2894917,2.14726,8.496843,5.267309,26.674034,2.22040201596681,1.4991975204179984,1.4991975204179984,1.4991975204179984,3.386810350016917,3.663585838487089,2.0409980346441277,2.0409980346441277,2.2754999154810185
GKWKKLLKSIAKHIAKNF,18,9,9,0.6259140393920164,699,Rank,0.0879052570931406,0.0879052570931406,False,,1.9380994,1.7381477,1.8844191,1.8236251,18.364897,4.639063,7.007632,2.803492,4.741886,3.5334432,24.641378,5.222494413006479,2.8906808440408174,2.8906808440408174,2.8906808440408174,8.591536225011296,6.274009827388238,3.9345753451617953,3.9345753451617953,3.9166182518292088
GILGKLWKKAKKILKKIGAH,18,9,9,0.6316264345126912,700,Rank,0.1174585569310876,0.1174585569310876,False,,1.6689864,2.1373842,3.8527327,3.1409569,17.938559,6.4811444,9.297034,2.5813756,7.810323,5.5651345,17.51283,2.7218836547921215,4.4817527350516615,4.4817527350516615,4.4817527350516615,4.01187745798826,2.8555842206129864,1.9889349604520459,1.9889349604520459,4.214339455538167
ARLKDFEKFGRKIKNFLKKLIPIVPPFVPLPPPPY,18,9,9,0.638610790722117,701,Rank,0.0477572840842675,0.0477572840842675,False,,2.171896,1.9360821,2.6453185,2.299258,1.1584339,3.7152216,12.724514,9.671664,32.897186,7.3117304,17.110409,3.072213367850705,2.781139148822591,2.781139148822591,2.781139148822591,5.602144616956824,5.222971797001397,2.8824726540617562,2.8824726540617562,6.60735603145054
GKLGKILKHIRKIAKVFR,18,9,9,0.6429497908982488,702,Rank,0.1359348433930184,0.1359348433930184,False,,4.6264534,9.353099,5.424126,2.8518116,9.857547,7.339169,18.172775,5.2184334,3.5435698,2.777198,31.300497,2.8629856858578435,1.953640764655127,1.953640764655127,1.953640764655127,3.7104220988442074,3.126711652923429,2.236761232763568,2.236761232763568,4.1234578040065015
GKLRKLLKKILKAVAKA,18,9,9,0.6435011944003546,703,Rank,0.1363958062138037,0.1363958062138037,False,,1.6373631,1.6836728,4.1245995,3.2282712,16.617134,4.6411047,6.2536182,1.1819373,9.555564,4.963953,24.387249,2.8945974428374845,3.9404257290133033,3.9404257290133033,3.9404257290133033,5.1229554403570345,4.063490378072731,3.3364568162865633,3.3364568162865633,7.46295558896514
GVLRKLLKKVGTALLKAALKAGKEKGK,18,9,9,0.6462793558602113,704,Rank,0.1217153545242017,0.1217153545242017,False,,2.2681105,3.0843365,5.152752,2.6224964,20.825996,4.111756,4.224688,3.153592,3.550513,4.850499,21.211744,2.997302357599984,3.379622079813775,3.379622079813775,3.379622079813775,7.228810565312663,5.275135906070705,2.986290263723956,2.986290263723956,5.435259866461257
GLFKKISRNFKKILRKVK,18,9,9,0.6496457793189846,705,Rank,0.1330254436533659,0.1330254436533659,False,,2.4294496,2.4533896,3.9162474,4.149902,37.54961,1.888922,2.3672526,12.456435,3.18157,2.3884492,26.036024,6.489443571433027,2.793752207364695,2.793752207364695,2.793752207364695,5.261347567701934,3.0546413626338786,4.251992513127746,4.251992513127746,5.969389644166685
GIPDKFKKFFKKVEKGASKVRPVVTIIFAGAAAL,18,9,9,0.651269606490626,706,Rank,0.1127104945938047,0.1127104945938047,False,,6.4087014,7.0054307,1.9561878,1.4754798,3.1397922,5.7003694,6.783321,16.600622,12.091939,12.024263,22.431858,3.0788942109305646,1.8902232453307863,1.8902232453307863,1.8902232453307863,4.579221335129087,4.6644618575831664,2.780239825765625,2.780239825765625,3.6254451468303444
GVLGKIFKGLKTVAKHIGKQIGNSLVN,18,9,9,0.6553165421923962,707,Rank,0.1110071529142978,0.1110071529142978,False,,1.5438089,1.421583,2.928502,1.9383979,2.1097994,7.6683908,16.5047,7.422538,5.7876782,6.671685,35.549625,5.646502909718745,2.9038413112686214,2.9038413112686214,2.9038413112686214,5.420692900936289,7.441068761734637,4.3250460797362695,4.3250460797362695,3.612654254249865
HFKLRKWLKKLKKIV,18,9,9,0.655416852156324,708,Rank,0.0949313599171138,0.0949313599171138,False,,13.881035,17.584612,3.5449274,3.9165044,5.075479,2.0505457,2.7711554,1.5303596,3.4884636,2.199609,30.177982,3.548245505966753,3.3546261151170995,3.3546261151170995,3.3546261151170995,8.663394922746651,3.472855605449356,2.9094683201668445,2.9094683201668445,10.860693515536132
GKLGKLFTKLSKVLRGASKRGPTLPILSNPY,18,9,9,0.6554479453541378,709,Rank,0.0659911551591307,0.0659911551591307,False,,1.5860375,1.6946665,3.5615947,4.1775417,2.3156967,2.7243505,4.1644244,12.294992,18.17689,10.643825,53.47809,3.452490472143987,2.311414656045964,2.311414656045964,2.311414656045964,4.628405279176927,5.63685834162369,3.6998298604626116,3.6998298604626116,6.315049700577982
RIYKRITIRVARKFFRK,18,9,9,0.6560312183064558,710,Rank,0.1577186055469953,0.1577186055469953,False,,1.4400975,1.3814188,2.3349025,2.6215813,4.502657,4.674296,7.9906874,3.6104445,24.616777,5.7651887,30.593704,2.7424814604166166,4.959822800934142,4.959822800934142,4.959822800934142,3.719451637839512,5.243011007978483,3.111216500711022,3.111216500711022,6.51037528448623
GWLSKIKKTGKTLVKAGPKILPSVIGAASSG,18,9,9,0.6583298774032087,711,Rank,0.1220845813851548,0.1220845813851548,False,,3.344143,3.3823004,2.879153,2.267024,7.411434,12.662078,13.000706,8.049228,22.092833,10.13222,23.345076,3.0183383279768288,1.7940955643668104,1.7940955643668104,1.7940955643668104,3.129321605905108,3.4821040587571197,2.575998785401333,2.575998785401333,3.0733505445602813
GIIGTLKLFGKHVGKHIGKIARKLYGRNV,18,9,9,0.6583702300288081,712,Rank,0.1277612108814622,0.1277612108814622,False,,2.138269,2.5075562,2.2606056,2.0131834,2.1774359,10.670904,17.102642,6.1382833,5.6814804,2.5794306,37.844658,4.728898407432709,2.9310133707530674,2.9310133707530674,2.9310133707530674,7.668908528175635,4.648194048231118,5.000894407876407,5.000894407876407,4.19575619579407
GKWATMLKKFLKKVAKAV,18,9,9,0.6605255582961872,713,Rank,0.153316524759577,0.153316524759577,False,,2.1216433,1.7962623,3.2291625,2.8947186,19.481506,7.9904714,5.732865,1.5357339,10.81481,4.7979374,16.178703,3.6580997897759397,3.15109815878325,3.15109815878325,3.15109815878325,8.68849545299149,5.45266857707431,3.6788521370966105,3.6788521370966105,5.398253973033508
GRIIKFVLQRISKLVK,18,9,9,0.663722523503074,714,Rank,0.1605105334466819,0.1605105334466819,False,,3.5461035,3.7172267,4.7967167,3.0904088,49.829582,2.4819493,4.9550533,7.6333857,2.049674,5.9219227,27.571095,2.575987118530141,3.194374490074448,3.194374490074448,3.194374490074448,5.202345120110051,5.945452890062603,2.3463226496474334,2.3463226496474334,4.301421848388026
GSLWSKIKEAGKAALKAAGKAVISKIP,18,9,9,0.6645384712779668,715,Rank,0.1700834506668083,0.1700834506668083,False,,1.4459776,1.4724462,4.5027742,2.1682036,22.608942,5.7245545,6.2629223,6.2460685,5.907615,3.652771,22.102526,5.0679582757449335,3.18361999483848,3.18361999483848,3.18361999483848,5.592597306996283,5.288974897003332,4.766827665066611,4.766827665066611,3.5405056508450827
KAGRAILRAIKKLEKKIAERIQNGFEKLIFLGR,18,9,9,0.6656048549501252,716,Rank,0.0734429377424153,0.0734429377424153,False,,1.819967,1.4416039,2.0474098,1.8101972,6.135094,4.054278,7.827086,16.77115,8.844939,10.505966,26.66033,3.8177228271622434,3.1701159597906576,3.1701159597906576,3.1701159597906576,6.557279631996114,6.612514251012657,3.1641496481616556,3.1641496481616556,4.94001975182069
GKIKRILKKLLKKYL,18,9,9,0.6691890245195842,717,Rank,0.1297397604404654,0.1297397604404654,False,,3.4014943,4.520805,4.5375896,4.5257096,22.257353,3.31058,4.948535,4.148767,4.1096973,2.6057835,21.51867,3.908480906008995,3.07688178297309,3.07688178297309,3.07688178297309,6.53588674030317,6.552383920010207,2.7605716972374372,2.7605716972374372,5.915669316019943
GILGKVLRRGVTVITKLIGR,18,9,9,0.6696103199660426,718,Rank,0.1496551807156899,0.1496551807156899,False,,2.2964678,1.7935183,3.2323518,3.085252,5.0905757,3.4402788,16.52319,4.249257,8.273719,3.471812,21.53158,4.746531231048603,3.1957356082834827,3.1957356082834827,3.1957356082834827,5.27280374274084,6.523972678377127,5.752783622479613,5.752783622479613,4.478493905755866
GRLSKFLKKLKSTAKKFLPHVL,18,9,9,0.673139908807775,719,Rank,0.0705596889777376,0.0705596889777376,False,,1.826978,1.7946913,6.281401,2.0752273,5.502528,5.7189097,8.409226,2.3261025,12.373208,24.615156,23.930613,4.854616879338152,2.6006100858249246,2.6006100858249246,2.6006100858249246,5.0550902578991,4.50437138189244,3.9467647048187935,3.9467647048187935,4.998359686173342
WQGRFRMRLQKVKDHLKKLAEQASRALIQLGQRN,18,9,9,0.6731886272753748,720,Rank,0.0834589687051697,0.0834589687051697,False,,1.8073224,1.7327075,1.5062873,5.467384,5.1009345,8.112336,9.321238,22.872787,10.728769,14.747745,32.62421,2.6002594354449267,2.0471974407496627,2.0471974407496627,2.0471974407496627,3.6296829662657717,6.256277843363005,2.755855906662376,2.755855906662376,6.4376414937313235
GLLKKLMKKAGKVLGKAAINVANQYPQLN,18,9,9,0.6738687384254662,721,Rank,0.1553596215663354,0.1553596215663354,False,,2.2530022,2.896694,1.4356277,1.9099458,1.925325,7.528194,10.253376,4.505574,3.47076,16.689863,21.077574,4.6494139501494525,3.7201035718892523,3.7201035718892523,3.7201035718892523,6.689151419312707,6.7915351048974015,5.067357355525735,5.067357355525735,7.348055584919236
GALWKTLLKRAGKLVGSAVGNLVNQGT,18,9,9,0.6747339824644751,722,Rank,0.1752219097019287,0.1752219097019287,False,,2.29103,2.25156,2.0807776,3.630031,12.992266,11.517323,16.121323,12.812843,6.1242814,2.682937,99.74001,2.3660360166969854,2.7073962996756475,2.7073962996756475,2.7073962996756475,3.5612658089454436,2.940943805777353,2.005373817383836,2.005373817383836,8.003004820045607
GAWKKILGKLKALL,18,9,9,0.674928873441535,723,Rank,0.0963296068885819,0.0963296068885819,False,,3.8867698,2.9403613,4.2949862,4.4460163,26.102077,11.026494,11.456186,4.2684836,6.6002946,3.9294002,24.258116,2.583867728128358,2.1034703072901304,2.1034703072901304,2.1034703072901304,5.455737676415819,6.0367949177479,2.507426349754309,2.507426349754309,3.2755675860569724
GIILSKIKGVFKKLIPHAKKVFTAMDKAK,18,9,9,0.6779813061200073,724,Rank,0.081885136616014,0.081885136616014,False,,3.3332663,3.1108153,2.571402,2.0247333,1.5334305,5.904295,7.560403,2.4939635,21.285028,11.030923,39.414585,4.625248020799423,3.197894239101292,3.197894239101292,3.197894239101292,5.928921267471557,4.381429899559423,4.4402657379688835,4.4402657379688835,5.49031272277359
ALWTNVKKLFRKIAKAAR,18,9,9,0.684041827684311,725,Rank,0.1572379257212688,0.1572379257212688,False,,2.313697,1.735716,3.3713338,3.2923825,17.922474,11.488104,7.251295,2.149532,6.1198654,2.3076878,25.880047,3.8081599337703147,3.2296539315959243,3.2296539315959243,3.2296539315959243,7.377031802165445,10.390646513085517,3.7749448828083874,3.7749448828083874,6.545170269252199
GSWGRIFRRIRKKLKKILE,18,9,9,0.6858720347094709,726,Rank,0.1309688562642792,0.1309688562642792,False,,16.318684,12.278318,6.522284,4.6892786,2.5231996,3.9599721,10.028579,9.116646,6.264686,5.459043,25.621342,2.7804067691251317,2.3833877487517974,2.3833877487517974,2.3833877487517974,3.4524663065798715,4.509210787454985,2.5180227949512557,2.5180227949512557,2.8624195299991846
GVLKKLLKKIAAALKKRL,18,9,9,0.6870887956917207,727,Rank,0.0745352598161628,0.0745352598161628,False,,2.3021135,2.0718791,3.7662256,2.161926,17.52363,3.3493278,3.2749019,1.4770199,6.7188888,3.828021,26.963232,4.9374738706501216,5.887891622276429,5.887891622276429,5.887891622276429,9.437899119751567,8.215344200261292,5.297910812024564,5.297910812024564,3.29028028249731
GILGSLLKKLLQKAKKVAVPGLSQRVSQRL,18,9,9,0.6883715751274029,728,Rank,0.1485973115137346,0.1485973115137346,False,,7.4996552,7.30951,2.722559,3.050559,5.932828,3.2724438,5.6471243,17.585201,5.911754,10.744105,25.09413,3.4101706896393518,2.768216954638552,2.768216954638552,2.768216954638552,4.8087371127623495,5.7305396190929425,2.1873006430997446,2.1873006430997446,4.386900589211894
YIKKLLKKLGKVNVKLGKHLLK,18,9,9,0.6904730450881922,729,Rank,0.0988276476409329,0.0988276476409329,False,,8.488188,10.520897,2.3180711,1.7234553,4.107973,4.9718747,9.344444,1.3656821,4.0749836,19.957594,42.227253,3.732153994814679,3.1346794784391214,3.1346794784391214,3.1346794784391214,4.827357940495938,6.038432292336275,3.528808127904648,3.528808127904648,4.839047167004075
GKLFKKLGTKIVSAAKKVLPQVPGVGATVLG,18,9,9,0.6972448421853426,730,Rank,0.1197152200334732,0.1197152200334732,False,,6.8469687,4.839156,3.499625,1.8445036,6.714722,8.905553,7.6939654,19.699276,9.629925,3.5742157,22.668442,3.9147115406494177,2.9166047290640362,2.9166047290640362,2.9166047290640362,3.2926401496350697,4.68219883901817,2.462495538248868,2.462495538248868,6.414097864267631
GKFKRILKKVKVAIKKAREW,18,9,9,0.6990626389071223,731,Rank,0.1726516424472663,0.1726516424472663,False,,3.498266,3.0964422,2.5116796,1.7253585,17.282162,12.487215,10.694093,2.27069,6.077802,3.2906487,26.564878,4.36501080370838,3.377621222399406,3.377621222399406,3.377621222399406,6.092976419188869,5.811947529794464,4.076897072853573,4.076897072853573,7.402240456652751
GSLSLFKKMAKKLAKKVAKTVAQKAAAAFSKEQE,18,9,9,0.7007401861336487,732,Rank,0.1277925505419478,0.1277925505419478,False,,1.3376706,1.2236899,1.4194393,1.5154794,1.6519126,2.0073855,3.485652,4.7935157,15.008964,23.928951,17.578836,7.633876799681974,5.293012352994853,5.293012352994853,5.293012352994853,10.812523964161459,8.68208482018394,8.4541676550288,8.4541676550288,11.059846362159846
GKFKKILKKLLKSAKKIV,18,9,9,0.7013813210425058,733,Rank,0.1671155225545932,0.1671155225545932,False,,1.4824884,1.4328631,4.43394,5.9100666,12.390739,3.1659229,4.7757044,4.778668,17.946522,6.546527,26.66754,4.4139725789291395,3.570428235415234,3.570428235415234,3.570428235415234,8.78061302375633,3.4126540143301773,4.4057221068460715,4.4057221068460715,5.841042150478145
GIMSKLAKKLKSIIAKLK,18,9,9,0.7052600806608456,734,Rank,0.1686617508368312,0.1686617508368312,False,,1.4777001,1.7804412,4.237892,2.7053797,14.556045,2.9305856,3.566869,2.324507,21.907707,4.8516316,29.62143,4.368442454748994,4.9448657009323895,4.9448657009323895,4.9448657009323895,7.737127011338103,5.2986161561903815,5.1942589955879965,5.1942589955879965,6.492672061468077
GIPLKLLTKFKKLVKAVGKAVLGAVTD,18,9,9,0.7081881178010716,735,Rank,0.10878764080017,0.10878764080017,False,,1.7033013,1.5449188,3.3358588,1.7891333,2.9115512,10.981396,16.634157,1.9931623,3.0477455,2.5326648,37.575108,6.969783376045731,6.192803263654643,6.192803263654643,6.192803263654643,8.681343694839942,8.407442413847196,7.400084990924076,7.400084990924076,4.563808236494703
GAWKKLLKKIAAKLK,18,9,9,0.7106029507105286,736,Rank,0.161387836392859,0.161387836392859,False,,4.1790247,4.383045,3.5050633,2.746475,28.803846,8.871128,7.310661,1.7428775,15.666704,8.781984,27.87565,3.3402958615175304,2.3068165518755794,2.3068165518755794,2.3068165518755794,8.08159880213461,5.3834123178606506,3.345849408118833,3.345849408118833,3.7059252166422025
GIRKKFKKIFKKAKKIGTTLLP,18,9,9,0.71556015136272,737,Rank,0.1436255130572233,0.1436255130572233,False,,5.7415066,5.0940847,2.3627124,2.2063189,2.5976005,2.166717,5.706176,9.851132,32.168224,7.051857,34.338852,5.6696406854498775,3.24615570669947,3.24615570669947,3.24615570669947,5.2894336756669365,3.6718245465254005,5.414674618031597,5.414674618031597,4.934126097133803
GKFWKKLKKFSKPKLSLL,18,9,9,0.7166038323808795,738,Rank,0.1473800458928856,0.1473800458928856,False,,5.817296,4.8464165,3.0761364,4.234301,4.6135607,4.675977,5.439622,6.743385,20.68941,5.431136,36.707794,4.979388129139441,4.0270334508505785,4.0270334508505785,4.0270334508505785,3.511371616221325,4.185866779944044,3.2685378139682717,3.2685378139682717,3.5098953317999317
GILAKRLGKLLRHARKVFK,18,9,9,0.7192554746783703,739,Rank,0.0757419405185697,0.0757419405185697,False,,5.5764513,7.5532384,3.3240795,2.2834957,3.6555192,11.098219,18.230284,1.701134,6.3833084,7.1321654,32.40321,4.07044629240836,3.742591185924036,3.742591185924036,3.742591185924036,4.325376128335137,4.514445713452622,3.388024682715904,3.388024682715904,8.552174887214948
GLFLKTLKKFGKKIASTVKKAGPTVGPAISV,18,9,9,0.7194191002947745,740,Rank,0.0905012602279368,0.0905012602279368,False,,1.7702417,1.9171547,2.6809485,1.4465206,1.231543,4.9257812,8.373085,15.628585,28.938553,15.755611,39.920605,4.365065918946093,3.6803065457397146,3.6803065457397146,3.6803065457397146,8.020512197285335,6.690196242969513,4.478776653612312,4.478776653612312,5.490825138031889
GWFKKLFKKVKEKLKTIKK,18,9,9,0.7212145319936994,741,Rank,0.072932267314436,0.072932267314436,False,,2.0149648,1.6686336,4.2774434,2.5762367,5.7991138,13.255063,10.909776,3.631876,20.491201,6.0881085,25.058983,5.567057850437085,2.911945890742121,2.911945890742121,2.911945890742121,6.238034323012542,5.243234081228606,5.724754000502816,5.724754000502816,5.110369987813134
GILGSLLKKALKKALKRVPKLVTSTTQLQ,18,9,9,0.7218013238355894,742,Rank,0.0554940292758089,0.0554940292758089,False,,1.8026693,1.8225764,1.5858244,1.5194696,2.9640052,1.6831889,2.2880647,3.2589047,24.527374,8.237327,55.11083,8.50288185924239,7.27996166191443,7.27996166191443,7.27996166191443,9.113627758836474,6.795285056643747,7.675769800115462,7.675769800115462,6.9527276571824626
GILGKVLRKAIKKIAKTIAK,18,9,9,0.7250726880317483,743,Rank,0.1418190203097603,0.1418190203097603,False,,1.0975721,1.1770767,5.4601226,5.947536,16.746233,1.9695408,3.2502892,4.1430593,11.752028,4.80652,25.082449,6.695224327740269,5.293204136165821,5.293204136165821,5.293204136165821,10.525027377232375,4.981351226336802,7.319412172099933,7.319412172099933,4.309171821278911
GLLGRVWRRLRDKITKAAGKVIKKY,18,9,9,0.7281721528542839,744,Rank,0.0863669156128792,0.0863669156128792,False,,4.652309,4.7764544,1.8624806,2.0257726,21.185163,2.950184,3.6817217,2.0229273,8.534769,4.387221,18.012836,6.342194216202251,3.921140457822691,3.921140457822691,3.921140457822691,12.51256726167468,8.754422104648224,7.224849138176204,7.224849138176204,6.359202610798677
DLWKTWLRKAGQAIKKFIGQIK,18,9,9,0.7286062286937901,745,Rank,0.1204661266006057,0.1204661266006057,False,,2.3260818,1.965697,2.9021108,2.7158928,42.36281,11.031071,12.308347,4.434124,6.7517366,3.146198,18.816675,4.462793829430319,3.795242123730135,3.795242123730135,3.795242123730135,6.7401368366789045,7.829967616640848,4.258531114830556,4.258531114830556,4.352395776578938
GIPLKKIGKLFKKIGRTVIKGVSMRSMA,18,9,9,0.7296203951855373,746,Rank,0.0929488669571223,0.0929488669571223,False,,16.950335,15.6936,3.756909,3.1395466,1.8098766,2.3588026,7.475068,10.657831,25.81381,15.68981,8.506345,4.827972807132123,2.661897040707733,2.661897040707733,2.661897040707733,5.416734982241339,3.877450623451013,3.7807478177221023,3.7807478177221023,3.8921922621302225
GKLKSLLKKLKKIIAKI,18,9,9,0.7296237767573721,747,Rank,0.1691039306160671,0.1691039306160671,False,,1.1255558,1.1524864,5.6889257,3.81907,7.835732,3.063021,5.1565976,2.6001961,19.258118,5.4132957,30.378252,5.1015011343500865,6.482302771613548,6.482302771613548,6.482302771613548,8.44029501613865,5.801787858248338,6.02018777921696,6.02018777921696,5.523598089066989
GIWSKLLKGLMKKIAKAGA,18,9,9,0.7327851946662092,748,Rank,0.1598308156447585,0.1598308156447585,False,,2.9239585,2.200533,5.506043,5.995536,29.233938,9.777862,8.124209,2.1255696,10.36578,8.311247,18.403036,6.0762213975649235,2.5197575400283605,2.5197575400283605,2.5197575400283605,6.188850651979515,3.861472013127907,5.0069049222831,5.0069049222831,4.674987917565788
GKLGKKIEKVGKGFKSFYKGIPAVLAVGPAIK,18,9,9,0.733004873669218,749,Rank,0.145107194091706,0.145107194091706,False,,7.737229,8.264372,2.3452005,1.2043493,3.7759807,3.9042315,4.571295,22.400028,18.621984,9.880425,14.752793,3.490256055978424,3.300206365551857,3.300206365551857,3.300206365551857,7.401513094556755,7.203122799139315,4.1084407185665945,4.1084407185665945,5.472235542345969
GKLDSMWKLLKKILPHLKKL,18,9,9,0.736700143114717,750,Rank,0.1122570034801551,0.1122570034801551,False,,12.691808,15.113189,7.6133738,6.9314127,6.0718565,12.955777,17.00049,1.4470601,9.66475,3.9945428,17.301579,2.9650963177340905,2.800803702880119,2.800803702880119,2.800803702880119,4.210478696321505,6.180248943624545,2.4518019662421833,2.4518019662421833,4.064928364457853
GIIGKIARRAFKKLLKKL,18,9,9,0.7371877918816765,751,Rank,0.084643856928431,0.084643856928431,False,,2.0317633,3.3806484,6.045217,6.0911508,16.546305,2.1442168,5.6424675,4.954355,3.256593,5.3248315,24.318245,5.260846459428567,5.929136091704954,5.929136091704954,5.929136091704954,8.418843523387611,5.280614970536114,5.396153240236882,5.396153240236882,3.691549087525797
GKLSSLWKKWKAIVKAIAKA,18,9,9,0.7406978950693563,752,Rank,0.0699268768928324,0.0699268768928324,False,,1.3363235,1.2889285,2.1132233,2.5471613,28.940706,17.076012,8.635965,1.7156953,3.5449474,3.2766967,11.916112,5.190473531247958,7.791932704928567,7.791932704928567,7.791932704928567,11.62813737178243,8.449191474869016,6.2991275884067,6.2991275884067,7.2436877572265415
GFLSKFLKGVKKVGKHVLPHVIGGVA,18,9,9,0.7471324583428209,753,Rank,0.1320674047606397,0.1320674047606397,False,,6.1630664,7.032851,3.3590457,1.7987075,12.045424,12.264683,18.43765,5.9916325,5.9788475,8.47589,54.837837,4.060785353417771,2.12161944742415,2.12161944742415,2.12161944742415,5.498995572587385,3.657896965158141,3.5872716949753505,3.5872716949753505,7.349812570887062
GILGKILRKALKVIAKVGAN,18,9,9,0.7473751636543859,754,Rank,0.1544173562775623,0.1544173562775623,False,,2.2762868,2.5198493,3.8831127,2.259483,19.776117,2.6131704,8.582786,2.367987,3.5776093,4.98563,34.224323,8.307430830466807,4.8368746087339165,4.8368746087339165,4.8368746087339165,11.163522606598347,7.948638650639748,8.487440466553657,8.487440466553657,4.570247985890103
GFFKRLRKIGGKFKRLVR,18,9,9,0.7474577230023931,755,Rank,0.1478059331996174,0.1478059331996174,False,,9.97306,8.809937,9.616367,5.765719,16.909784,3.5552995,11.5256815,15.385394,5.070123,5.9794245,23.651936,4.064049224671759,2.8825181489137224,2.8825181489137224,2.8825181489137224,3.019861706591042,3.4272401292874415,2.325405412228162,2.325405412228162,4.384808261221948
GKLGKGIWRVAKEVLQKAKEALGKAIGVLAP,18,9,9,0.750532536646432,756,Rank,0.0995717051431911,0.0995717051431911,False,,8.240973,6.523543,1.7339333,1.2201025,28.93833,4.954797,9.309695,5.008961,11.406259,5.514174,25.435635,3.966897859671282,2.713702588748185,2.713702588748185,2.713702588748185,6.375892583760761,7.943872807388682,4.791159889660583,4.791159889660583,9.139425632714625
GKLKKLLSKLLKSLKKSIL,18,9,9,0.7534266637420693,757,Rank,0.0724905026300409,0.0724905026300409,False,,4.4966526,4.9932404,9.197633,10.276553,16.482466,3.0868125,5.9774003,4.9275656,6.135779,3.0809302,22.324572,3.5203728203468785,4.975871254424568,4.975871254424568,4.975871254424568,4.7486423548826435,4.829633603404915,3.531209671612921,3.531209671612921,7.033950711536336
GKLLKRLKKLLKKIPAIVPSIGK,18,9,9,0.7544440842234822,758,Rank,0.1440204757983103,0.1440204757983103,False,,4.474396,4.325634,4.879179,2.5929966,17.041904,5.3707857,8.385708,3.2800999,22.01108,4.0329404,14.657796,3.737861909331732,6.204308388803321,6.204308388803321,6.204308388803321,4.908763286351973,4.072587592469915,3.2105479510215336,3.2105479510215336,8.316296814867917
KKIGEFFKKIKKSVQQFVRRGPLSQIYS,18,9,9,0.7568183447396807,759,Rank,0.1615953838132936,0.1615953838132936,False,,2.9635656,2.531532,1.7720797,2.9452076,1.8607887,6.6231246,8.695192,23.052174,4.2788835,8.843398,19.252077,6.0700884408580915,5.094242901587654,5.094242901587654,5.094242901587654,7.167029127736415,6.206255243437481,7.227274932229222,7.227274932229222,10.419324189079862
GIMGKLLSKLLQGIKKVLPAGLGAANLVSN,18,9,9,0.7568773583864501,760,Rank,0.150712012180543,0.150712012180543,False,,2.1120822,1.8212634,3.0363894,2.0524023,2.440007,8.67558,14.211222,5.1855063,2.9961252,20.937027,46.836975,5.629441026410236,5.072602508120498,5.072602508120498,5.072602508120498,10.463369432798089,7.488020051197947,6.422101271571173,6.422101271571173,5.261590196348852
GRLGKLLHGAIKNIVKGLVNHYRNS,18,9,9,0.7570571665963601,761,Rank,0.1256836612029116,0.1256836612029116,False,,3.1297452,2.6453512,2.2911763,2.373354,3.7719023,11.403735,19.192211,3.127836,3.8167996,4.564243,55.16622,6.55800323357721,4.61770143970011,4.61770143970011,4.61770143970011,8.403946891969005,8.848856157824637,5.660529903642928,5.660529903642928,8.051527960378593
ALDLKKVLKKLLKALK,18,9,9,0.7604662879688096,762,Rank,0.137010561673131,0.137010561673131,False,,3.4094982,1.9826595,5.2985234,4.122379,7.0319614,5.387,12.328137,1.6365074,25.799303,9.218598,35.056404,7.778495505139401,2.730491269614414,2.730491269614414,2.730491269614414,9.350944394609195,5.354339231271253,6.6587652206465044,6.6587652206465044,4.895967526866452
GKLKRLFKHVVSAAKKVL,18,9,9,0.7612350815050971,763,Rank,0.080304040367143,0.080304040367143,False,,2.823694,2.7225423,4.4144483,2.9369335,20.683151,4.7000747,9.083913,5.546047,14.927908,15.789567,46.285362,3.692283797028133,3.5123220859050384,3.5123220859050384,3.5123220859050384,4.193390137843215,3.6983738274472464,4.012561923586944,4.012561923586944,7.885883330554081
WKWLSKLKKYLKHL,18,9,9,0.7681580163536635,764,Rank,0.0805474934913128,0.0805474934913128,False,,19.58769,25.38881,3.7758832,5.5384827,11.521319,7.4369073,7.1578007,1.8467258,9.93721,3.8760662,13.716092,5.398734085987348,3.032181731512759,3.032181731512759,3.032181731512759,7.662127000163177,7.025884822047846,3.7683687838622033,3.7683687838622033,3.222908467993494
KPFGKLFKKLVKSAKRAAKKIPQIIPVLTEGGQLK,18,9,9,0.7692803453826722,765,Rank,0.0399588973088571,0.0399588973088571,False,,2.1757562,1.9415714,1.9653434,1.4855222,1.2584677,2.3590841,2.7778437,18.065401,8.30753,14.583628,24.464474,8.257288409498575,7.082649747118558,7.082649747118558,7.082649747118558,11.66612747852699,12.33059367481953,9.002734293247363,9.002734293247363,13.044490968669768
GFLSPFLKGVAKVLAKVIAKVGPKIMPAAINANA,18,9,9,0.7693231315549987,766,Rank,0.1520044099675893,0.1520044099675893,False,,4.24873,3.9699142,1.5317659,1.6271574,2.9594913,9.924643,20.541136,4.3729134,3.2663329,5.162579,56.613148,7.525232430382408,4.629345506779171,4.629345506779171,4.629345506779171,14.499709796062302,7.907248608545501,7.610291646987946,7.610291646987946,4.638340673720215
GLFRKLFKKLVKAGIKG,18,9,9,0.769423962042452,767,Rank,0.0943305101349556,0.0943305101349556,False,,4.954899,4.886865,7.7205667,4.308892,19.94616,7.655879,6.159853,5.497567,2.10883,3.590522,20.012589,5.743673242406059,4.130079887459314,4.130079887459314,4.130079887459314,6.79702367769291,6.314805293786506,7.084854714665824,7.084854714665824,4.445247354791151
PGIKTFKKIGGKLLSKALKAAKKAMTQGPLE,18,9,9,0.7715675156352317,768,Rank,0.1495619919239147,0.1495619919239147,False,,1.3055961,1.5569103,1.9480798,2.464396,1.5169662,5.9672093,6.241634,3.1069272,8.046852,18.855288,21.061333,11.222767580047947,5.691796720148128,5.691796720148128,5.691796720148128,12.594349421555567,12.597651305633338,12.014948888067138,12.014948888067138,10.405950860221417
GLFRKILGRVLRKIK,18,9,9,0.7721051979945901,769,Rank,0.0985184019844854,0.0985184019844854,False,,8.300134,7.646422,6.8933344,3.5275855,16.676115,3.8887098,7.500168,9.909008,2.4789073,4.1453037,23.432644,6.830612718441345,2.8455528150809806,2.8455528150809806,2.8455528150809806,10.3595365789278,6.649974013629159,6.154214786774932,6.154214786774932,3.7631281359284583
GFFGKLLKKGWKQFAKKLA,18,9,9,0.7721353610013547,770,Rank,0.1372342977923596,0.1372342977923596,False,,2.3183165,2.68182,4.4063644,6.067918,20.623964,21.96272,9.56933,7.3221984,5.3222947,8.1558275,13.305576,4.025481798401938,4.4444579723939075,4.4444579723939075,4.4444579723939075,8.685026114791478,3.673679509346125,4.143141030120094,4.143141030120094,4.698905518382218
GIWLSAKKLALKAGKKLLPTVAGAGQKAK,18,9,9,0.7723294218198831,771,Rank,0.1112377380984007,0.1112377380984007,False,,7.6193337,7.6919246,1.1070759,1.2717596,18.216644,7.695533,6.7003093,4.775358,8.851206,8.140525,29.600842,5.699582486690836,2.7680486537375875,2.7680486537375875,2.7680486537375875,8.961990909472927,9.61144229271948,5.574096136053818,5.574096136053818,10.949165674187684
GGLLSLLKKALKKIAKH,18,9,9,0.7750978191138086,772,Rank,0.147237460815047,0.147237460815047,False,,1.7193888,1.6313046,4.6818852,3.0682862,17.43942,4.388553,8.810526,3.9428482,12.878203,8.585496,46.714012,5.623836205461792,5.447878247683729,5.447878247683729,5.447878247683729,6.726855142798623,6.513644582714768,5.226372090095572,5.226372090095572,5.2752836010366275
GKWSKILKHLLKHF,18,9,9,0.7763477792903105,773,Rank,0.0483886433372296,0.0483886433372296,False,,3.5216863,7.0998516,3.2710855,5.2455144,15.102797,18.872847,13.830881,2.0998354,15.672472,3.0894961,40.760757,4.9841591434002845,2.5558144681253308,2.5558144681253308,2.5558144681253308,9.483122500594623,6.638161736387214,4.821930900680676,4.821930900680676,3.941462043444921
GFLSKLWEKVKSRVKAFKSR,18,9,9,0.7771403703126925,774,Rank,0.1219444868763615,0.1219444868763615,False,,2.6239016,1.9583839,4.6186137,2.7271638,23.86474,11.1666975,11.165613,8.478417,3.5746577,2.784205,17.518133,4.642992643608028,5.753915933464842,5.753915933464842,5.753915933464842,6.885151695393637,7.708835158238718,4.853716164838935,4.853716164838935,11.084019590293002
GFLSKIRGGVKNFLKGLASTVANK,18,9,9,0.7797269321531883,775,Rank,0.1544163185404601,0.1544163185404601,False,,1.419399,1.409264,3.100442,2.486698,7.1517816,4.8565693,11.960373,23.546186,11.013048,4.8415623,40.46053,7.290590235574324,3.8404790030802367,3.8404790030802367,3.8404790030802367,6.410308406444208,10.926489165836047,6.261612279327493,6.261612279327493,10.651496436546925
GWVTTGKLIRDKIKRFVSNLFNKNFQKKIFG,18,9,9,0.7801711108591409,776,Rank,0.0951916243823388,0.0951916243823388,False,,6.4527144,5.9197726,2.8320901,5.235018,10.332359,8.488561,15.610299,18.081877,7.3544564,4.605434,27.916004,3.538348355966656,4.07543695380904,4.07543695380904,4.07543695380904,4.581434098634732,6.113525365706622,3.0948038615180535,3.0948038615180535,4.710904347425312
GMWSSLLRKLYKVITKIG,18,9,9,0.7809579656805781,777,Rank,0.1547048094548642,0.1547048094548642,False,,2.3898396,3.8762429,8.194912,8.286786,11.493917,18.174904,24.104809,2.5310695,6.2298856,2.997345,9.776199,9.048435320235397,2.5480877866629097,2.5480877866629097,2.5480877866629097,9.375056549361911,13.366591323737527,5.508064070505131,5.508064070505131,4.994651181592343
GVRDLFKKGRKILKGAGKSIIKSGAKAGAKELL,18,9,9,0.7843719380833978,778,Rank,0.1667431824823335,0.1667431824823335,False,,14.649558,12.328736,2.1711588,1.663929,25.917603,3.0204067,8.849663,7.3910556,6.145137,7.215866,16.575,6.748115473437451,3.0085978429368625,3.0085978429368625,3.0085978429368625,7.715079870167945,8.879406272291925,6.272739009388823,6.272739009388823,4.003027381466987
GALKKILGKLLRSAFKNGL,18,9,9,0.7860906113445154,779,Rank,0.0945071329897455,0.0945071329897455,False,,2.4023132,2.83595,3.9876683,5.123501,32.40564,6.4447837,11.954899,5.2585244,7.0390553,9.937366,31.860214,4.118294162795756,4.056941655064219,4.056941655064219,4.056941655064219,9.65153989235899,7.661523413097172,3.9612995675543887,3.9612995675543887,4.055312802867764
WKFFKKIWKTVK,18,9,9,0.7870307918244382,780,Rank,0.1386088843578981,0.1386088843578981,False,,7.400139,6.5732255,3.785854,4.756087,26.451746,8.540468,7.638465,5.1851645,3.0436745,2.016868,45.06307,4.503781656365763,2.880326508952225,2.880326508952225,2.880326508952225,10.984032985191684,6.802953629498988,5.763491835728951,5.763491835728951,9.502753929147481
GLWRKWIKIGRKFFPGI,18,9,9,0.787668805408668,781,Rank,0.1524846746984751,0.1524846746984751,False,,6.836209,5.408926,6.926633,4.22238,2.1616533,4.3499575,8.387002,21.398682,9.951913,5.140954,22.400595,4.1094693315745765,3.9755873055430246,3.9755873055430246,3.9755873055430246,10.508763274983156,10.339346924255981,3.86358079676046,3.86358079676046,6.4696570096462045
AKGLLKKFGKIASHLGKLF,18,9,9,0.7896027903120892,782,Rank,0.1762241561952074,0.1762241561952074,False,,4.6635847,5.413199,4.3646684,3.8267581,11.445053,6.831511,10.617029,6.277132,18.008986,6.2438793,23.593092,4.69603014364609,4.377245451204712,4.377245451204712,4.377245451204712,6.554832218552168,4.763685817719307,3.9890165753255826,3.9890165753255826,5.43128087587875
GVWSTLLKKVSKAGKKIIPSIRQRREQGGH,18,9,9,0.7902755955132222,783,Rank,0.1476139518357154,0.1476139518357154,False,,2.598668,2.8953712,6.189034,4.91941,25.377474,2.473278,5.697022,9.402647,9.939163,5.8626213,17.940838,5.380249512309891,3.834477029970078,3.834477029970078,3.834477029970078,9.581176663831945,9.853715315258626,6.20773751074788,6.20773751074788,7.191356325144186
GILGKLLKGLKHVAKHAGPVLASALARS,18,9,9,0.790626677333277,784,Rank,0.1079628473513628,0.1079628473513628,False,,5.2476597,7.7643633,3.3976953,2.1116536,3.8398292,15.790958,19.933329,2.1947863,4.971401,3.610119,55.597218,7.1161363018009665,4.755336387511218,4.755336387511218,4.755336387511218,6.103619192963724,8.778550146583965,6.893797751795056,6.893797751795056,4.307187502038634
ALIQRIRERIKQIRGILRKKTG,18,9,9,0.7910286687153301,785,Rank,0.1480429523537537,0.1480429523537537,False,,2.4482183,1.4370043,3.4064622,4.1825204,51.489826,12.084131,14.354656,7.371767,12.535332,6.1537843,27.524025,4.313829926713534,3.354063087204874,3.354063087204874,3.354063087204874,5.958913861686498,6.480119908358675,4.572858060204943,4.572858060204943,7.183397809624203
GIPFKIAFKLVGQKIPKIGLTLKLKKEK,18,9,9,0.7914371756810807,786,Rank,0.1296669112958929,0.1296669112958929,False,,3.0639768,1.5798593,2.0588734,2.3671944,5.179149,2.879613,9.081799,2.7976255,30.860699,12.587914,23.38566,8.45985731162442,6.469564665942391,6.469564665942391,6.469564665942391,7.514523737041655,12.437620212630035,7.96939734597927,7.96939734597927,6.104287706024607
GRLRFLRRVVTIIRKVADTYG,18,9,9,0.7958242629874777,787,Rank,0.1350704083869082,0.1350704083869082,False,,4.6652145,2.0200217,3.4149325,2.8917398,16.674147,10.786631,21.576828,1.6884823,11.271107,8.85166,8.881593,5.811272749132274,3.331794876643415,3.331794876643415,3.331794876643415,12.188904650251295,11.72524904792543,5.62377908943739,5.62377908943739,15.717060210495509
PFLKWLKKLF,18,9,9,0.7970748004014174,788,Rank,0.1660703137452845,0.1660703137452845,False,,4.040534,3.616086,3.8485503,5.7819724,17.215607,14.351414,8.248689,6.8284345,14.316443,3.5710618,27.524214,5.600021414190566,4.385323425422596,4.385323425422596,4.385323425422596,6.518985522000005,4.546323811804731,5.346181213012333,5.346181213012333,3.4312509740858976
GIPLKLFGKELKGAGKAALKAAKAVLNAL,18,9,9,0.7975253865396621,789,Rank,0.1638823488390627,0.1638823488390627,False,,2.7952662,2.9012702,2.4203258,2.9404304,3.1308165,9.562046,16.517027,3.8622155,2.9389744,5.3275943,47.991337,7.417623205360726,4.748455964815714,4.748455964815714,4.748455964815714,13.837742345277906,10.564884319478358,9.439339605784022,9.439339605784022,10.413814435180052
GLNWSKWKKFLKIAKSA,18,9,9,0.8037659624858765,790,Rank,0.0830071379708835,0.0830071379708835,False,,2.1990867,1.605995,1.9463943,3.2231817,9.546849,24.57177,9.990933,2.6815841,14.968509,8.674741,30.301126,4.815945466334477,5.249994100513804,5.249994100513804,5.249994100513804,11.410620717390604,11.737018415289532,6.143532693882771,6.143532693882771,6.162655082120149
GIFGKLLKKIGKKVHKIVPHALPSLINRR,18,9,9,0.8081594500396733,791,Rank,0.0528448940013814,0.0528448940013814,False,,3.9352527,3.274336,3.3709807,3.672136,3.6787567,12.02453,25.006363,5.2922106,9.834132,6.1785374,33.31256,8.967498019732302,3.491744207328787,3.491744207328787,3.491744207328787,13.198270209070458,6.763954416536951,7.684799038436335,7.684799038436335,3.8278087813479127
PIPLKKFKRLLKSAKKKVKGIAVGIP,18,9,9,0.8090703667785724,792,Rank,0.0902497127543701,0.0902497127543701,False,,5.746914,5.233387,2.4831088,1.7577113,2.3761973,4.4541874,5.9168963,5.84109,37.00932,13.738539,34.583202,6.239042934594378,4.72516025229564,4.72516025229564,4.72516025229564,7.7170432358864565,10.905425071086144,5.741253704651495,5.741253704651495,9.849545486061952
AGILSSLLKKLKSLIAKGMA,18,9,9,0.8095724529307905,793,Rank,0.1417003031852717,0.1417003031852717,False,,1.6863089,1.5501536,5.141902,8.9926195,25.22621,7.903809,6.0894504,2.674247,8.760256,2.502527,28.575409,7.218222523699022,5.751618380285972,5.751618380285972,5.751618380285972,12.821554236985778,6.471362053290731,8.030703020805293,8.030703020805293,8.600568491231792
GIPLKLFKKILKGAAKAAGSAALGAVTQ,18,9,9,0.8109396409159769,794,Rank,0.0814729474390308,0.0814729474390308,False,,3.7755232,4.515846,3.0769496,2.8117998,17.36939,10.237526,7.843089,5.135991,2.0926373,3.6185102,30.433596,7.501748191671493,7.033386956342239,7.033386956342239,7.033386956342239,6.393108923396365,10.68350659314483,7.285786959652562,7.285786959652562,7.182388335595495
GGLKSLLGKILKHGMKIII,18,9,9,0.8123016366471273,795,Rank,0.1184126524228255,0.1184126524228255,False,,4.6405888,11.183428,3.9969506,3.9600732,2.5825186,8.003743,17.153145,4.260368,3.101802,3.0492864,38.975426,8.82405528726641,4.750564032775378,4.750564032775378,4.750564032775378,12.055910177895669,7.200602333401439,9.578391969846635,9.578391969846635,5.112864673701419
GFLSKVLRKALQYALKKGKELINEALKRG,18,9,9,0.816880326115515,796,Rank,0.173203511038202,0.173203511038202,False,,5.9145265,5.7759614,1.7646582,6.26192,21.542948,12.308445,13.386995,1.1102321,7.024217,10.151276,20.860348,5.3689253593643524,4.511007093069717,4.511007093069717,4.511007093069717,12.135587002660126,9.059313011717949,6.067579698760121,6.067579698760121,4.9289443070555965
GKWKLLKKLKGWLRKKTLVKDKALV,18,9,9,0.818512310048926,797,Rank,0.063657076868923,0.063657076868923,False,,16.308348,14.461258,1.1369281,1.5154934,2.9891121,9.7049055,14.889919,3.8373094,13.779175,9.749482,27.988033,7.208055578823673,4.476351748859525,4.476351748859525,4.476351748859525,7.1908746969752855,5.925002092148285,6.344182596722794,6.344182596722794,8.35412535477485
GWLSKVLKTIKKAGKGLIAPVANKGGQPA,18,9,9,0.823460714859063,798,Rank,0.109421801943308,0.109421801943308,False,,3.6227462,3.3065317,1.8214744,1.5001296,11.757123,8.910441,9.300718,13.938998,17.08214,9.093989,21.457233,6.041713349119953,4.198049839582733,4.198049839582733,4.198049839582733,10.495917597664508,9.623147371843327,5.894950408738887,5.894950408738887,12.67162515429362
GKWFKNLKKLLKHLI,18,9,9,0.8238344450309227,799,Rank,0.0696798954625152,0.0696798954625152,False,,7.9707966,11.641493,3.1147976,3.1533847,4.2341948,2.359089,5.830481,2.8312306,18.409796,2.363032,43.70051,9.448832617790933,6.459868815717,6.459868815717,6.459868815717,10.882059514752944,15.024235527467109,7.302587227902994,7.302587227902994,4.7235185266634225
GTLKKLFTKLLKKVGKTALGNVRNPVTPSPSQ,18,9,9,0.8262166132469575,800,Rank,0.1097286608044205,0.1097286608044205,False,,1.6605856,1.5291406,1.7927175,2.2527401,7.2413044,4.9762926,7.4022183,11.5556135,14.344242,37.013615,103.83895,5.445563882575437,5.471385435983971,5.471385435983971,5.471385435983971,7.792625708230333,6.9685877707399815,6.448693360055033,6.448693360055033,9.528329801523235
GFWAKIRRAGKKIGVAAKKAAAGALAN,18,9,9,0.8263255546140954,801,Rank,0.174920758394878,0.174920758394878,False,,9.043244,10.655015,2.5660617,2.4082696,23.009098,8.773983,10.430428,4.841006,6.105622,6.661608,19.708963,7.211182343383367,3.393519720161189,3.393519720161189,3.393519720161189,8.993926461152721,8.039715022897024,7.225085136341038,7.225085136341038,6.494117562648097
FSKIKGLVKKIKSIVKGF,18,9,9,0.827183834421151,802,Rank,0.1215181844747887,0.1215181844747887,False,,1.4442143,1.3925223,4.1765356,3.3808599,6.639434,4.222388,7.0059433,16.577185,15.6793995,5.2372823,26.555437,6.98933042692726,8.86495508226688,8.86495508226688,8.86495508226688,10.723940127157931,8.108453869493585,7.039629395363352,7.039629395363352,8.265837685174535
GVLGAVWKRGKKFGQGIAKFGIKASYQKGYLKL,18,9,9,0.8277253581158991,803,Rank,0.1544007524839275,0.1544007524839275,False,,4.3567295,7.235133,7.676821,10.23366,2.8315747,9.408213,8.739707,27.299046,3.4544718,11.618113,18.653559,6.183131822584578,3.1381289297367143,3.1381289297367143,3.1381289297367143,12.271663191985656,9.181646043977402,5.94779848574475,5.94779848574475,3.994587153028208
GLNWKKLLKKLKKIII,18,9,9,0.8293978137582286,804,Rank,0.1272938140906434,0.1272938140906434,False,,10.804244,11.502638,3.7612827,3.5928326,50.269676,9.005219,13.971512,3.803707,14.66651,4.6890254,29.528584,5.036579368189353,3.104472978276644,3.104472978276644,3.104472978276644,9.572514953159144,6.567604805853066,3.7722103509748015,3.7722103509748015,3.500777255962874
AKLFKKLLKKLKKSLL,18,9,9,0.8304000021364232,805,Rank,0.0971656078980925,0.0971656078980925,False,,17.0624,13.8755455,4.8933716,8.2381935,13.450462,2.200456,3.1846414,5.1804557,4.8078265,4.9580297,30.366398,4.3407965124517585,6.71702444048367,6.71702444048367,6.71702444048367,9.701224145983034,7.529749181563058,4.6309189092248575,4.6309189092248575,5.833087163408923
GKISSLLKKWAKSILKHI,18,9,9,0.831746384936972,806,Rank,0.1666638993677275,0.1666638993677275,False,,2.4285212,2.366802,5.775573,8.614184,16.934956,12.766233,11.6083555,3.2944374,12.377088,6.810798,30.308588,4.6088892517348805,4.832369263724941,4.832369263724941,4.832369263724941,10.456886273317805,7.422574518833341,4.9278810080760636,4.9278810080760636,7.285840956403688
GRIKSFWKKLLSKAGKAVFKAASAEH,18,9,9,0.8324393018125669,807,Rank,0.1558351127065511,0.1558351127065511,False,,2.7949145,2.4988816,2.5973902,1.5581688,34.933365,10.268458,10.027674,2.846539,8.085222,19.270443,12.428453,7.675647599817038,5.919978797991547,5.919978797991547,5.919978797991547,13.423121237966804,6.469188201405798,9.21301886347223,9.21301886347223,6.771325556484802
GLLKKIKSALKKILK,18,9,9,0.8326131556385399,808,Rank,0.1485740662026459,0.1485740662026459,False,,1.006603,1.0589291,4.4360604,2.8776798,9.918029,5.414579,9.9800205,5.841454,19.228554,13.511838,39.432,8.14503516045833,7.735931426627596,7.735931426627596,7.735931426627596,7.698551941443326,6.922371502499464,8.950797649619297,8.950797649619297,6.390393005831189
RLGRILAHLKRLYK,18,9,9,0.8334695054909478,809,Rank,0.1283902871127995,0.1283902871127995,False,,1.9995056,2.4233518,4.337823,2.483588,10.848803,20.676891,13.781872,2.762241,11.443188,4.9238963,25.100681,8.147548505188139,4.027404875164871,4.027404875164871,4.027404875164871,11.848245806857475,11.292684590912407,9.4282022906609,9.4282022906609,11.7033325456801
GRVRRIVRIVFRTRL,18,9,9,0.8338993435852655,810,Rank,0.1761753825514053,0.1761753825514053,False,,2.9826903,2.5763667,6.670516,3.8359435,9.397557,20.638786,23.706123,8.257791,11.21008,5.6091166,4.8962827,5.893770930258368,4.84519962650488,4.84519962650488,4.84519962650488,13.110748952038996,10.048912492352558,5.8902258265562155,5.8902258265562155,6.764060245542144
GMWKKILGKLLK,18,9,9,0.8347715406694635,811,Rank,0.1580062662717177,0.1580062662717177,False,,9.991295,12.021735,7.219566,13.2758875,21.374865,6.594469,10.433036,4.318539,15.089466,4.830372,24.849821,4.776668150325425,2.1579620397418684,2.1579620397418684,2.1579620397418684,14.18301120394768,10.388955341367389,5.475234498278778,5.475234498278778,1.7662676472285452
GIFKKLWGGAKSVIKGGRRFLP,18,9,9,0.8360788106079229,812,Rank,0.0910531288188725,0.0910531288188725,False,,4.6114845,4.1547046,11.655693,5.631148,18.104822,4.702561,6.4820538,21.504852,1.9948944,2.9563353,12.4571295,8.73393413171394,5.64263412055493,5.64263412055493,5.64263412055493,8.197193281639063,9.19556845566853,7.714474229260932,7.714474229260932,6.824626810969995
GINNKLIKKLEKFLKKAEKRVLPAVQNGFPFANPY,18,9,9,0.8365991686893164,813,Rank,0.1547247340072259,0.1547247340072259,False,,5.9662986,2.7732134,6.111688,8.977288,8.629108,11.56101,12.028052,20.569967,11.732663,11.558808,33.43389,4.3543447474508445,2.2210783338029843,2.2210783338029843,2.2210783338029843,10.169629834193794,11.72719315779389,4.288050049470036,4.288050049470036,5.075375486981084
GLLEKLLGKFKKIIIKGKK,18,9,9,0.8382557152614789,814,Rank,0.1672967114526326,0.1672967114526326,False,,5.2705626,5.854607,5.9705043,5.9047155,6.8044534,4.805821,4.9237432,5.713358,28.699427,7.6703515,27.361904,8.024434110432004,4.272629392724372,4.272629392724372,4.272629392724372,10.309030079815496,6.924804081521058,6.930588687988714,6.930588687988714,4.500921903177003
GILSKILNKVRNAIKKIGI,18,9,9,0.8435948496924303,815,Rank,0.1362515607566016,0.1362515607566016,False,,1.2968805,1.2983367,4.558224,3.0324783,19.285297,3.7506673,7.7582626,5.599188,13.937357,5.2382283,43.42292,7.815443616320795,8.991105135454152,8.991105135454152,8.991105135454152,12.99718444934407,6.9023277250287824,8.68527166498519,8.68527166498519,8.354173510432965
GFLGKILRMAGQKIVRAPKLFQR,18,9,9,0.8447155299017701,816,Rank,0.1001119510785824,0.1001119510785824,False,,2.5741916,4.066448,6.4107537,2.641371,24.884523,5.942934,9.524432,8.396358,6.2761474,11.103441,21.2633,7.381532542390944,5.121434160422744,5.121434160422744,5.121434160422744,9.246227092336934,8.719114169545565,8.290387112439088,8.290387112439088,4.593740689920316
GLLGNFKDVIKTAGKGVGKSIASKLSCKLFKGCK,18,9,9,0.8458251296522883,817,Rank,0.1744203615642102,0.1744203615642102,False,,4.7411747,5.5387516,3.04673,4.769436,2.5591652,31.191042,14.585422,6.0490503,3.1131039,4.688349,24.935148,10.654549242094596,5.1432758172979165,5.1432758172979165,5.1432758172979165,8.400674186615497,11.510407729548117,9.773466910325785,9.773466910325785,6.300677002885476
LNWKKIKEWWKKFLK,18,9,9,0.8466884413751126,818,Rank,0.1383201858960735,0.1383201858960735,False,,7.4598775,7.0808215,5.014124,20.767536,7.9845715,6.741995,9.714765,6.7866025,1.6412847,1.85111,19.27205,7.435290743986344,5.064962728758933,5.064962728758933,5.064962728758933,14.788735927785739,14.590258175789428,7.751235256190998,7.751235256190998,5.997110643644735
GFLSKILGGIKKITPGVIRGLK,18,9,9,0.8477240584430369,819,Rank,0.1192183515089527,0.1192183515089527,False,,1.9661778,2.564071,8.665829,8.547126,6.031691,3.1960268,7.387948,19.072292,12.648641,3.832528,24.965536,14.594235556860324,4.648662320002324,4.648662320002324,4.648662320002324,9.498031278909421,9.720930839632976,12.743283735542722,12.743283735542722,3.3372005470154433
GIFGKIWRGGLSAIKKLGK,18,9,9,0.8478731253422325,820,Rank,0.0839408938154189,0.0839408938154189,False,,4.786966,4.5706377,5.7224607,4.4511595,12.811672,27.086624,18.415476,8.317604,3.9350905,3.992712,12.035824,7.743496665456401,4.784288043013906,4.784288043013906,4.784288043013906,12.061457708509662,7.78464493243832,6.806367982757262,6.806367982757262,4.388038666398069
GGILSSLKHFAKKLGKSLIRGQGRFTGVP,18,9,9,0.8486681274106587,821,Rank,0.093475414762765,0.093475414762765,False,,2.5385468,4.480401,3.3384356,7.1706166,2.8346932,4.3375854,9.460991,8.254486,15.5579405,18.567713,31.794954,8.196828782654741,4.855748338922455,4.855748338922455,4.855748338922455,12.71944689500844,8.433715630791557,8.478431589309594,8.478431589309594,5.412262936612466
GGLLSGLKNVAKGVLKQFAKCKVRIF,18,9,9,0.8526406090418671,822,Rank,0.1358069941820307,0.1358069941820307,False,,5.8514028,4.435017,3.7456877,2.4647417,5.814257,11.228798,17.658142,7.3170066,2.8890076,7.185873,20.829792,11.50292218176685,5.350761682955144,5.350761682955144,5.350761682955144,12.513800332607659,14.898958272131,9.136741742826622,9.136741742826622,4.711421613395469
GFLSKILSKLMEKIAAIQKKK,18,9,9,0.8526529346213927,823,Rank,0.1432662484724509,0.1432662484724509,False,,1.5147525,1.6016266,5.564358,7.9923444,22.323223,7.400348,3.9230433,2.963683,4.421707,2.1131794,27.364218,10.867430014253813,9.30644586526249,9.30644586526249,9.30644586526249,15.105287807224313,10.39670904390418,13.340684045957202,13.340684045957202,8.71031125177833
GILRKLLRKAGKNVGKAALGAVFKP,18,9,9,0.8542901896353665,824,Rank,0.1534703173981191,0.1534703173981191,False,,5.359516,5.954776,2.8215144,2.0435357,29.35547,3.494077,7.31018,5.8536463,4.930813,7.888015,16.49705,10.358248515296472,6.366422746362929,6.366422746362929,6.366422746362929,10.955355606414907,10.043824677985796,10.996974962620165,10.996974962620165,6.610508907275558
GKLNSLLQKLAEKIRKIGQGVLKWL,18,9,9,0.8544265769138534,825,Rank,0.0797432472371287,0.0797432472371287,False,,1.8726923,2.0349743,3.1132646,1.6739157,8.416043,9.959334,16.922865,7.1632924,4.6053076,6.768412,21.048273,8.333590520373072,10.237059514413835,10.237059514413835,10.237059514413835,15.792332300711395,14.77921169399305,8.51620748680422,8.51620748680422,6.119584624752629
GKLKKLGPKLFTVAKKALKTPVYRPTPHTLTLPC,18,9,9,0.8574625115067487,826,Rank,0.122820544538016,0.122820544538016,False,,3.937137,6.403447,2.80962,4.2950883,6.557644,8.377142,11.218687,6.1754737,11.530551,28.93543,49.917194,5.826289563699444,3.4673862833797346,3.4673862833797346,3.4673862833797346,12.314675941336581,13.744543091090264,5.160895237574324,5.160895237574324,6.678022891647331
GIFKKIWEKLLKHIR,18,9,9,0.8577281613524523,827,Rank,0.1147751763322884,0.1147751763322884,False,,2.8072352,3.3157477,3.432866,3.4778657,23.445229,14.767651,13.649177,1.672661,11.841903,3.607089,37.442406,8.740462220846924,5.706974730768747,5.706974730768747,5.706974730768747,13.469644877739821,11.970676154949203,8.297884131621208,8.297884131621208,5.633121404055156
GIISKIKGAFKAALKAGTKLLPAR,18,9,9,0.8607980636454406,828,Rank,0.1584095309096222,0.1584095309096222,False,,2.475742,2.0194755,4.5643005,6.0747724,9.687873,8.3562,3.869777,6.3351493,13.149146,19.588459,21.485035,8.21145294724668,6.231922784289349,6.231922784289349,6.231922784289349,9.429522233898602,9.300602953931955,9.426973097944172,9.426973097944172,6.972163719359614
GWLSKFRKKLLKNVRNL,18,9,9,0.8631123239447707,829,Rank,0.1176449345146379,0.1176449345146379,False,,5.4656067,3.1401427,5.3840427,5.3092885,22.151405,9.841697,13.068506,3.5790253,7.834852,3.8740973,32.50008,6.588493840494152,5.783558200953886,5.783558200953886,5.783558200953886,10.254231551324265,9.726704072726163,7.520136262032955,7.520136262032955,5.155543222284297
HFAWKLLKKAKKIVK,18,9,9,0.8648387370069314,830,Rank,0.1599408157775888,0.1599408157775888,False,,2.573441,2.3202343,2.653006,2.6766992,22.770134,12.781208,9.823258,2.6034143,3.474706,2.7516067,60.982586,10.04557823518376,7.388073836118539,7.388073836118539,7.388073836118539,11.79407422121668,11.758872119637866,11.637400476966192,11.637400476966192,14.14601680188412
GVLGKLMKKLGKLIGKHAL,18,9,9,0.8668227586844146,831,Rank,0.119925258022953,0.119925258022953,False,,7.5287395,7.929652,4.113879,3.4117427,22.316435,4.648363,11.700432,4.2976356,10.058435,11.540468,23.485434,7.1231267047368325,4.8792057007499805,4.8792057007499805,4.8792057007499805,9.56928623249906,11.207590827300828,7.193727432354401,7.193727432354401,3.965741101923314
GKLSSLLKKIKKIAAKAINA,18,9,9,0.8673574292456767,832,Rank,0.1475601970538228,0.1475601970538228,False,,1.4375395,1.500468,4.869223,4.3736415,12.9202,8.720286,5.716846,4.5888395,19.36191,10.498566,46.17798,9.307237800769421,5.963817950044109,5.963817950044109,5.963817950044109,11.184314632190903,9.134557588213296,11.126668312630569,11.126668312630569,6.9888489005059045
GLFRKIVGKVLRRL,18,9,9,0.8680326925508464,833,Rank,0.070445745443919,0.070445745443919,False,,5.498881,4.901002,8.7134905,4.717981,20.42366,3.1925097,12.241913,6.384841,2.1164217,3.6169724,23.93621,8.603682905379825,7.010134825579419,7.010134825579419,7.010134825579419,13.343346497003422,9.543149861441348,9.179322652982915,9.179322652982915,6.973279545855526
GKWSKILKIWKKAGLKL,18,9,9,0.8688137519979768,834,Rank,0.0643936626640454,0.0643936626640454,False,,14.511695,13.488974,2.5897973,3.5982897,4.1573257,7.891862,12.955339,3.885814,26.5764,4.8524637,33.37688,6.368035908348307,4.024344962713797,4.024344962713797,4.024344962713797,11.742270942827604,13.998859452526943,6.816875800961821,6.816875800961821,5.784701332766971
GIRGKVTGMKKVGKGLSKLICKIT,18,9,9,0.8710629492005907,835,Rank,0.1159681589049466,0.1159681589049466,False,,9.095362,11.578162,5.5289187,5.3749905,27.95026,6.556718,7.0609827,12.58382,9.071556,4.185862,21.610601,4.711838053764703,4.467778646430863,4.467778646430863,4.467778646430863,8.5481100138689,10.029658570493687,5.276042412915628,5.276042412915628,6.290132610677296
GILSKLLGKGKKIIISAFKK,18,9,9,0.8743925840102588,836,Rank,0.1254773590669996,0.1254773590669996,False,,2.0087197,2.1796203,3.656922,2.5269666,8.451497,4.9553566,3.9312038,7.4823937,16.436508,11.847563,22.522171,12.912307967687694,9.13690977635006,9.13690977635006,9.13690977635006,12.477391860129162,7.874473367888952,14.823825947725593,14.823825947725593,6.615230147257275
GILSKTLGKIIKIGRKLI,18,9,9,0.8768507295911844,837,Rank,0.0671011187636151,0.0671011187636151,False,,2.4341538,2.6496484,5.1254716,4.03987,9.248489,5.256687,16.071648,6.493882,7.7577376,4.754099,25.972383,8.313087906698424,9.186924997403253,9.186924997403253,9.186924997403253,12.405437208640148,10.763882572498005,10.639772911184965,10.639772911184965,5.444971993630734
GKFWKKLKRSGFKFNVYRQYIIK,18,9,9,0.8773641620760897,838,Rank,0.0543653864034854,0.0543653864034854,False,,3.7357643,3.0161836,11.88259,16.500542,2.4028625,10.361939,13.280789,3.8741925,10.849225,8.112678,17.884024,11.751841091856113,4.436431810158014,4.436431810158014,4.436431810158014,10.274573685878211,10.456768591440957,8.895892859859861,8.895892859859861,9.07163794670391
GFFSTIPKVLSKAVKKAIKAAAKTATSSALSEQQQ,18,9,9,0.8783033633077079,839,Rank,0.1461679689575474,0.1461679689575474,False,,1.4500014,1.3632768,2.4864542,3.2837017,4.50426,11.049372,5.507996,8.551802,11.804516,30.89215,27.65976,14.57970915043766,6.998155329026699,6.998155329026699,6.998155329026699,13.170635578571058,11.082769214959285,14.638785649480992,14.638785649480992,6.172326684638961
IGWKKLLPKVLPHLIGKLLQ,18,9,9,0.878632896818744,840,Rank,0.0629231891902662,0.0629231891902662,False,,5.965878,7.3506055,2.842696,6.5377655,8.631644,20.521107,22.005577,2.7040484,1.4169782,10.547319,14.149046,9.318398479068291,6.41871054061213,6.41871054061213,6.41871054061213,15.536807501557256,11.884932234838928,8.058660772021309,8.058660772021309,6.9639851711688845
GIPGTLKKFFKKIEQTVYKGARNLVLNLYL,18,9,9,0.8786450688576007,841,Rank,0.1745336824557675,0.1745336824557675,False,,1.4724602,1.9907043,5.934902,27.235441,2.8382509,8.923056,11.456494,33.35055,12.563257,9.783383,6.3695426,7.854983860698167,5.158208624663263,5.158208624663263,5.158208624663263,12.594390905828991,12.400041199708026,8.754462955696544,8.754462955696544,8.0757534406618
GKIKRVLKKYLLHIVK,18,9,9,0.8786987696008761,842,Rank,0.1733927942856384,0.1733927942856384,False,,3.5712967,4.434844,3.315218,3.3035321,17.771908,6.2927938,9.351789,4.1072645,10.861597,5.4471006,35.997337,7.577580330443994,7.623379686594436,7.623379686594436,7.623379686594436,12.064503977514137,10.809669197574024,8.604641776895232,8.604641776895232,7.288957446821004
GKLSSILRKVKAIIKK,18,9,9,0.880371769713393,843,Rank,0.1756027592184262,0.1756027592184262,False,,2.0960267,1.9663506,5.4807906,3.1148763,13.970289,3.0807443,3.8523965,7.4922276,18.447046,7.187656,39.72892,11.375186071857376,6.886297071309106,6.886297071309106,6.886297071309106,13.803880081501596,12.116069193671255,12.378123864849435,12.378123864849435,9.240201324364152
GLLQKSLSKLKKLCKFWARF,18,9,9,0.8822818374995475,844,Rank,0.1206407777549014,0.1206407777549014,False,,13.941535,20.114273,4.0785675,3.2596464,13.142802,15.247795,13.467674,1.826978,7.7375836,7.8987775,25.62913,5.737598747949189,6.096697101899172,6.096697101899172,6.096697101899172,9.10246747570814,10.486273496713938,4.942948188304963,4.942948188304963,5.064740288962854
ALRLALKRVQRFLKL,18,9,9,0.8830015443865035,845,Rank,0.105317863025344,0.105317863025344,False,,6.216734,3.3212295,4.82935,2.8474638,17.659176,4.677398,7.1002154,3.5096672,4.628061,6.923393,24.263643,7.137188849361785,9.662336308129765,9.662336308129765,9.662336308129765,11.561743461675805,12.836206753400578,9.496469748293464,9.496469748293464,11.675581087198056
GIGSVLGKLAKHALKHLVQKIAKKQPK,18,9,9,0.8834687083763868,846,Rank,0.1662110308963392,0.1662110308963392,False,,4.8947573,5.195745,2.2700033,1.6866162,26.893167,5.926636,7.096628,2.63468,6.859305,9.659324,53.64518,11.613324086776313,4.8821034470959574,4.8821034470959574,4.8821034470959574,14.8429136281451,15.515366648806452,14.599748805672357,14.599748805672357,6.82677018966895
GRLAKILGKLLKNLGKH,18,9,9,0.8852164235815678,847,Rank,0.1121306071011104,0.1121306071011104,False,,4.3671575,4.784938,3.1168203,2.9859746,10.954135,9.361268,20.276611,4.691793,11.497966,6.787511,43.74208,9.862084633642482,4.7668669185572305,4.7668669185572305,4.7668669185572305,12.056174918494833,11.282450843321831,11.075905312291644,11.075905312291644,4.384683090275469
GVLGKLFKHIGKAIGKVGLK,18,9,9,0.8853619995125979,848,Rank,0.1164934614260666,0.1164934614260666,False,,6.555866,5.3706822,4.8958673,8.645123,8.885245,11.900301,17.398436,5.9916673,7.4335737,12.432084,24.257324,8.244666642724555,4.56918806879126,4.56918806879126,4.56918806879126,8.624561309674187,6.236599601470047,7.592268711616011,7.592268711616011,5.675337890437677
GFLGKLLKLGTMYKGKHLLQNRRV,18,9,9,0.8859587092610705,849,Rank,0.1487635569975027,0.1487635569975027,False,,6.5253124,7.8729258,4.4714675,5.3266625,15.715761,26.494053,18.939293,7.3662057,2.3356357,4.7100186,10.368111,8.505442590182483,5.747587642720515,5.747587642720515,5.747587642720515,14.101836027769377,12.36859708130198,8.810269723681088,8.810269723681088,2.9551834924694416
GGLLSSLLKKLKSIIKKIAA,18,9,9,0.8874361688820226,850,Rank,0.0996080259417671,0.0996080259417671,False,,1.7194585,1.4173228,6.050707,5.329701,21.384588,11.343093,13.680211,3.8420188,11.409794,9.48843,30.349848,8.486273360306422,6.9650996887682854,6.9650996887682854,6.9650996887682854,11.772158325573807,8.522301477302088,9.810728228943155,9.810728228943155,6.150722372813885
GIPNVLGLVTEGWKKLIKRLFIGRC,18,9,9,0.8882548497718552,851,Rank,0.1421066810344827,0.1421066810344827,False,,12.003757,14.900054,5.644544,7.263965,4.1518064,21.312828,30.13694,4.724357,1.993935,6.743379,9.53601,8.1942192634245,6.040303884537038,6.040303884537038,6.040303884537038,11.089859584740477,8.955373567192224,7.923461156452092,7.923461156452092,4.365062324452856
GLFSKFRGGVKEFFKKIVPHVT,18,9,9,0.8882895543699428,852,Rank,0.1713393201078582,0.1713393201078582,False,,2.75044,3.0596323,3.5104725,4.1617775,10.2544365,10.209376,8.920283,22.388811,3.635397,9.974554,28.90329,10.003843591933652,5.50651458490743,5.50651458490743,5.50651458490743,11.463512477343269,11.078948990716691,9.779982711834142,9.779982711834142,10.667735472589778
GHLKKILSALKKVF,18,9,9,0.8884413565730421,853,Rank,0.0889068809441581,0.0889068809441581,False,,4.641742,5.3002024,4.0281405,4.734507,21.162218,9.205618,11.369486,5.20615,13.773632,8.77514,49.256374,8.431079295897604,3.879263583454954,3.879263583454954,3.879263583454954,9.955270704259977,9.830889431194384,7.1800387034250415,7.1800387034250415,7.341878204225403
GLFKRLCKKVVKVFK,18,9,9,0.8901312790763992,854,Rank,0.1276840032410605,0.1276840032410605,False,,10.460852,10.624245,4.432179,3.0812736,33.49335,10.494933,11.340555,5.542023,3.7579088,3.3374538,22.449087,9.042704754232268,5.068703961002957,5.068703961002957,5.068703961002957,10.242787826569284,6.605459225790066,9.743811661648472,9.743811661648472,8.888811932170945
GIWSSLKKWGAKLGPKIASHIFQQK,18,9,9,0.8909913399301038,855,Rank,0.1715892072020615,0.1715892072020615,False,,2.6403975,3.6861541,1.6549679,4.4420686,6.032312,46.193455,29.962053,4.8100934,3.3510733,3.0513923,10.981233,12.590730444715014,7.992493732510897,7.992493732510897,7.992493732510897,15.28169185628999,11.910575356268495,14.628779750801565,14.628779750801565,8.17463842966667
WLLKGKLKWWKWRR,18,9,9,0.8916244248865286,856,Rank,0.1156074414882312,0.1156074414882312,False,,37.515015,37.038086,4.1972027,7.141716,12.984996,7.3205233,8.477694,3.3333743,2.8038056,3.2264469,13.414189,8.525085678234824,5.766550688300222,5.766550688300222,5.766550688300222,12.129592518765133,10.95509699624904,6.742429496714316,6.742429496714316,5.071627938345999
GILSKILGKAAKLGPKLIPVVAHKLKQPK,18,9,9,0.8919014382724498,857,Rank,0.0726405594150151,0.0726405594150151,False,,5.690908,6.2922306,2.146125,1.9201486,28.864481,4.0733385,7.0193405,5.568438,13.160333,8.042247,33.335777,9.09772649697011,6.032296082386279,6.032296082386279,6.032296082386279,12.326725662226405,14.097021566656114,10.249405512460934,10.249405512460934,7.895881421897481
KIGKILGRLKKFL,18,9,9,0.8923289663184935,858,Rank,0.1438301548137718,0.1438301548137718,False,,5.5827994,5.7924886,3.0405135,3.846371,5.808403,3.0455737,6.7522826,25.375265,13.548311,5.882856,41.11587,9.811598087837506,7.351943303311669,7.351943303311669,7.351943303311669,13.296434221999771,7.49028748201609,8.133792748680634,8.133792748680634,7.2782673233760695
ALLKWIKKWKEILKH,18,9,9,0.893737968534921,859,Rank,0.1555875086339727,0.1555875086339727,False,,4.543962,5.560256,3.6182957,11.532418,30.540041,7.5940466,8.184414,2.3117225,14.992662,3.0908096,29.948921,6.244823761460004,7.160638336687863,7.160638336687863,7.160638336687863,14.08639996471994,9.115669289331768,6.379976911500944,6.379976911500944,9.741030501349222
GLWSTIKKKGKEFFRRIPCPILNTIRKV,18,9,9,0.8979885864221242,860,Rank,0.1119450597072419,0.1119450597072419,False,,7.3228736,7.5793724,1.4834983,1.761012,3.2173858,12.927429,15.429632,26.493748,15.871232,9.380138,26.365362,8.950797649619297,5.18057256001857,5.18057256001857,5.18057256001857,10.310521450570263,13.895032858923587,8.20899199408059,8.20899199408059,7.840157360051745
GLLRTRIKRAFKKLGQKLV,18,9,9,0.898039907406974,861,Rank,0.1722782646379044,0.1722782646379044,False,,4.035914,3.5527568,3.097625,2.4673135,29.717896,4.3316693,6.42281,6.772007,4.1580634,6.761972,28.106808,11.15908336209307,10.795214058583468,10.795214058583468,10.795214058583468,12.006888037795267,8.645281549240776,10.033147274095468,10.033147274095468,12.845159321089431
GKLKSLLKHLLKHI,18,9,9,0.901734730692122,862,Rank,0.1566235853567823,0.1566235853567823,False,,12.8034315,17.350353,5.0354123,7.782062,12.424152,6.743509,11.241399,2.7894576,9.851101,11.007363,54.133404,8.234936641363873,3.608354107870309,3.608354107870309,3.608354107870309,7.876591884123873,8.362540754534276,7.164033594886513,7.164033594886513,6.169137256791797
GLFGKILRGVIKVGTVLKK,18,9,9,0.9078459598908637,863,Rank,0.0652213617767387,0.0652213617767387,False,,4.121435,4.1038713,8.490903,3.7342317,10.655184,5.9413323,17.361721,7.831243,6.459172,5.8515096,23.908133,10.513116955774843,7.873224142810102,7.873224142810102,7.873224142810102,11.570229547289436,10.628960853146959,10.47550528179256,10.47550528179256,4.969252776622832
GIHGILKKLLGKAKKLIPQLIG,18,9,9,0.9085651002699553,864,Rank,0.084723140043037,0.084723140043037,False,,3.9791934,4.749339,3.6886253,2.5570352,25.830624,5.2571836,14.022361,5.487806,12.002582,6.5526996,52.081604,8.013298773095379,6.471973136615883,6.471973136615883,6.471973136615883,14.772722336838699,12.25342316783449,8.524432830179917,8.524432830179917,6.80479320764492
GILSKLSKKLKSLIRH,18,9,9,0.9167600278043164,865,Rank,0.1296552886403485,0.1296552886403485,False,,2.1420693,3.032405,12.16107,11.259026,6.618393,3.9573474,9.518796,5.2562838,16.727406,8.980556,34.517612,9.070958183155179,7.750256606821738,7.750256606821738,7.750256606821738,10.416247288400351,9.797955846483788,9.624890888899987,9.624890888899987,8.967623556312546
GILSGILKKLKSAIKSALS,18,9,9,0.9211762525921984,866,Rank,0.1182553314781361,0.1182553314781361,False,,1.3155297,1.271435,5.182094,9.567536,29.667267,8.082436,10.060829,4.7564692,8.618118,3.2921178,42.3398,10.438546768462741,9.325716667371644,9.325716667371644,9.325716667371644,15.87953319073562,13.167935299815289,11.793154849673,11.793154849673,9.422101895875773
GLFRKLWKKIW,18,9,9,0.9222381247872378,867,Rank,0.1581447004011476,0.1581447004011476,False,,13.614041,13.956104,5.4213943,5.3356833,6.6864777,17.436247,9.660931,2.5624285,7.863205,3.9591038,19.414005,7.8958554138986585,9.60475404343436,9.60475404343436,9.60475404343436,12.278476074393605,6.336337167658436,9.306650229264717,9.306650229264717,6.160982332292781
GGMGKLLKKLLKKIL,18,9,9,0.9238228764971901,868,Rank,0.1513471072870729,0.1513471072870729,False,,9.500411,7.048491,5.836558,9.136033,16.992037,7.7274485,7.752928,5.8097486,5.6923122,7.8318353,19.697287,7.868207626544522,8.274384456271024,8.274384456271024,8.274384456271024,12.56164363850274,7.033925611885115,7.859795617185482,7.859795617185482,6.638830482941595
GKLRKILKKVLEGIKKVKEF,18,9,9,0.9244743304932385,869,Rank,0.1741084177912969,0.1741084177912969,False,,13.710544,13.97025,2.3804524,2.5055895,20.064413,8.183383,8.206063,5.888997,10.682427,5.349009,28.192383,6.504041559494008,8.996514071448514,8.996514071448514,8.996514071448514,12.301037431412723,10.949120592809892,6.754338320873211,6.754338320873211,7.26365206782141
GAWGKILSHIKKVLR,18,9,9,0.9265372657016879,870,Rank,0.0712495766032623,0.0712495766032623,False,,3.155744,2.981071,4.237938,9.829039,32.576912,12.827626,13.618138,10.308382,3.6378014,3.849598,43.274235,11.492737660823279,5.404577398087401,5.404577398087401,5.404577398087401,13.824617796813488,13.318562691731227,9.68182315486365,9.68182315486365,7.780793228824589
GLLGKVWRRAVKNFVTKI,18,9,9,0.9279122101827518,871,Rank,0.1095632455103342,0.1095632455103342,False,,3.9097717,3.374406,6.944982,4.6733713,32.525764,9.568285,9.897409,4.20559,6.019808,6.8587523,33.94409,13.565276365950794,5.322536934612992,5.322536934612992,5.322536934612992,11.758116865061039,8.314199244662491,13.53858263911937,13.53858263911937,12.691201817864155
GNLSSLWKKLLKPLLKG,18,9,9,0.9283513715446835,872,Rank,0.1471484229716805,0.1471484229716805,False,,7.060825,4.665693,5.9815874,10.083098,4.8870087,14.803881,17.60828,5.2450557,14.579789,8.396842,19.638943,7.476190398541744,6.691884097192721,6.691884097192721,6.691884097192721,15.148121069549273,8.598734371623026,7.723163160329708,7.723163160329708,6.641482443671873
WLSKLLLHLRKKFSK,18,9,9,0.9294635132973645,873,Rank,0.1100613593193773,0.1100613593193773,False,,10.186923,12.349226,2.7685137,3.900807,20.714964,10.874484,11.85305,3.415869,11.706819,3.8773367,32.191193,7.141337434659355,8.071764348586619,8.071764348586619,8.071764348586619,12.540366585364495,14.131176254039618,7.196990216028286,7.196990216028286,6.222678735415509
AKALKLLKPALKHLLKL,18,9,9,0.935946227345088,874,Rank,0.1330596889777376,0.1330596889777376,False,,5.8065276,7.1517067,11.628297,11.114229,10.253443,12.542818,16.997238,1.0750488,10.600925,10.39421,53.02227,6.119230205249807,7.345054954802757,7.345054954802757,7.345054954802757,10.973663260985216,10.24710163407176,6.878628955187456,6.878628955187456,5.5068032852731745
YWTKSKTFKKIGIGVLKTFVPGIKLG,18,9,9,0.9375178834455913,875,Rank,0.1291335144253759,0.1291335144253759,False,,8.056167,9.634427,10.252048,5.4484,1.8349453,5.703694,13.00192,17.103365,10.43031,12.1798115,21.29305,10.333090933930889,4.238036780516129,4.238036780516129,4.238036780516129,14.886817085702004,14.659972828363637,11.769580003240302,11.769580003240302,8.671581524969083
GLFKKISTRIKKLL,18,9,9,0.9384074098549752,876,Rank,0.1277294561261357,0.1277294561261357,False,,11.179999,12.578819,4.1751146,4.926919,61.90033,2.8260264,5.6077247,15.673909,8.383864,2.831621,56.570644,9.86118323085043,6.4670825349723655,6.4670825349723655,6.4670825349723655,9.451167151229257,5.17798798542156,9.093187664143777,9.093187664143777,9.094650428898015
CKALLKKFKKLPSLLKLK,18,9,9,0.9414691745550394,877,Rank,0.1486365379761967,0.1486365379761967,False,,16.977556,15.071485,6.251533,8.645794,14.415183,5.555536,4.07721,1.9139969,7.393172,6.57091,29.851091,10.424533542588005,8.584282840181261,8.584282840181261,8.584282840181261,12.492594029735367,7.835146857996023,8.947921081734567,8.947921081734567,10.422722417692642
GKLSKILKFLHSVIKNGRGLQ,18,9,9,0.9440054519822996,878,Rank,0.1121266637001222,0.1121266637001222,False,,2.3861969,4.5264263,3.5214252,4.151637,7.9384136,11.501113,21.310493,6.2009664,5.873846,11.199395,33.543125,11.288404683698065,8.344511252812515,8.344511252812515,8.344511252812515,10.298565427568384,13.809689872350786,14.27629134285616,14.27629134285616,9.493701855941389
GKLSSLWKKVKSALKKAA,18,9,9,0.9454422333507374,879,Rank,0.0676756100233781,0.0676756100233781,False,,1.8515216,1.8692427,7.743727,7.8653226,24.378027,11.78327,10.3773985,5.926484,14.830793,14.861463,23.052744,7.591272625779334,7.27099294577566,7.27099294577566,7.27099294577566,13.555821905180908,8.811991740645851,9.66230182945892,9.66230182945892,13.16522111980833
GKILSALKKAGAALKKIAR,18,9,9,0.9488596975669136,880,Rank,0.1683562410339514,0.1683562410339514,False,,3.7868633,4.7018547,7.123066,10.188428,10.999375,10.506817,11.881393,4.752102,17.40402,8.965868,34.97776,9.001664346140391,5.447993393588413,5.447993393588413,5.447993393588413,13.458856849989392,14.367629188952122,10.880377957250323,10.880377957250323,6.187724466814782
GLLGKLLRAGLKIGVKSLG,18,9,9,0.9496729297340691,881,Rank,0.1509583709685989,0.1509583709685989,False,,13.866644,12.081263,4.5466413,3.2306442,5.484425,12.427584,19.03008,5.3048973,3.0020108,6.1125617,31.010727,9.509431186193073,8.4145417559925,8.4145417559925,8.4145417559925,12.713289635510916,10.310603524673267,10.999157594110946,10.999157594110946,11.379033481602626
GIIKKLLEKLGKHLLKKIAE,18,9,9,0.9605875634507859,882,Rank,0.1628448192843101,0.1628448192843101,False,,7.434263,6.1608534,4.676311,14.38763,26.189528,12.184008,13.943086,2.7345397,7.4827385,11.448233,30.856827,9.586953737034529,7.079036562578094,7.079036562578094,7.079036562578094,11.175221987529815,7.693256041803706,9.545494597243742,9.545494597243742,6.167401803244546
GILGKLWRKVLAAGKK,18,9,9,0.9719529395746538,883,Rank,0.0911834685989054,0.0911834685989054,False,,5.983811,6.3499928,14.137807,10.448701,42.43607,25.22155,13.021799,8.227137,6.3171034,3.7310984,14.810466,5.588997099594518,8.456732285437319,8.456732285437319,8.456732285437319,11.337913099321872,10.395287954705024,6.456314595260352,6.456314595260352,7.366016380830523
GIGSALLSGGKSALKGLLKTFAQKLAEKVA,18,9,9,0.9728953028598323,884,Rank,0.1648459915121407,0.1648459915121407,False,,3.7055836,3.9284823,4.056715,15.865204,34.20632,14.586025,11.419454,4.725854,4.338496,6.8472733,58.13015,10.707630228832745,7.20406795404993,7.20406795404993,7.20406795404993,12.216598532449375,11.173860108749288,9.459490562582726,9.459490562582726,13.47290996858951
HILGKVLRIGIRAGKKI,18,9,9,0.9791693803409199,885,Rank,0.1567391892699644,0.1567391892699644,False,,8.503771,12.217571,5.6896152,2.8912287,4.1974635,8.806595,25.656721,9.401244,12.068867,13.653726,61.356876,7.859049181288194,8.515805427406901,8.515805427406901,8.515805427406901,10.139846813707871,13.95558262920715,8.2083543399342,8.2083543399342,5.374335138994398
GFLSKVWGGVSKVGKHVVKHI,18,9,9,0.9969003861357482,886,Rank,0.1520592024865841,0.1520592024865841,False,,15.666145,14.363639,4.358153,9.627914,21.551098,10.357325,15.825633,8.223678,9.168061,7.527481,22.385332,9.338514259174145,6.583553138323552,6.583553138323552,6.583553138323552,12.633158798961867,9.119087875027795,8.992803255197302,8.992803255197302,8.241365477811325
GFLGKVLRIGVKNGLRRYVCRLKSA,18,9,9,1.013296480589029,887,Rank,0.1000963850220498,0.1000963850220498,False,,23.282158,24.216982,6.9083476,4.791083,13.176121,9.451637,14.725784,6.907346,10.156808,11.713513,10.843521,7.680239875282256,8.178004901693427,8.178004901693427,8.178004901693427,12.753554202705665,13.720430093029293,12.231190865880091,12.231190865880091,5.5008041511751955
KKWVTKAKTVKFAIQALRAL,17,11,6,0.8909282037541454,888,Rank,0.1337954445831783,0.1337954445831783,False,,1.4281048,1.302142,1.8708866,2.7664452,7.782523,4.9150543,9.71774,5.39273,5.5869465,10.323981,10.522593,18.163682875236677,12.904151581495013,12.904151581495013,12.904151581495013,28.90028295510871,33.838600161447324,14.230996645342923,14.230996645342923,7.274975680021882
FSLIPLLKSLIKRL,17,11,6,1.0658956663928418,889,Rank,0.1507416914616651,0.1507416914616651,False,,11.981005,12.447873,8.195299,11.118205,13.890751,10.683804,12.589586,6.2568135,15.200523,4.464481,13.5332775,17.97122807593591,10.624118842455587,10.624118842455587,10.624118842455587,21.21882982745202,31.140569074208653,15.519996661347557,15.519996661347557,4.155171221627569
GIPLKKFKDFWKVAKKIGQSVLGALR,17,10,7,0.7852727827010526,890,Rank,0.1199790128048456,0.1199790128048456,False,,2.2844715,2.1382525,2.0460815,1.4368142,1.9953552,6.8439507,9.919748,4.644538,2.999083,4.341161,19.37494,8.712231347462087,10.590870780601106,10.590870780601106,10.590870780601106,18.764129584080504,18.432717045228607,8.600304089500764,8.600304089500764,8.410320676830422
KIFKVIKTAGKSVLKAMAKAGAEKFA,17,10,7,0.8106882677010334,891,Rank,0.1575762280165772,0.1575762280165772,False,,1.5378323,1.0541387,1.4977695,2.1388674,1.9671115,10.877278,12.258978,2.4261227,3.6903162,5.683945,18.653585,11.584599915022526,10.844747155495645,10.844747155495645,10.844747155495645,17.299826935270456,13.79961430356524,12.849775503428141,12.849775503428141,21.72194373833338
GLNWTKLLHRILKNARKILA,17,10,7,0.8309875934532407,892,Rank,0.1049918060278412,0.1049918060278412,False,,1.165223,0.9719562,2.481532,3.1491756,7.1976914,6.9936895,8.835374,7.308587,7.747755,4.990156,22.802553,14.19533818166988,5.937988078292307,5.937988078292307,5.937988078292307,17.826079403034857,22.40703304253904,12.525518849659324,12.525518849659324,8.819674776465831
GGLWKSWKSKVRDFFKARGPAIKKYGNHAY,17,10,7,0.8374668844411541,893,Rank,0.1416563031321396,0.1416563031321396,False,,3.5102997,4.33655,3.5204072,3.6379728,18.087433,8.362586,10.7821665,9.023922,3.6843333,6.815166,3.8723552,7.684710444277227,4.427630101961845,4.427630101961845,4.427630101961845,28.496040051141303,18.44494000079825,8.182183498394377,8.182183498394377,8.574832231185667
GIRQRVSRIVRRVQQIIKNFRKGV,17,10,7,0.8390343784781781,894,Rank,0.1114000401811806,0.1114000401811806,False,,6.7683077,5.21579,3.1530554,2.9619813,15.12243,1.3497415,1.8236827,17.991919,3.0633776,4.036695,14.550304,14.378561515611832,8.78757157745552,8.78757157745552,8.78757157745552,18.443502181038635,16.41999570731202,10.479042641265087,10.479042641265087,4.681599967329422
GKLSKERLKKLEKWRIKFSIFFTCFRK,17,10,7,0.8475775371280948,895,Rank,0.105819297593114,0.105819297593114,False,,9.734841,6.045407,2.9463012,4.8040085,1.9767478,11.554716,9.630145,6.2107425,3.618243,3.330964,17.827831,11.542001641672904,4.8183599093773175,4.8183599093773175,4.8183599093773175,24.09307343162764,18.075763406347562,10.667179132568846,10.667179132568846,5.717359128519413
FFKKFLFWKKKFR,17,10,7,0.8602063248691827,896,Rank,0.0809046826018808,0.0809046826018808,False,,10.639014,11.230438,3.2177625,5.359899,7.9351325,5.9997187,5.581747,7.4198112,9.536658,1.9781088,31.331192,7.604801790598521,4.237269074211833,4.237269074211833,4.237269074211833,20.944768217542247,16.83186633501607,6.380043458849578,6.380043458849578,8.025004610112541
GLLTTLKNFFKKIGPAAMNKFRA,17,10,7,0.8660595778250203,897,Rank,0.1563446416237182,0.1563446416237182,False,,1.5829997,1.6059164,3.0008059,2.7671416,9.080682,6.7292514,9.689214,2.6407886,3.2042022,10.329129,20.98568,12.362545187435993,10.146531675936256,10.146531675936256,10.146531675936256,15.813912811221321,15.124841697760111,16.110781359502056,16.110781359502056,11.399356999167473
FKKLFRKLLKKLLKL,17,10,7,0.8664121626198609,898,Rank,0.1126069284310079,0.1126069284310079,False,,13.735631,14.161623,3.969104,4.0840573,5.7368317,1.5269324,2.7411168,3.5008922,2.9788144,4.0339727,19.212374,13.100953180722389,8.458111240842184,8.458111240842184,8.458111240842184,18.971922356626408,19.02816425111036,13.38243239245249,13.38243239245249,6.789538834465835
PDKIFKGFFQRIKMLLRKL,17,10,7,0.8728119548511714,899,Rank,0.117953972623665,0.117953972623665,False,,1.7401197,2.3600037,3.0151293,2.6150243,2.4815753,5.0504675,8.362341,7.752631,3.3487377,4.7315717,25.250013,13.123847792251425,15.058780650846003,15.058780650846003,15.058780650846003,17.452260524135806,19.08783150840414,12.976373531444796,12.976373531444796,10.80527575474752
GILGKVLRMGVKIIPKII,17,10,7,0.8795444924269656,900,Rank,0.1347460117687689,0.1347460117687689,False,,2.8433373,3.3280418,5.763141,3.1866765,1.9677358,4.8354864,12.70648,5.3817487,9.002754,12.270481,21.40894,14.610083740800434,6.63403959110923,6.63403959110923,6.63403959110923,19.24268881179594,16.169132107995665,13.886488221165608,13.886488221165608,5.695914971567166
GLFSTLKNFAKKVVKCVGSKIQ,17,10,7,0.8829285566781305,901,Rank,0.1651886523032782,0.1651886523032782,False,,2.7630394,2.3030002,4.114766,4.777515,14.74953,10.858989,9.799867,4.8715653,4.7991524,4.6512465,29.664335,10.345530028905484,5.2272443902187335,5.2272443902187335,5.2272443902187335,10.247765457998332,18.023454584267046,10.313660542742275,10.313660542742275,24.777304334459743
GKLKSLIKKILPKVF,17,10,7,0.8895160490984658,902,Rank,0.0926400363955156,0.0926400363955156,False,,2.6134462,1.8915385,4.2445784,2.6807866,12.896107,5.0899525,10.366573,6.3112683,4.993569,4.292301,31.561962,13.129086667391372,6.684766409420286,6.684766409420286,6.684766409420286,23.641965095567528,20.9691011172726,14.812376178893617,14.812376178893617,8.851154212977985
GILGKILKAGKKFLPSLL,17,10,7,0.892757205260043,903,Rank,0.1394037909781627,0.1394037909781627,False,,1.4412442,1.8109328,7.154477,4.5800023,5.0776973,5.814596,12.010785,6.717442,4.196615,2.518825,24.673832,14.857384174054358,12.515998866328358,12.515998866328358,12.515998866328358,16.40513345868175,16.25523640457363,14.388344925268646,14.388344925268646,8.383618661245874
GILGKLLHSVLKYGKKYGLSAAKTGMRNIR,17,10,7,0.8967296125026835,904,Rank,0.1035142759417671,0.1035142759417671,False,,9.15853,11.7354555,1.9966748,3.4458334,4.7100825,5.534177,5.259872,5.393377,4.609333,3.7682168,32.977425,11.669288507598274,9.142667417778092,9.142667417778092,9.142667417778092,17.97130700273328,17.393446735988704,10.941138105771858,10.941138105771858,8.23006465228871
GWLTSLLKKGLKAIAKA,17,10,7,0.9048390562721336,905,Rank,0.1550424891079113,0.1550424891079113,False,,1.4157221,1.3789212,6.698963,4.866232,11.643359,10.200141,10.224366,2.9614556,6.0509925,3.6388376,19.441927,12.140478030498581,9.353511483273165,9.353511483273165,9.353511483273165,20.86742473994104,25.94113345053851,15.066929939593098,15.066929939593098,10.448198598162529
GISGTVKKLFKGAGKSVLRKVIPPITNSRCP,17,10,7,0.906817556851206,906,Rank,0.1597270419345412,0.1597270419345412,False,,2.8935108,3.265356,3.6266212,1.741239,4.9842315,8.774094,12.613395,9.707495,9.735805,5.0505424,21.38224,10.715207052536897,9.380590895278925,9.380590895278925,9.380590895278925,17.778025816328437,16.60601357027912,12.11351529902454,12.11351529902454,10.635349263997234
GILPWKWKEWLKALKKIVQ,17,10,7,0.9138346375095618,907,Rank,0.1290969860793794,0.1290969860793794,False,,1.5719174,1.5422958,3.8847203,10.615908,14.317041,12.876023,19.963127,4.703686,5.9663725,2.8267896,14.658806,8.706207062129796,12.020616149931952,12.020616149931952,12.020616149931952,20.045333125129282,20.87187578485601,8.441861299753208,8.441861299753208,9.801977378875423
GVWSKILSAAKKAGPKVLGAVLNPFNAHQ,17,10,7,0.9173506854393034,908,Rank,0.168313071170501,0.168313071170501,False,,4.620169,4.4415855,1.3828311,1.8683497,9.5688,9.7770405,8.274442,12.491048,4.928426,3.7644546,54.69447,12.182051183623708,6.378546311384918,6.378546311384918,6.378546311384918,20.91451522351705,28.63433660876128,13.812256357382529,13.812256357382529,11.832720135638874
GRWSKSSVDKLKDFLKKLIPRSCPFGKLHLYLG,17,10,7,0.9257730568612441,909,Rank,0.1667770127118644,0.1667770127118644,False,,10.068225,15.350353,4.6134734,9.885832,4.670928,14.758902,21.95659,2.663923,5.7494054,4.934411,13.712339,11.518685399545236,4.460453487035177,4.460453487035177,4.460453487035177,17.382388155655068,20.814074755012925,10.82864289409882,10.82864289409882,6.834085974689794
GLFSMFKKVALKYLGKKHGRYL,17,10,7,0.9259610023354263,910,Rank,0.1005475931140747,0.1005475931140747,False,,1.8377458,2.0593905,14.883737,16.505922,4.3725266,11.544229,9.755979,5.7242975,2.8606656,6.553071,8.675193,12.974265070562337,12.118956274855517,12.118956274855517,12.118956274855517,12.135390469846563,12.599200550581953,17.552726751594697,17.552726751594697,7.128501686440134
KKCWQVAAKIKGKIKIFKRIH,17,10,7,0.933449237008747,911,Rank,0.1523510141597152,0.1523510141597152,False,,2.2715194,1.9978447,4.9986105,3.368397,7.5344,6.002346,9.689466,3.1605272,14.605349,7.097343,68.03661,10.924440899523823,11.791280719112297,11.791280719112297,11.791280719112297,16.442966506524698,18.466916128676793,11.81510334770733,11.81510334770733,8.23612117819997
GRLSRIVRIWIRA,17,10,7,0.9342550719345653,912,Rank,0.139797923529568,0.139797923529568,False,,10.873813,7.7933445,4.7799406,2.859561,7.538253,7.9859567,11.185865,26.19789,9.056964,6.8929276,10.761292,10.059932507362143,6.4002322808574625,6.4002322808574625,6.4002322808574625,22.588874436229972,18.190685756543573,9.168527360648234,9.168527360648234,3.8722591579254075
GFLGKVLRRARIIGLRKGKKK,17,10,7,0.9355718619138728,913,Rank,0.1022581989532968,0.1022581989532968,False,,1.9925966,1.8597277,3.8974216,2.4442868,2.3424606,4.4594774,9.863304,13.307738,13.201154,11.809154,25.235573,11.357405598764279,15.422806140901647,15.422806140901647,15.422806140901647,14.510941776548975,13.598982574286193,16.861674320871472,16.861674320871472,11.559509478925662
GLPGSVKGALSKIIKKLIPGWRKYKE,17,10,7,0.9392956867079605,914,Rank,0.1494854069257744,0.1494854069257744,False,,4.4735684,4.1962185,2.8222249,3.1271572,7.1746664,5.661975,8.55497,7.7227817,8.900199,7.872096,23.472448,14.639838454018065,10.318613136247775,10.318613136247775,10.318613136247775,17.980933737689273,17.846833207959268,14.930145502472064,14.930145502472064,7.260191661690291
GYLSKFLGKALKAGKKIIPHVL,17,10,7,0.9396234038495838,915,Rank,0.1511235787152648,0.1511235787152648,False,,3.848912,5.0306845,3.5473204,5.1222734,3.121534,7.9173346,10.970423,4.5480595,5.875376,5.3159494,39.630287,13.46568198037176,9.452975513992417,9.452975513992417,9.452975513992417,22.083531610422874,29.632774294366758,14.319057262467277,14.319057262467277,7.56651467641362
GFLGKVLRPVVKKILGK,17,10,7,0.9405804305073728,916,Rank,0.0770971214002975,0.0770971214002975,False,,10.984494,8.775679,9.143791,6.3842726,35.706898,1.2015764,3.123827,7.2978683,2.7982275,5.4226484,14.974973,14.11125297173267,8.449641414485578,8.449641414485578,8.449641414485578,15.843566221700176,15.701765301640679,16.16213449052141,16.16213449052141,9.366640312148705
GLLRGLLGKVLKAVKKIVP,17,10,7,0.9434020401132548,917,Rank,0.10990984970246,0.10990984970246,False,,3.1209645,1.8929858,5.490412,3.2441247,9.72956,10.160547,15.203044,6.240295,9.474725,3.5464494,27.458057,15.980365109328647,8.642859015597894,8.642859015597894,8.642859015597894,22.66096357773317,16.279522761154166,15.15819509549825,15.15819509549825,9.267273200804627
GFFGKILGMGKKFIHGRVLKK,17,10,7,0.9522564443834212,918,Rank,0.0779049997343393,0.0779049997343393,False,,3.4624877,6.253514,15.64009,13.800622,3.9628487,4.5377736,10.188906,30.303747,6.3244076,9.948556,15.600802,15.575173041316763,6.177643801486404,6.177643801486404,6.177643801486404,13.046764832741509,8.272735706179308,17.764552690134078,17.764552690134078,3.4826962278958584
GLLGRLLRNGIKRIF,17,10,7,0.9530168340391179,919,Rank,0.1293117976595292,0.1293117976595292,False,,12.145699,7.2086134,6.2946734,3.7385197,11.718659,6.153704,16.457645,4.70258,2.4981654,3.7680078,13.556652,13.46198260367488,12.10857863098774,12.10857863098774,12.10857863098774,14.983154939075618,10.252067291422708,16.887631570819046,16.887631570819046,7.479024935583876
GKLPSFLKKLLPKLF,17,10,7,1.016194943289419,920,Rank,0.1148770821157218,0.1148770821157218,False,,8.025743,3.750832,10.652675,14.526744,9.60706,15.934462,16.997238,7.4021926,12.625241,13.284363,15.966312,12.040492455772865,6.49708086537679,6.49708086537679,6.49708086537679,17.430731103205215,19.633542711001844,12.043996253979985,12.043996253979985,5.3524524560457145
AINWKWLKKWKKLWK,17,9,8,0.7605845366032801,921,Rank,0.1365332026061314,0.1365332026061314,False,,44.612274,41.066513,3.294669,3.5733285,8.431167,3.7021208,3.5278218,2.4890895,2.346337,2.1246748,13.095272,6.465327153395789,3.7849126283280663,3.7849126283280663,3.7849126283280663,20.33274193591599,7.862956890096161,5.033823440753834,5.033823440753834,2.9706065692286856
GRIGSVWRRIRNVVRKVRNQIRKI,17,9,8,0.8037237064091816,922,Rank,0.0805244557276446,0.0805244557276446,False,,21.415028,21.604292,3.1751242,3.261058,4.5727863,1.3069748,4.569037,9.161453,1.905369,1.5413382,12.127146,10.09934488667292,6.228293953174251,6.228293953174251,6.228293953174251,18.128562414120545,10.939612572366988,9.303725696968336,9.303725696968336,6.639628693715607
YGLLKNLRGAIKKWL,17,9,8,0.8273184126196608,923,Rank,0.1735428510706126,0.1735428510706126,False,,2.1582797,1.8100476,1.7754023,1.8618108,4.5363016,17.72129,18.920431,4.872373,2.568106,2.4155905,13.748045,12.314564393603373,9.242664437324601,9.242664437324601,9.242664437324601,13.361848162188227,17.16486843841774,15.068944167210049,15.068944167210049,8.513514986018444
GINWKKLFRKVKDLLKS,17,9,8,0.840756771319775,924,Rank,0.1474387818128686,0.1474387818128686,False,,2.818359,2.1630986,3.8462899,1.9676836,12.16076,12.091265,16.776947,4.83271,6.5713916,2.578954,21.720007,7.9369091321351695,7.646950826198546,7.646950826198546,7.646950826198546,16.878692100445853,13.109529028019674,7.813875590429903,7.813875590429903,6.729664181611272
GINWPKLLQKLLKNALK,17,9,8,0.8642340586955349,925,Rank,0.1099237553796291,0.1099237553796291,False,,3.156491,2.8008351,2.1384933,3.9555464,19.159857,8.137254,10.105102,3.1982446,6.9499507,5.0614204,17.653902,15.292350019045697,5.278370213278001,5.278370213278001,5.278370213278001,12.739017014433665,36.8587496667843,12.054685828242382,12.054685828242382,5.36408050191516
GYLTKVLRKIKDYLKKVGNHILSGLK,17,9,8,0.8663939099664489,926,Rank,0.1103212086897614,0.1103212086897614,False,,3.0762107,2.2608938,1.7915305,1.798663,6.4794145,9.968746,16.868284,4.58391,5.796608,7.4074874,44.584743,9.83818881951308,6.61450023133266,6.61450023133266,6.61450023133266,15.79805097654055,17.56254866362626,11.233816723637881,11.233816723637881,9.959591910261537
GEFKKILKVLKKVISRI,17,9,8,0.8667025944549531,927,Rank,0.1323668956883268,0.1323668956883268,False,,4.614087,3.9057055,3.5737243,3.1567779,20.528177,8.462119,11.622677,6.873632,14.731371,2.3542676,29.655298,6.448199521391623,5.75640401002414,5.75640401002414,5.75640401002414,16.868108959155165,14.470267690614817,6.500006268117751,6.500006268117751,5.862940954999356
GIWSKILKGAAKAGLHVLPHLVNPQQ,17,9,8,0.8695642925330581,928,Rank,0.1736943606875299,0.1736943606875299,False,,5.8946414,7.915342,1.6209935,2.2249534,13.02448,11.102329,22.865385,4.508773,2.5689054,6.631759,51.525597,12.302590722243494,3.6034556718167554,3.6034556718167554,3.6034556718167554,12.182612962627532,19.33278143470955,11.93770239384296,11.93770239384296,5.786486340237389
AGILSSLKKKLKSLKNLLKK,17,9,8,0.8695674444438051,929,Rank,0.1592280979358163,0.1592280979358163,False,,3.0242705,2.578022,3.9446592,3.5793982,7.7701316,7.038768,8.299231,5.3413467,18.844402,12.01001,24.851698,10.49786822911661,4.909321143363391,4.909321143363391,4.909321143363391,16.168852500189367,7.545479754538389,12.749833483234513,12.749833483234513,6.658650072676683
GFLGPIWKLAKKVPHHVLNTI,17,9,8,0.8785621233573713,930,Rank,0.1308538749933585,0.1308538749933585,False,,2.6917093,3.6723204,2.073721,2.345761,7.2312593,13.804396,21.030611,1.7838053,4.290062,3.828018,46.212936,17.314839088681605,8.674852616765953,8.674852616765953,8.674852616765953,14.568691868995353,14.371916699833207,12.632243367287746,12.632243367287746,7.21949662909231
TSIKETLKKLKKFLKKVGSIAKVSS,17,9,8,0.881299960093936,931,Rank,0.1562298679002178,0.1562298679002178,False,,1.4343054,1.4221054,4.369796,5.1059136,7.950248,8.543094,9.343436,1.8692155,30.848951,11.015319,29.695936,12.699575675004382,6.051651936440625,6.051651936440625,6.051651936440625,18.979412355068874,14.414355789370676,11.356563907935328,11.356563907935328,7.812893321380253
GVPWKLLRKLAKVL,17,9,8,0.886484640548308,932,Rank,0.141901001540832,0.141901001540832,False,,7.108113,9.14646,3.622289,3.9751136,37.034683,7.8083773,14.064412,3.2588358,6.7877574,3.9869082,27.469328,9.050747941149458,5.401817309745444,5.401817309745444,5.401817309745444,10.187418580504884,17.523823064503286,8.773753903617212,8.773753903617212,2.967704957951298
GYLHKIYGLLKKFLEGVK,17,9,8,0.8889354133507801,933,Rank,0.1494671427527761,0.1494671427527761,False,,3.2277932,4.916913,4.7938643,15.526742,5.997527,13.336254,16.674408,4.3808556,2.1826096,4.132283,18.208975,13.388042754693187,6.042260641642,6.042260641642,6.042260641642,10.690705398767484,20.424400222678234,10.968567876865386,10.968567876865386,6.831340230679297
GILGKVLRLGVKLIPKIG,17,9,8,0.8891696511536926,934,Rank,0.115274535425854,0.115274535425854,False,,6.2600036,5.9220424,6.3725324,2.8658094,4.78393,5.0512915,18.113277,5.4929395,4.42405,4.2784853,19.04386,24.9007107418324,6.594696202158555,6.594696202158555,6.594696202158555,13.584011181865863,11.602449438788078,15.22117811246803,15.22117811246803,3.9688354358918003
GGISSLLKKLKKIIAKVLG,17,9,8,0.8934207966388886,935,Rank,0.1689132983103979,0.1689132983103979,False,,1.4694898,1.1087106,5.0767603,3.6608455,17.770098,6.763889,11.97554,3.2894313,5.945164,3.8935633,32.311684,12.657608694826838,11.0450324218724,11.0450324218724,11.0450324218724,17.426267686592944,12.78432054813836,14.00884977812939,14.00884977812939,9.237416844267209
GVLRRVWRASWKRATGIAKKTRGPKL,17,9,8,0.9111802191619425,936,Rank,0.1314796304659689,0.1314796304659689,False,,3.1207955,3.565487,5.1733494,3.7266655,16.206123,2.242015,2.9143205,4.084895,10.235368,6.876892,20.633982,13.094291348978803,12.937465027054003,12.937465027054003,12.937465027054003,18.95023471747639,15.206211329817693,11.737086070947317,11.737086070947317,11.031325316347717
GFLHSIIGAGSKFLKSVRKKYKKIP,17,9,8,0.9168292450604717,937,Rank,0.0809679845651134,0.0809679845651134,False,,2.4651432,5.310171,5.6366606,11.884221,0.99696517,5.092678,7.8920374,16.149239,6.2235346,8.315566,20.653435,11.434678615612196,10.496090460259202,10.496090460259202,10.496090460259202,18.542797021204027,11.631738281871405,11.807001564351095,11.807001564351095,9.002170887233735
GILGKILPKVIGGIKSLLK,17,9,8,0.9207971936305046,938,Rank,0.0676272514744168,0.0676272514744168,False,,1.7156467,1.6021659,3.4650002,4.6864905,16.682634,8.85946,14.614046,7.349875,7.439383,7.3669963,28.66484,11.341551772950732,9.015546462333306,9.015546462333306,9.015546462333306,18.413768515454635,13.694682760437734,12.347592783912678,12.347592783912678,7.325721461093139
GVGLAKLLHKILKIISH,17,9,8,0.9247368154500191,939,Rank,0.1551315269512778,0.1551315269512778,False,,2.3099246,3.5658278,3.3604376,4.0359774,12.678232,13.4897175,33.103104,2.5808866,5.217845,4.835206,37.502476,8.768986758028571,9.658069844166718,9.658069844166718,9.658069844166718,16.37892872011302,15.957313447823239,11.971287334058296,11.971287334058296,6.836296124605307
GIGSLLGKAAKHVLKGVAKVYRPKLP,17,9,8,0.9315978955650456,940,Rank,0.1357088242521651,0.1357088242521651,False,,8.667441,9.320892,2.1009119,1.850348,20.033892,7.41023,10.54653,4.8993187,11.747632,11.342561,63.928017,10.936904373791153,5.483574393854647,5.483574393854647,5.483574393854647,8.820188023982253,16.28831926018167,10.508792120477988,10.508792120477988,7.298068515654625
GVWSKLKKAGLKILEMVKTAAGKGAAIMEQQQQEK,17,9,8,0.9379087462793727,941,Rank,0.1419445864991233,0.1419445864991233,False,,4.8061123,3.5043254,1.8664403,2.0541837,32.22109,11.69049,4.8584466,5.531642,17.09493,8.897201,15.220481,11.48731612037626,7.534411342486991,7.534411342486991,7.534411342486991,21.99919903381528,15.707274409823988,14.442815902902456,14.442815902902456,10.69231361844858
KFAKLALKALPKLAKAA,17,9,8,0.9386570489583057,942,Rank,0.1712643954890813,0.1712643954890813,False,,8.136068,7.928417,2.7587476,4.2411246,9.011029,3.9045374,3.9808216,6.4840155,31.001968,29.240519,13.491544,9.892004811329993,6.301194135603008,6.301194135603008,6.301194135603008,21.11380389436712,12.224145851787519,11.617947223805848,11.617947223805848,8.206414643724395
GKLGKILPSLLKIAAKII,17,9,8,0.9520771590131736,943,Rank,0.1435267204850964,0.1435267204850964,False,,1.9808921,1.7165043,4.4320107,2.9659,24.778698,6.7304945,12.715028,5.216979,14.745607,7.152058,24.393026,13.270772203695863,11.107733416730621,11.107733416730621,11.107733416730621,18.280789923710714,15.416880521140333,13.721940388041414,13.721940388041414,8.963216059612092
GYLHKFRGLVARIMSVISKYEGVK,17,9,8,0.9524331809179678,944,Rank,0.1329521794139525,0.1329521794139525,False,,2.1018486,2.6062622,5.457634,6.632424,13.980888,19.966103,20.846804,6.2579036,5.1027,4.2839193,14.256058,10.340581546454889,10.280664438132996,10.280664438132996,10.280664438132996,14.377511714544168,21.691562491282497,12.00859206925497,12.00859206925497,9.837006080436131
GISSLFGLGKKLLPSVFRIFSKKN,17,9,8,0.9591341889172813,945,Rank,0.1395474137931034,0.1395474137931034,False,,11.855117,9.153563,16.043554,21.96925,4.6606965,3.8349059,10.671376,8.273895,3.0180402,4.371663,5.7555294,9.680276578995839,11.76608498437816,11.76608498437816,11.76608498437816,16.730602332785082,13.175719533002892,11.34927498175906,11.34927498175906,7.42118309208078
GWIKSALKKVRAVVK,17,9,8,0.9633083831803784,946,Rank,0.1477828954359492,0.1477828954359492,False,,3.3203936,2.7286165,4.239957,4.6701026,30.46401,10.722286,8.397738,4.949219,11.982015,8.5197525,32.204556,10.282741591942687,6.0151267135607736,6.0151267135607736,6.0151267135607736,13.480300944308093,23.82736566702193,14.902966627167368,14.902966627167368,14.438955091678089
AFKLIAKRLKVLF,17,9,8,0.9669742127653945,947,Rank,0.0633042462541841,0.0633042462541841,False,,7.0509076,5.474194,6.551668,5.8961577,39.49504,11.938912,12.551297,4.751958,4.8596964,3.7375147,41.860233,11.256717002750296,7.558201145942751,7.558201145942751,7.558201145942751,10.466250531027868,16.392007855198997,12.764347977922736,12.764347977922736,5.044849282927235
GVLKKLLGHILKKIAKAG,17,9,8,0.9671618808705255,948,Rank,0.1565926607911375,0.1565926607911375,False,,4.4317417,3.8827722,4.495831,3.3768945,32.26333,6.550195,8.418893,4.8471723,13.4282875,11.343933,45.61892,12.979080841644505,7.12404180821561,7.12404180821561,7.12404180821561,18.028659842387814,11.95625022374649,13.93667581167032,13.93667581167032,7.1656816714004075
GIGALLGKAAKFGLKLGPKLI,17,9,8,0.9741264557287911,949,Rank,0.1732392091945167,0.1732392091945167,False,,11.981929,12.066313,2.8706336,3.091655,7.790581,11.540871,24.62015,8.031216,3.7819161,10.085319,25.255787,16.390802051082915,7.706027744781387,7.706027744781387,7.706027744781387,13.903624734701122,15.136242163665196,14.42792536231549,14.42792536231549,4.206979437983534
GMWKSLLGKLKKKIR,17,9,8,0.9861951475987759,950,Rank,0.1721238493571011,0.1721238493571011,False,,5.972072,5.8200493,13.6222315,12.878794,37.47328,14.947544,13.921153,4.320326,7.791972,3.4216986,24.736307,12.747964782614224,6.4194065165408505,6.4194065165408505,6.4194065165408505,17.56624173547253,7.7012340237135755,11.097752570828886,11.097752570828886,6.956419581220659
GIAKNLLKGVGKAALKAVTKLPCKASAT,17,9,8,0.9906668753381382,951,Rank,0.1638155185696828,0.1638155185696828,False,,6.686397,7.5429764,5.5381,3.3160923,17.57928,11.759273,12.037049,2.7926946,7.2972755,11.593586,61.689003,12.538948479412767,8.182203711732896,8.182203711732896,8.182203711732896,16.33539048513959,14.11047831474855,12.607115737588353,12.607115737588353,7.697136246434573
GIWSSIKKFGKKFLAKHVGPS,17,9,8,0.9946207521858499,952,Rank,0.1540491671537112,0.1540491671537112,False,,2.8705885,2.9129105,6.260406,15.931798,2.445602,13.880372,12.2619295,8.794302,15.83584,23.794146,29.447142,12.33760859983405,8.404159119830856,8.404159119830856,8.404159119830856,17.163977973515333,9.98020695961148,13.07871955929137,13.07871955929137,10.738571006168218
GKVKLILKKWKELKKLKKKL,17,9,8,1.0062205182103323,953,Rank,0.1045030318527177,0.1045030318527177,False,,8.069016,7.952904,4.345244,4.237308,15.370397,28.424622,8.112782,3.1089127,7.445495,2.5368826,26.521637,14.920075601326491,12.519647910512216,12.519647910512216,12.519647910512216,18.189667181882573,13.939139633163927,15.810410211061868,15.810410211061868,11.003049971696848
GLLDKVKRIVIRIGPVLR,17,9,8,1.0110883139018108,954,Rank,0.1307197993597577,0.1307197993597577,False,,14.307683,10.8654375,3.7377064,3.0513775,13.682982,11.729254,20.071733,9.810526,6.6172724,5.8880596,43.08391,10.63688200276185,8.837209878128848,8.837209878128848,8.837209878128848,14.677201679299968,22.84411324322098,10.275560825322076,10.275560825322076,6.8165633242275225
GFLGPLLGLGAKGLPSLIKKFA,17,9,8,1.0438450585242038,955,Rank,0.1739469458981988,0.1739469458981988,False,,9.663081,13.450137,10.749421,13.778982,28.224321,7.763577,10.652389,7.7354865,5.8059187,7.348674,24.263597,11.451740748697373,8.196621790447466,8.196621790447466,8.196621790447466,18.775098324980316,15.250829359087735,14.067659580440948,14.067659580440948,5.8574139522756585
SGLKKLGTKLVGGAKKLSKKFSKAIPLPAGVVA,17,8,9,0.5278815977340894,956,Rank,0.0842715168561713,0.0842715168561713,False,,4.8338456,5.36343,1.8149649,1.0810645,2.6754236,5.85123,6.511696,9.647688,26.38974,26.33489,31.06654,1.6642669232552068,1.1188208232865477,1.1188208232865477,1.1188208232865477,1.6107311379732963,1.7201678763820387,1.365078369794591,1.365078369794591,2.778091062994201
GIKSFKKFTKSFLKATLKVVKPALTK,17,8,9,0.5392390551846661,957,Rank,0.1248910376042718,0.1248910376042718,False,,1.568654,1.3870245,1.7784307,1.444815,1.8127612,1.5914533,2.0561223,3.5880501,16.677246,30.50878,20.717995,6.623588155371592,1.4462846044213962,1.4462846044213962,1.4462846044213962,8.259446436804106,4.905358230217078,4.801357671684556,4.801357671684556,2.595239173325045
YGFKKLGKKFLSAGKKLVNSIPKIAPAGAKV,17,8,9,0.6004363829740895,958,Rank,0.1470919700733223,0.1470919700733223,False,,4.682673,4.9785714,1.4470816,0.9868668,0.7520644,2.5612724,2.5935712,20.368912,29.345175,12.113433,17.891973,4.568361629496872,2.0875201799024463,2.0875201799024463,2.0875201799024463,4.0217278159354635,4.951499267418168,3.52348666665642,3.52348666665642,4.608837383260542
GKLGKLFKKLGEKIKNGIQRFAPKAIPVIAVGPKG,17,8,9,0.6074590963389865,959,Rank,0.0346822116917273,0.0346822116917273,False,,3.0098348,2.910443,1.7197294,1.3140123,2.2535026,2.8576417,3.2145016,35.174026,16.852512,12.30508,20.061913,3.319577091935261,2.016790962420378,2.016790962420378,2.016790962420378,3.0113941585926507,4.016761027725653,2.7151556856375776,2.7151556856375776,9.682758660866552
GKLVKKILKKILKHIVK,17,8,9,0.6150237735867045,960,Rank,0.1084119799691833,0.1084119799691833,False,,2.559026,1.6462871,7.3080015,4.809748,19.420214,6.747673,8.552546,1.9306383,17.831413,3.7185655,55.500977,3.16810564927944,1.426868522819155,1.426868522819155,1.426868522819155,3.870889329124131,2.9240329236050737,2.2008485263626434,2.2008485263626434,3.357246381267661
GVRRKVRVAIRVIRTIADMVKKK,17,8,9,0.6457961154718973,961,Rank,0.1675312400377238,0.1675312400377238,False,,0.93094456,0.65067685,8.040753,7.8160634,8.18468,16.403584,16.983551,2.4309497,15.886391,18.968193,12.838666,2.842548047034429,2.282319200040308,2.282319200040308,2.282319200040308,3.088755031481318,3.942916371951464,2.671112549671797,2.671112549671797,3.4372406629985846
GKLFKKLEKIVGNAAEKILQSTKRIVSAVQI,17,8,9,0.6522608131416007,962,Rank,0.1634247067770044,0.1634247067770044,False,,2.674564,2.3873656,1.7401859,2.1207838,20.6505,6.317829,11.164074,11.471265,14.632844,17.987988,42.7564,2.222673174218531,1.9286406644439065,1.9286406644439065,1.9286406644439065,2.8544314424020234,2.8015593344437555,1.8833447314800873,1.8833447314800873,5.53730912434966
GRFKKFWKKLKDGVKKHVIKAVPVGPVVPAI,17,8,9,0.6541751529086983,963,Rank,0.0780656414377557,0.0780656414377557,False,,7.651028,7.1040516,1.8593352,1.5454412,5.906044,7.055682,10.750997,18.891033,17.68683,9.629547,31.608032,2.396096436158447,1.5147117985098209,1.5147117985098209,1.5147117985098209,2.749582978993082,2.766654581251971,1.9778424433023638,1.9778424433023638,6.873438607353498
EKLKKPFKKLLKNVLKAVSKAIPTIPVGPKA,17,8,9,0.6790097360170593,964,Rank,0.0434583543648052,0.0434583543648052,False,,1.8741252,1.6702358,1.6860805,1.1492186,2.016594,3.7410712,9.920719,19.434526,36.331367,6.1795807,42.223904,2.982338212303254,3.97584103091565,3.97584103091565,3.97584103091565,4.358289570845394,6.4916687769884955,3.092947430625293,3.092947430625293,8.964896608179561
GWLSKIKKKGKEVFKAAGKAALPAVA,17,8,9,0.6818678985323554,965,Rank,0.1261844731284204,0.1261844731284204,False,,5.834288,4.889311,1.4606378,1.2919174,34.270905,8.626689,8.224568,5.415609,29.61556,9.551616,19.051693,3.411938421681789,1.6564713801449968,1.6564713801449968,1.6564713801449968,3.2857360757375655,5.043456408373813,3.1854451591443906,3.1854451591443906,4.355424166736988
GLKSFIKRASKIVKKVGPAVMKAVIREGER,17,8,9,0.7152243755551084,966,Rank,0.1406343396339195,0.1406343396339195,False,,2.5092623,1.9860752,1.8466736,2.906076,10.210643,14.05806,16.44769,11.081407,16.263485,15.025655,23.967373,2.837968747995145,2.5768244390831194,2.5768244390831194,2.5768244390831194,4.406826358571356,3.7501489635791216,3.212009415632846,3.212009415632846,5.941728282061552
HRWIKIWEKIRARFK,17,8,9,0.7188195944422456,967,Rank,0.0839967240715158,0.0839967240715158,False,,2.1891506,1.6882485,4.297124,3.0152774,29.39677,14.114933,13.759473,2.0363202,25.74568,2.658653,35.237167,4.470590344423472,2.3785659980554,2.3785659980554,2.3785659980554,5.600640918801558,5.064257906221817,4.801534276537442,4.801534276537442,4.503573972679174
GKWKKWKWKLFLK,17,8,9,0.7189612890449878,968,Rank,0.0714398975878008,0.0714398975878008,False,,29.463335,29.595814,4.3308754,5.092852,9.451261,3.652448,3.6264877,3.522806,2.3632922,2.4394279,27.491821,2.907289107572322,2.6024790554751216,2.6024790554751216,2.6024790554751216,10.722977610108387,9.188405363222207,3.1286020898473024,3.1286020898473024,3.6042346808152277
GALKKLLKGLSKALQKIKQKF,17,8,9,0.7285817199940773,969,Rank,0.075150430370331,0.075150430370331,False,,1.1191547,1.2216444,4.2845845,3.2414143,10.717478,6.040697,4.8223624,4.774486,17.630257,16.138245,30.850882,4.024597933354805,4.671116717270297,4.671116717270297,4.671116717270297,6.196435228547004,6.6178072855484045,3.8690813448202785,3.8690813448202785,5.961439855164145
GVLGKFLHGVLSVGKHIGKLIKGG,17,8,9,0.7309953413841037,970,Rank,0.1648372745204824,0.1648372745204824,False,,3.5943635,2.210339,4.1085873,3.488819,4.321632,18.173798,19.813896,5.0242467,3.1612682,2.4220064,30.117565,7.601715095663218,2.615124083462652,2.615124083462652,2.615124083462652,11.072373139896854,8.789839240628282,6.127826041973937,6.127826041973937,4.085462433349683
GKLGKNFLKWVKKRVGKHTRIHIIVYNGIT,17,8,9,0.7334747749845001,971,Rank,0.0324193221667286,0.0324193221667286,False,,1.8040768,2.207713,1.5276811,2.0829606,3.720382,19.053303,20.30087,6.6902604,7.0110164,2.9893541,32.859814,5.65915033626764,3.7293854561935764,3.7293854561935764,3.7293854561935764,14.532099489564759,10.76147781865601,4.966237870173071,4.966237870173071,4.910512528526793
GIWLSKLKGVAKQVLKIAGHLLGPQPQQ,17,8,9,0.7368746678083019,972,Rank,0.1500271056931087,0.1500271056931087,False,,1.640588,2.111251,1.7523686,1.9610256,8.897685,18.460728,21.365074,3.8757555,4.102028,9.966892,31.15808,5.2827359761678645,2.9627188874353885,2.9627188874353885,2.9627188874353885,8.118370907561772,8.487002491703118,6.181305899697338,6.181305899697338,7.325134321135303
GIEGVKTWEKKLWKKLKGALKRAIPK,17,8,9,0.7376816600243539,973,Rank,0.0615637535864194,0.0615637535864194,False,,5.724523,5.2786427,2.4616525,1.5726515,20.415834,14.74868,9.408447,7.309487,20.599852,10.142243,25.189144,3.194505139278107,2.2417352875374643,2.2417352875374643,2.2417352875374643,6.856050291649777,7.533127151251562,3.279452240473749,3.279452240473749,2.2251906533881067
GNRKKLEKFGKKIEKAFKRALKAMQPVGERIPV,17,8,9,0.7410848265719654,974,Rank,0.1740131535253174,0.1740131535253174,False,,3.1685262,1.8443396,1.9986833,4.2333035,7.536182,5.874641,5.30624,29.789577,21.181664,9.443285,39.100765,4.109467075562559,2.855847598959353,2.855847598959353,2.855847598959353,6.916181785191947,4.024501824731722,4.028743834557865,4.028743834557865,5.667795265018551
GLVDKTKIGIKKILKWVKKKGIKVLNVV,17,8,9,0.742516903276447,975,Rank,0.0848254609213113,0.0848254609213113,False,,5.1342835,5.073085,1.13599,3.633763,6.9560266,15.479711,16.997238,6.626897,12.279676,24.397467,30.487917,3.830811789871102,2.430719061599593,2.430719061599593,2.430719061599593,4.510305074561888,5.662083873117506,3.235013758128668,3.235013758128668,4.045324110168537
WKLFKRLKKIWK,17,8,9,0.7465087503789906,976,Rank,0.1337941992986557,0.1337941992986557,False,,24.342234,27.904467,3.3441596,3.709601,10.135514,2.7773075,3.0431106,2.5141418,6.7288136,3.7437568,26.720552,4.939146575486735,3.194118029829001,3.194118029829001,3.194118029829001,13.361393376682566,4.84866274053434,4.020109791574137,4.020109791574137,4.13621869948536
RLLKRFLKWWKK,17,8,9,0.7498886792100021,977,Rank,0.1040785973779289,0.1040785973779289,False,,23.029894,23.427042,4.4462943,5.7537427,5.392,5.335313,4.098494,2.6728783,11.694331,3.7784083,17.508347,3.8846606336862566,4.5866911802563415,4.5866911802563415,4.5866911802563415,5.29608462518203,5.706511064175798,2.8627389365759384,2.8627389365759384,3.1844336721121653
GKLFKKLEKTGRKIFRAAEKAGPVAQAVGATVV,17,8,9,0.7538846198475956,978,Rank,0.1299778173317039,0.1299778173317039,False,,10.361774,11.829223,1.5789459,2.2479956,53.133232,5.895293,8.683974,8.12977,11.982508,30.826733,19.353632,2.2274870394255046,1.8404018658399315,1.8404018658399315,1.8404018658399315,3.700128448494287,3.714174008509188,2.9737375209700976,2.9737375209700976,10.303759657559716
GFLGRILRGVGKVGKHIGHHLR,17,8,9,0.7574193456918807,979,Rank,0.0935879054646405,0.0935879054646405,False,,12.522033,11.205428,2.0512676,1.730142,8.807922,17.561518,19.607271,5.450481,9.733969,3.0941064,67.48869,3.8644059635820276,2.468615897707871,2.468615897707871,2.468615897707871,3.9427507851696544,5.7828914783865635,3.5813675631240818,3.5813675631240818,4.947096270573203
AIFKSIFRKIIGRVKKFGRKVKEHIG,17,8,9,0.7575030533736272,980,Rank,0.0958609648132405,0.0958609648132405,False,,9.743805,9.9598675,2.6410728,1.5684875,32.707626,5.895811,9.981738,18.31894,14.820107,3.3307493,33.823547,4.803774031322075,2.315567904271538,2.315567904271538,2.315567904271538,4.72086910869865,3.7821553034978903,3.714371797141888,3.714371797141888,4.062737562551744
GRWKKFKKIEKSVRRGYRAVLEMAQVGQGVTAVAK,17,8,9,0.759887507732794,981,Rank,0.139205790739068,0.139205790739068,False,,7.856292,7.117224,5.6494184,4.714156,7.2095714,5.4926085,6.986279,25.497725,7.768502,18.712288,17.291134,2.8276949479484617,2.5639991336195265,2.5639991336195265,2.5639991336195265,5.635913045881901,3.3882381192319606,2.980737420136334,2.980737420136334,7.384469022630051
KSKWRNWKVLFKKLLK,17,8,9,0.7604318855619919,982,Rank,0.1236663002762871,0.1236663002762871,False,,22.889248,22.075714,2.4027476,4.1364503,10.293119,2.6661546,2.8779292,2.1920254,7.3983564,2.3895478,27.386106,7.456921091093786,3.173926083759122,3.173926083759122,3.173926083759122,13.014627393652026,7.535271728302123,5.752140973269401,5.752140973269401,4.964511021012818
GILSKVLKKLKKIIAKIG,17,8,9,0.761013495471273,983,Rank,0.1196882388688167,0.1196882388688167,False,,1.255632,1.1869153,4.702784,3.0013187,18.824554,2.8624823,5.2293434,3.944323,17.055775,3.9733536,33.007645,6.92125432296759,6.354794918748461,6.354794918748461,6.354794918748461,9.466288125781347,5.699297759219123,6.934110877061882,6.934110877061882,6.891570903474389
GSLASLWKKFKKIAEKLL,17,8,9,0.7625071681156039,984,Rank,0.1191135400616332,0.1191135400616332,False,,2.171986,1.7104392,4.953208,6.0036974,31.507662,16.83139,14.410736,1.9245758,3.9213395,2.1801655,18.70476,5.174474294559091,4.681220892871529,4.681220892871529,4.681220892871529,10.181559138066723,8.193773928497295,4.543506885334702,4.543506885334702,7.488858694473622
GLWKTLFHKGLEIVRHVGKAALGMGAEGML,17,8,9,0.7634862674085354,985,Rank,0.1454515152622071,0.1454515152622071,False,,6.822223,10.315316,7.1220455,4.066411,38.01369,15.999312,18.437244,1.618508,6.4594035,6.6648836,21.676088,3.3059273715738238,2.3778701175625097,2.3778701175625097,2.3778701175625097,5.815948370356806,4.169385072522624,2.8886588194981795,2.8886588194981795,5.994321078381245
GKLSSLLKKIKKVITKIK,17,8,9,0.7667995298741499,986,Rank,0.1371514863716061,0.1371514863716061,False,,1.4446989,1.4857532,8.165504,7.807422,16.892572,1.9476396,2.8600116,4.6516986,35.19733,11.141151,38.6757,5.627838858569707,4.7101944923422545,4.7101944923422545,4.7101944923422545,6.873312200489953,4.381354132845757,4.670775671797031,4.670775671797031,6.175946640395405
GEKLKKFGKKLLKSALNAVIKAVTPSGPFKA,17,8,9,0.7674122833136836,987,Rank,0.1070778651506296,0.1070778651506296,False,,1.9200045,1.6723231,2.3124342,1.5666171,2.376119,5.9007573,7.2661586,5.344861,16.021555,29.181833,19.905586,5.199802492749756,6.762137015377684,6.762137015377684,6.762137015377684,13.157941496633883,4.791165150156434,5.7521504466921405,5.7521504466921405,11.278549405553717
GGWLKTKLEKLGGIALKAGIKVGPGLRILGNAK,17,8,9,0.773786276010004,988,Rank,0.0683700636921523,0.0683700636921523,False,,7.5283976,7.527447,2.1910274,2.0475419,4.1181817,33.68961,25.280832,10.546022,4.774472,4.239431,28.540588,3.940985499677149,3.1347044312029197,3.1347044312029197,3.1347044312029197,8.613344994544306,8.043615415449787,3.232911710837887,3.232911710837887,6.261981820843299
GIMGTSLHFGLKTVIKAGKKALSAMVRNP,17,8,9,0.7766117910387516,989,Rank,0.1555063575925827,0.1555063575925827,False,,2.1834717,3.0495439,1.8755579,2.0180566,2.3063502,25.88711,17.954859,4.4186335,4.05035,9.163921,22.218622,7.465787157416554,4.843496251610761,4.843496251610761,4.843496251610761,10.95499776373632,9.387741469505631,8.679725830725575,8.679725830725575,5.263586530458931
GKLPKIFKKIGKGLKKVLPGIPKILT,17,8,9,0.7800921178276373,990,Rank,0.0308519240476064,0.0308519240476064,False,,1.3670852,1.4378172,5.588689,3.7340088,3.593518,2.3251004,5.8987765,7.309487,34.52035,35.926334,24.534513,6.577215019658244,3.7833275700772613,3.7833275700772613,3.7833275700772613,9.718967173781145,10.428110937957069,5.707689101677782,5.707689101677782,7.5608675376865175
SWLSKKTKKLFRNVLQVGKGAGQIAAGAV,17,8,9,0.7806214914458118,991,Rank,0.1168280278678072,0.1168280278678072,False,,6.3322268,6.6412516,1.4368268,3.3401606,54.32174,13.596344,8.152433,18.22426,2.7461088,10.455678,26.413902,4.015859235823597,2.685167855826123,2.685167855826123,2.685167855826123,5.673406521292557,5.0826738039313675,3.8568979308693137,3.8568979308693137,7.313258871417922
GYLGKLLGKAKKFGKIIPKLVP,17,8,9,0.7821216348804287,992,Rank,0.1749087206444928,0.1749087206444928,False,,6.3039527,6.2831535,3.9893243,2.2527862,11.728751,5.112423,8.240726,9.997982,18.25462,19.788492,25.881851,6.093193842640873,2.409757089295058,2.409757089295058,2.409757089295058,7.346409926319567,3.66277791515625,5.243087283570411,5.243087283570411,4.233122376771025
GGFGKWKKVFKTIGRAAKKVGRNVLEVNPQVQVT,17,8,9,0.7902246805804923,993,Rank,0.0770171118697199,0.0770171118697199,False,,4.0147643,3.130945,4.4715724,6.931341,7.374063,6.8603106,8.8197775,19.107815,4.59936,17.630106,40.96766,4.398789671439973,2.6182693254799596,2.6182693254799596,2.6182693254799596,11.084415115506888,6.641495204806037,4.332617409301343,4.332617409301343,5.295565672642126
GRLSKSLSKKIKRFLKKIGIAVTTSIPFPAGPPA,17,8,9,0.7912951484764694,994,Rank,0.0565043701184846,0.0565043701184846,False,,2.2431624,1.8648325,10.371435,5.117263,1.978847,2.1925051,4.231342,6.7680163,25.38311,38.316666,17.424225,4.6384285236937774,5.801720972372201,5.801720972372201,5.801720972372201,8.452188431551235,9.673354562255847,5.445671505659617,5.445671505659617,6.523143608155766
GFWSYFRRLGRKLEKFAKRLEIAVAEGIGVVK,17,8,9,0.7925972903724582,995,Rank,0.1181471992720896,0.1181471992720896,False,,7.5651617,7.368704,7.545632,5.1744356,2.426097,6.9391108,16.38907,11.086195,28.396976,25.474268,15.442622,4.202143725387748,2.29677601636035,2.29677601636035,2.29677601636035,4.237659889132933,4.746575528942116,4.623918959256915,4.623918959256915,4.366972615620534
GKLWKTLLKKIGIVAKEAAGAGPHILINQGLLPK,17,8,9,0.7952204595914829,996,Rank,0.052509497369959,0.052509497369959,False,,5.083695,11.194687,1.4658009,2.46834,2.8829355,11.679215,19.717957,14.110742,11.248804,17.92029,30.88975,3.7914104037099254,3.181767928590324,3.181767928590324,3.181767928590324,10.623325663103476,6.409910757639482,3.745668706708232,3.745668706708232,5.725773920245344
GIPLKLITRFWKGVKSVGQAALGAAQTCT,17,8,9,0.796376024044193,997,Rank,0.1742736255379629,0.1742736255379629,False,,3.7746305,3.5264156,2.2571132,6.6977386,16.237255,37.359077,31.716085,2.8097744,2.8556156,3.08449,12.077556,4.9057244835906735,4.420031044541278,4.420031044541278,4.420031044541278,7.081236517818588,9.331711112107802,5.177452181724069,5.177452181724069,9.746021110494135
GKWFKLLKKLLK,17,8,9,0.7982553546617555,998,Rank,0.0888253148079273,0.0888253148079273,False,,16.398798,17.36871,4.1484327,3.7553241,8.793813,4.7576294,5.032354,5.015716,5.3673472,4.5461273,27.273123,5.549701307774382,4.488824544107964,4.488824544107964,4.488824544107964,11.942221920993994,4.362012864796549,4.846443295495645,4.846443295495645,4.818391651626553
LKSLKLLKKLFKW,17,8,9,0.7988460760207646,999,Rank,0.1517092775357313,0.1517092775357313,False,,20.017088,21.091724,2.7050648,5.7383137,13.071301,2.1026447,2.4324906,4.454763,4.020932,2.3914645,21.178745,6.952258194094587,5.294911603231417,5.294911603231417,5.294911603231417,9.794946829374933,7.723735561951822,7.269170998221658,7.269170998221658,5.78221054825422
GIPLKLVKAFLKKAKEYLKSKAKDSISSII,17,8,9,0.8032433744377669,1000,Rank,0.14333266364699,0.14333266364699,False,,2.6084714,2.6624389,1.9163078,11.337219,19.966421,16.37162,13.918826,2.245394,3.3788092,2.5234904,19.84656,6.655300686720752,6.070879925932238,6.070879925932238,6.070879925932238,9.657918736121166,11.043892544277831,6.84941411265866,6.84941411265866,5.973889117580848
FKCFQWPVWRRGMQKWGKKVGKRIP,17,8,9,0.8043395831251943,1001,Rank,0.133588519805005,0.133588519805005,False,,4.532211,6.2011843,13.554003,33.587532,24.40679,7.154858,9.657738,6.3346605,10.58611,8.761802,16.011728,3.2521873783558783,2.5372307518796378,2.5372307518796378,2.5372307518796378,4.080394533037405,7.398242880233834,3.623563812639212,3.623563812639212,2.85709544878715
GKWKSLLKKIRKIW,17,8,9,0.8091236839548561,1002,Rank,0.0941210947877371,0.0941210947877371,False,,22.459934,22.665958,9.272704,6.5718064,6.1526847,12.558089,13.536561,4.0637264,11.981022,2.4921477,23.404655,3.6379882287131675,2.8369352129031298,2.8369352129031298,2.8369352129031298,9.00023135987889,6.001154936624511,2.9416575086935572,2.9416575086935572,4.2552663982099235
GVLKKFSHIGKHFGGWIRKKGRKSH,17,8,9,0.8102777291614736,1003,Rank,0.155016545680357,0.155016545680357,False,,2.845159,4.488015,14.615522,9.099588,38.056644,17.57883,13.308315,9.004755,3.5705435,5.291686,24.310709,3.7265831693397247,3.2453440746008675,3.2453440746008675,3.2453440746008675,5.409772142760642,5.429976556487031,3.806451251650278,3.806451251650278,4.734843238582065
GGLKKLGSKFLRAAKKVGVNIAKAAQGVPAA,17,8,9,0.8180571404278167,1004,Rank,0.161576912092875,0.161576912092875,False,,5.605553,6.550831,1.2729943,1.0534241,14.1264105,7.965273,8.771262,5.9328547,22.388773,23.055971,37.852398,4.486278442691958,4.207046415282335,4.207046415282335,4.207046415282335,7.167739349010829,6.3171474811318316,5.447679365035064,5.447679365035064,9.082144650176549
GIVSALWKKIKEKLKKLRQ,17,8,9,0.8181232902291751,1005,Rank,0.1213243351841028,0.1213243351841028,False,,2.3084004,1.8674598,4.132781,4.249629,23.684244,20.705942,11.771173,4.5251026,2.3290749,2.4810455,25.71918,7.605793388524606,7.510498506870077,7.510498506870077,7.510498506870077,9.302124617622013,6.98444188580126,7.440609214440404,7.440609214440404,6.763170962074429
FIKKLLKRLKKLLK,17,8,9,0.8205267113123883,1006,Rank,0.101660877477286,0.101660877477286,False,,20.184586,20.803617,5.9072933,4.8678,9.019017,4.051136,8.929842,3.2579963,7.095479,3.561198,20.05804,6.967950835983635,3.453904215048409,3.453904215048409,3.453904215048409,7.767776077303309,7.649096313256217,7.154528177015293,7.154528177015293,4.530568751486096
GKLFKKLEKSVKNFVKKFGVKPRIYVLGTWV,17,8,9,0.822565982918519,1007,Rank,0.035932269805005,0.035932269805005,False,,6.945324,7.376299,1.1780614,4.3424244,7.2433577,19.021631,20.375046,6.978639,3.520553,4.469772,24.319065,5.406478095636236,5.1442119095487335,5.1442119095487335,5.1442119095487335,13.580652066596183,9.94615067405564,4.846136006409784,4.846136006409784,6.162408115758701
GFVGRLWKKLTSKIKK,17,8,9,0.8229388992058364,1008,Rank,0.1636808202938207,0.1636808202938207,False,,1.623729,1.6084658,7.646149,6.691671,38.8544,21.09045,10.567701,10.065296,7.491986,4.266405,28.9526,5.958437903785975,4.013503185609349,4.013503185609349,4.013503185609349,7.929818784407136,4.151967508989449,5.565097644462258,5.565097644462258,6.792497102957528
GIWLSKLKSLAKHVGKQLANHATGQRL,17,8,9,0.8240263402785828,1009,Rank,0.1345422002019021,0.1345422002019021,False,,1.9132733,2.9663155,2.198525,3.211243,14.904959,26.006546,33.799118,11.220537,5.87945,15.284788,46.901417,5.858295092298417,2.9142091847324423,2.9142091847324423,2.9142091847324423,5.739830830612551,6.906040277248725,6.023455615867099,6.023455615867099,5.840638131608583
GRLSSLWKRLKSLGKVIGELI,17,8,9,0.8275904449621716,1010,Rank,0.0623337545162318,0.0623337545162318,False,,16.895212,16.037659,8.670371,3.7470365,7.759403,11.348817,16.149908,3.6108692,1.4638661,1.7670311,12.843809,6.03051966830949,5.792245311810639,5.792245311810639,5.792245311810639,10.177331587355104,9.693347869834911,5.297887544538617,5.297887544538617,7.3108824805899655
GAFSSIWKKFKKVLEKIK,17,8,9,0.827861929406556,1011,Rank,0.1561914716274374,0.1561914716274374,False,,2.569491,1.7275654,4.707794,11.471848,21.740095,20.94612,11.248467,6.676519,7.7375264,3.8741717,28.411877,5.054354899626973,4.375101284642493,4.375101284642493,4.375101284642493,9.842894180290791,7.627756439322358,4.538904758013768,4.538904758013768,7.8915977594384
GKIGKRLKKLLPKILRVIA,17,8,9,0.8290346328102928,1012,Rank,0.1222223928723234,0.1222223928723234,False,,4.015284,4.1880975,6.1600804,2.9266915,19.3752,3.7679436,5.8320513,3.661644,19.671692,8.350442,29.159124,4.961693744040812,6.235115576964965,6.235115576964965,6.235115576964965,10.757434671436284,7.379470206361548,5.809999971965946,5.809999971965946,5.218827323258205
TKKWLLKYLKKFL,17,8,9,0.8294408637227694,1013,Rank,0.0806325879336911,0.0806325879336911,False,,14.024797,15.519047,3.209837,5.156085,22.407513,6.283018,10.258716,4.6256027,16.750498,3.207648,25.827192,6.594120591604937,3.987457680755256,3.987457680755256,3.987457680755256,7.311570831919975,8.192604477266398,4.209486039281053,4.209486039281053,2.618193325377277
GRFRLIRAGINRVVRKFR,17,8,9,0.8310038692258687,1014,Rank,0.1620104786541629,0.1620104786541629,False,,10.803387,4.6764035,4.4115915,2.5385969,36.17853,14.828388,16.738167,5.7708607,5.1655693,6.170392,39.10715,5.335381279041528,3.211097024074218,3.211097024074218,3.211097024074218,7.229667804722612,6.856084166186239,5.180902477526071,5.180902477526071,4.854057244159133
GKILKSWKKALKKLL,17,8,9,0.8310065513420639,1015,Rank,0.0717126148982519,0.0717126148982519,False,,1.9182969,2.0135577,6.3805323,6.5749803,34.384117,5.639093,7.660012,2.8819675,23.821402,14.765307,32.66587,4.948519581882153,5.344400000273033,5.344400000273033,5.344400000273033,8.929960401470687,5.224821534376019,5.1347444832619935,5.1347444832619935,5.630918453091654
GFFGSLFKGIKHVGKHIGKLI,17,8,9,0.8335857874877928,1016,Rank,0.1201516922586472,0.1201516922586472,False,,3.143386,3.1940053,4.437729,6.1689677,6.5404954,16.317465,18.511911,7.17385,4.8496594,5.070332,25.620646,6.8344949298702,6.493461611012736,6.493461611012736,6.493461611012736,7.473978523184015,6.3769269860854925,5.8414093188473215,5.8414093188473215,6.287394857804469
GYLKKLLGKILKNLGKQA,17,8,9,0.8388006856039472,1017,Rank,0.161911686082036,0.161911686082036,False,,4.243262,6.489944,2.96469,8.343564,31.676065,11.019087,16.024738,7.7966084,9.299372,10.635656,22.508408,5.182375986255817,3.8774357230050875,3.8774357230050875,3.8774357230050875,6.196397809814509,6.9096808571738935,4.553071316645034,4.553071316645034,3.3669521042034223
GLNWKKILEGIRKFL,17,8,9,0.8434443280862098,1018,Rank,0.1036427477950162,0.1036427477950162,False,,8.1105,8.88213,8.237415,17.057722,16.621326,9.778386,15.661441,8.091414,5.758228,4.09227,25.974728,6.707620514633243,2.387488129682659,2.387488129682659,2.387488129682659,5.870458056604988,13.511529760026875,4.787526267591544,4.787526267591544,3.491609548088617
GWLSSLLKKKWKKVAKIAKS,17,8,9,0.8448730745443651,1019,Rank,0.1372787129403326,0.1372787129403326,False,,2.1540892,1.6084338,4.270499,2.846955,21.756248,19.514362,12.1272955,1.5440315,5.556067,3.760553,16.94079,10.360074030312495,6.390217598639344,6.390217598639344,6.390217598639344,12.802377400006808,13.337253307351347,11.646428000193284,11.646428000193284,10.640736721914484
GVRLKKLLKSLKSLL,17,8,9,0.8472059903831569,1020,Rank,0.1231351864273949,0.1231351864273949,False,,22.893778,15.488058,6.236709,9.358802,19.672312,5.4313135,8.712188,2.8160892,8.069396,5.663481,26.71651,4.637104584591816,3.1865921036092244,3.1865921036092244,3.1865921036092244,7.375857443200627,6.419559817582367,4.3862371481636275,4.3862371481636275,9.710983197177288
GKFWKRLKKLGKNLGQHLVH,17,8,9,0.8478402963486265,1021,Rank,0.1705896588252484,0.1705896588252484,False,,12.799879,11.361188,2.829318,2.23535,13.529589,16.708078,17.520649,1.6752918,14.403483,12.504529,24.88645,6.139780057809471,3.4488566402988843,3.4488566402988843,3.4488566402988843,9.600165159851967,6.033453599120389,5.665760708653783,5.665760708653783,7.067406828528344
KKWFSKKLKSLKKLL,17,8,9,0.8486823785468225,1022,Rank,0.0872402751580681,0.0872402751580681,False,,21.594942,14.163023,4.5777645,6.157653,18.01777,3.794961,5.1708083,6.526724,8.447255,2.3722746,25.56181,6.07232986095853,5.566961581025549,5.566961581025549,5.566961581025549,7.820263350134758,5.763583593513962,5.974172804532436,5.974172804532436,5.479704427419487
GIISKIKGVFKFVSALIKEAGREVAKAVNK,17,8,9,0.8546704644309638,1023,Rank,0.1538793933637957,0.1538793933637957,False,,4.562205,2.6260858,3.3097599,2.7170806,16.521893,5.848483,11.095477,11.640797,29.097624,10.717084,32.08601,7.889867186591156,4.308009263550908,4.308009263550908,4.308009263550908,5.7653937353204165,9.19593950398625,6.727617770423246,6.727617770423246,6.088323745198012
GKWKSLLKHILKKVR,17,8,9,0.8547449901548052,1024,Rank,0.0799219455661229,0.0799219455661229,False,,4.9848228,6.314389,5.3171167,4.8059387,32.76456,14.644392,15.6044,1.3391709,17.944271,9.214372,36.40388,7.538985337117423,2.5287528662972494,2.5287528662972494,2.5287528662972494,11.031876423080451,11.343176947023005,6.931465737916708,6.931465737916708,3.4970350066356333
GIVLKKLGKILGSAIKHIGK,17,8,9,0.8549251273181546,1025,Rank,0.1454782888794431,0.1454782888794431,False,,2.1323512,2.328681,3.383548,3.2317436,7.917101,19.651356,19.305046,5.9010544,7.7739725,6.0044284,29.789864,9.717206615117552,5.360712745072612,5.360712745072612,5.360712745072612,10.82043934713176,10.016474693187185,10.235165772723553,10.235165772723553,5.5159921578204525
GFLSKLLSKVKEKALQYVPHFANKKKK,17,8,9,0.8566273751921688,1026,Rank,0.1737138701450507,0.1737138701450507,False,,5.4201326,5.181312,3.330431,2.5338347,7.2992525,5.8268466,3.158888,8.729654,30.28419,33.13117,22.80177,6.221790607506427,4.77343071875799,4.77343071875799,4.77343071875799,10.209292629476034,10.290738033559395,6.587985679292031,6.587985679292031,6.915122548227197
KKFWSKYLRHLIKH,17,8,9,0.8578237046161824,1027,Rank,0.0760223370835768,0.0760223370835768,False,,2.7965755,3.5638192,3.5351055,5.8354053,11.077787,20.523067,13.561561,3.966261,16.518028,8.450048,49.328438,6.732744205932766,3.5030645279617616,3.5030645279617616,3.5030645279617616,11.250495762625892,6.599857219596395,6.960088629510613,6.960088629510613,7.9558244419853414
GKLRKVLKKVRRFL,17,8,9,0.8584690863047321,1028,Rank,0.1701349224270761,0.1701349224270761,False,,4.0109735,4.161816,11.994032,8.306897,36.332676,4.8711843,8.655264,20.978613,6.36087,7.1666417,27.441526,3.90565178615338,5.762917591737812,5.762917591737812,5.762917591737812,4.948438083543504,4.3661348128933,3.823988266481822,3.823988266481822,9.353978769207114
GFLGRILRIGVKIGKHVGHAVH,17,8,9,0.8585743422169123,1029,Rank,0.1514527489240741,0.1514527489240741,False,,12.12069,12.742165,2.2348394,2.1361482,8.747458,30.72741,33.386673,5.8378477,3.33041,9.587683,82.13245,7.687581836675138,2.4694384829241374,2.4694384829241374,2.4694384829241374,8.39336536808297,7.201873328613597,6.624428173429996,6.624428173429996,4.771071529504128
GFLDKLKGVAKQVGKLLANKLRCKLT,17,8,9,0.8587505673438389,1030,Rank,0.1547436208224855,0.1547436208224855,False,,3.9464393,3.0254958,3.3534205,1.885555,5.9400563,23.897123,27.455502,2.0345078,13.738286,15.767695,44.316402,7.561066776695578,4.787957320274355,4.787957320274355,4.787957320274355,12.753529697709242,7.743386139788426,7.313182590121266,7.313182590121266,5.939965495062663
GIIGKLWRKVISRIGK,17,8,9,0.8589356176293833,1031,Rank,0.0608595451888847,0.0608595451888847,False,,2.8850572,2.8069942,8.806224,5.279209,21.514494,4.20745,9.286521,17.710855,6.908966,3.736548,29.425173,6.406037611861596,6.045741255011941,6.045741255011941,6.045741255011941,9.337768361558577,8.82084657397349,6.674883619577853,6.674883619577853,6.822343654130625
GFLSKVLGRVKKVGKGALKGLAKEFA,17,8,9,0.8602525983058952,1032,Rank,0.1728689445964614,0.1728689445964614,False,,15.655501,16.268341,3.6242268,2.2063155,24.818853,9.354312,14.968722,7.47711,13.073928,12.193165,27.23879,5.476569231310602,3.0601244024198135,3.0601244024198135,3.0601244024198135,5.191348389591476,5.8811786718295815,5.1653878510387985,5.1653878510387985,5.458333535603209
GWKSFQKKGEKVWRAVKRRGIRAGIRAIQ,17,8,9,0.8641462231807868,1033,Rank,0.1344884454200095,0.1344884454200095,False,,8.115521,11.638336,11.655273,11.606638,60.285156,12.873121,3.76439,23.289566,15.027494,12.100306,23.311804,3.629865295571892,1.9101993645282545,1.9101993645282545,1.9101993645282545,9.76941416941746,4.078410330284467,3.203794903826855,3.203794903826855,5.031109069770425
GKLNTLLKKLKKLIAHLAK,17,8,9,0.8648671926552677,1034,Rank,0.1485807077200999,0.1485807077200999,False,,2.2786415,1.6479574,2.9448228,2.5879757,7.271526,1.8507866,8.033349,2.354393,21.42446,25.811806,57.452484,11.02868825810978,6.251213909672302,6.251213909672302,6.251213909672302,15.734831681927917,11.354992918611448,13.89987753547914,13.89987753547914,9.213403260832553
KTKRKWWKKFLKSLLKS,17,8,9,0.8668667022354993,1035,Rank,0.0917191484910472,0.0917191484910472,False,,17.671827,15.158669,4.841396,4.8395424,4.097012,14.43731,5.312895,2.5622883,16.772274,4.3078055,39.39836,4.5063945911110395,6.576370157639295,6.576370157639295,6.576370157639295,11.325505572935072,6.579596742626064,4.73077184021677,4.73077184021677,7.070804460996789
GWLSSVLKKLGKLVGKHAL,17,8,9,0.8680321698877516,1036,Rank,0.1000042339673768,0.1000042339673768,False,,3.6836317,5.0045776,7.5242195,7.8333597,25.293001,15.995993,18.563274,2.6332529,5.2032766,6.4275374,42.743153,6.380407730319496,3.4339023426628517,3.4339023426628517,3.4339023426628517,8.85009499291608,7.233818518656213,7.717168213506526,7.717168213506526,7.582278350530746
GIRDFFKKMGSKFGKRFKKIVTGSPFPVLPGLTA,17,8,9,0.8692100793353486,1037,Rank,0.0981240618856596,0.0981240618856596,False,,2.3304765,3.2622662,3.002678,1.9118861,1.3041029,2.2084818,5.1853647,11.497278,44.39371,36.118214,27.968004,11.39687284056301,8.301349209743716,8.301349209743716,8.301349209743716,9.223382969809624,13.888295082453164,10.483024317853623,10.483024317853623,7.852959533499978
GKWFKKKWEIWKKLK,17,8,9,0.8729288644718902,1038,Rank,0.1195977481935072,0.1195977481935072,False,,27.263296,25.438665,4.698957,10.956797,14.79864,9.124258,5.3122506,3.561003,15.554981,7.83114,36.51579,3.2180377052145666,3.9993563631468967,3.9993563631468967,3.9993563631468967,12.229713728180199,5.516234416278094,3.0184472779927067,3.0184472779927067,5.599979911368255
GISGLLSKLLKKALKAGTKLLSSIPQPGQE,17,8,9,0.8742438047402796,1039,Rank,0.1468352339142447,0.1468352339142447,False,,1.4085375,1.3347915,3.7572007,3.5197256,25.740685,15.0973835,15.965844,4.636878,29.316818,11.951469,27.57083,9.71424906119255,5.120478319182281,5.120478319182281,5.120478319182281,10.363592323925056,7.813879880085204,7.837859316979443,7.837859316979443,6.812098530365398
GELKKLLSKLLKKIAKAA,17,8,9,0.874432635620575,1040,Rank,0.1114075118883162,0.1114075118883162,False,,3.43006,2.314636,4.570672,5.636969,20.031357,9.209445,9.280902,2.2292187,28.137615,8.92557,36.487354,6.713675176748114,5.968403327604112,5.968403327604112,5.968403327604112,11.729024907155075,6.2821539897348675,7.386911912754835,7.386911912754835,7.503418349313927
GKLSKILRILKTIAKKGV,17,8,9,0.8750954933094504,1041,Rank,0.1720184152675203,0.1720184152675203,False,,3.3524652,2.676115,7.2310877,4.520971,22.653095,2.7643487,3.4578428,3.6361048,16.660898,11.205791,38.44456,9.614996659463705,4.523838451990822,4.523838451990822,4.523838451990822,14.000450354642586,11.969148343686044,11.896345938292194,11.896345938292194,9.077469073069588
GISDLFKNIAKGAGKGLLKQLKCKITGQCRPP,17,8,9,0.8762538446937846,1042,Rank,0.1607390431565804,0.1607390431565804,False,,3.6075158,6.5349026,7.778128,5.287088,7.3649306,17.155941,16.189913,4.6579742,6.6435037,4.345943,19.249075,8.780991431169898,4.7524277858433095,4.7524277858433095,4.7524277858433095,7.749754565104079,9.801982759957287,9.16834112934486,9.16834112934486,10.84297612222144
GIASLLGKLLKKAGKLALKHVPPIIP,17,8,9,0.8767992750226767,1043,Rank,0.09367362254928,0.09367362254928,False,,4.5322647,5.1077433,2.58981,1.3898605,3.446847,18.55552,21.610987,3.9503148,5.894826,4.493692,49.57942,10.145896689189177,7.775790784024096,7.775790784024096,7.775790784024096,10.563996971994614,12.870047778916595,11.117558448473607,11.117558448473607,7.172549457546614
GRLRIFYSKVRDGFKKRLNTLKNPIQKQTQQ,17,8,9,0.8789433885623341,1044,Rank,0.123703036169704,0.123703036169704,False,,6.641518,2.6948907,3.312932,5.8167944,7.642651,7.226529,9.057974,37.24333,19.7847,15.290449,22.272137,5.529755652126753,4.626929253073592,4.626929253073592,4.626929253073592,5.479854841634796,10.40793905204868,6.322948608575547,6.322948608575547,7.011976535128629
FGKIRRGKVTRFKKVVKNFN,17,8,9,0.879605371566355,1045,Rank,0.1136295145714892,0.1136295145714892,False,,7.048105,5.0770297,1.6730834,1.4739738,10.793555,10.4021015,20.21835,10.632454,11.363823,32.21146,49.249672,4.649992111699383,6.471994454517604,6.471994454517604,6.471994454517604,6.134859253823801,7.523741216731712,4.772453367277382,4.772453367277382,7.682924013374675
GKLSKILKVLKSAIAKL,17,8,9,0.8797504331386271,1046,Rank,0.1355216164789331,0.1355216164789331,False,,1.883172,1.6898568,4.8763633,4.069795,15.097776,4.7763205,5.5355706,2.835047,18.708015,27.886196,35.904644,9.133136036804608,5.522418634858056,5.522418634858056,5.522418634858056,15.35954953902888,15.856370185046483,9.985243361762791,9.985243361762791,7.8703849463095565
DTFKNFLRKIHVAGKSVFKGIRGLRL,17,8,9,0.8889911807568461,1047,Rank,0.1143555154481696,0.1143555154481696,False,,1.7055217,2.032245,2.5664654,5.983081,2.839743,23.97962,16.475056,9.030601,5.6967907,17.00225,13.702959,7.387212008090654,8.36060593098528,8.36060593098528,8.36060593098528,14.08400289570022,15.58106113467444,7.595168106723319,7.595168106723319,15.400059945279827
GIPLKLIPKVFKKIKKVAPSIRITVVPPAI,17,8,9,0.8902215501674069,1048,Rank,0.0880308232825035,0.0880308232825035,False,,5.7416973,6.550786,2.7764077,5.0450664,32.716335,12.306688,16.704222,7.234715,11.769971,14.482745,29.803883,4.17406278328173,4.868782434690294,4.868782434690294,4.868782434690294,7.591283044410876,11.903783629275575,4.217093520159906,4.217093520159906,6.321902138505993
IGKALSRLPKLKKLLYLLKL,17,8,9,0.8919847916206228,1049,Rank,0.121579410963817,0.121579410963817,False,,21.78211,22.187979,3.0589657,4.275594,4.020785,2.1945672,6.985282,3.678642,8.59699,8.181045,17.241852,9.213830668832207,9.512088781116002,9.512088781116002,9.512088781116002,11.589901940284134,10.515255507012766,7.801503309120615,7.801503309120615,6.762584358909334
GINLKALAKLLGKLLSKA,17,8,9,0.8931195316892111,1050,Rank,0.1443739290553105,0.1443739290553105,False,,2.593774,2.056144,5.3156486,3.472595,24.723003,13.74834,15.051925,3.0310693,15.895271,21.743795,25.913399,7.67875799200709,7.239149852734393,7.239149852734393,7.239149852734393,7.728244177149727,8.983393588143699,8.247016048940763,8.247016048940763,3.873101593527813
GFLSKIVRKLFNHYVSK,17,8,9,0.8934550226434522,1051,Rank,0.1459950819563253,0.1459950819563253,False,,1.8389889,2.4173071,10.016171,30.379004,10.598129,17.511164,12.944612,11.417987,6.840931,5.9017406,28.358591,6.8109299745141225,4.491744422004863,4.491744422004863,4.491744422004863,5.81003027294437,8.981196786658089,8.470987688694816,8.470987688694816,7.534930457749378
GILGSLFKHLGKIAGKLAPHVISPVQRN,17,8,9,0.8939590521798368,1052,Rank,0.1304508179028744,0.1304508179028744,False,,4.130376,5.835711,2.3491232,2.4637115,14.562975,28.28168,28.119564,6.3241525,12.310793,6.2503695,52.318405,11.256550152033192,3.8730383380564106,3.8730383380564106,3.8730383380564106,7.336273866738192,9.581447550730235,7.971526083456521,7.971526083456521,6.3014328265571065
GKWIKNSLKSLIKKL,17,8,9,0.8969669703967998,1053,Rank,0.0958458138515488,0.0958458138515488,False,,6.7308836,6.642499,5.574725,9.9259615,30.759163,19.570702,9.037988,4.763183,8.451393,2.3933735,25.05472,6.798318605055801,5.524730784074651,5.524730784074651,5.524730784074651,10.072006830397735,9.995139971745916,7.638989238448301,7.638989238448301,3.9742021959953036
GWLSKIAKEAGKAALKAVTKQVGGLLSQQ,17,8,9,0.8981781632131428,1054,Rank,0.1592280979358163,0.1592280979358163,False,,2.2075145,2.9921272,6.2710624,6.380201,36.22253,16.997238,13.893676,9.026884,11.490343,9.56535,35.219337,6.020827322376951,5.202482208887411,5.202482208887411,5.202482208887411,10.50619634302436,7.758238330242932,6.108429426831071,6.108429426831071,4.51462043953534
GIGDKIKGAAKKFFAKALAKAKGKLKGSLQ,17,8,9,0.9017043550921212,1055,Rank,0.1187322754502948,0.1187322754502948,False,,2.163176,2.2176878,3.8263974,7.034443,30.502348,3.3557055,2.4334803,6.549423,21.405949,6.757557,27.69745,10.218449188607307,6.98555967729742,6.98555967729742,6.98555967729742,15.413410858318116,15.005660172604381,11.273881839253654,11.273881839253654,12.516232483235171
GIPGFKGLFKTLLKGALKAVPKVIPEISS,17,8,9,0.9022172880813037,1056,Rank,0.1060517507040008,0.1060517507040008,False,,5.0785093,9.704403,6.9206843,8.217689,17.101347,3.5442657,7.3526263,8.494244,19.106745,4.991016,40.47854,9.57694603640849,4.674120531012806,4.674120531012806,4.674120531012806,7.329015947528981,8.362790960137112,9.489838060394625,9.489838060394625,5.009292725257115
RIKGFLGKVIHPIPVVRRIVDGIKK,17,8,9,0.9096261713641377,1057,Rank,0.175514344017321,0.175514344017321,False,,6.352475,8.35667,1.6225345,3.1256151,2.9531534,5.3766756,10.548079,18.382387,10.711561,19.369213,34.917492,10.852757622681526,6.073058292307853,6.073058292307853,6.073058292307853,13.1302723700991,10.143677332831812,11.065558199077836,11.065558199077836,6.5442001875540745
GIKDILKVGAKLAVHVIKRIPSPAPKGKVYK,17,8,9,0.909702305296209,1058,Rank,0.1648055197651559,0.1648055197651559,False,,6.398033,6.592692,2.2796943,3.6346085,5.1041803,7.005603,12.737898,22.072176,26.531918,13.850868,54.080456,7.197725138985182,4.234017171122343,4.234017171122343,4.234017171122343,6.1076665759961095,12.660680420379677,9.035941004666107,9.035941004666107,6.490377031554326
GWLSKIKKMALEAGKAALNAVKGIVNQYEEQENEK,17,8,9,0.9097625178748032,1059,Rank,0.1219559019844854,0.1219559019844854,False,,2.074228,1.8852952,1.7313516,4.5310163,11.110612,15.869855,15.409514,8.516625,43.98804,33.25915,21.654922,7.3461074556519295,4.294310502192822,4.294310502192822,4.294310502192822,12.850957145929792,11.984991190783441,8.364535721045046,8.364535721045046,11.119090484044175
GIGGVLHKFFKHVARKVRNPRIPVAFTI,17,8,9,0.9111651927252001,1060,Rank,0.1690809966261091,0.1690809966261091,False,,5.6524577,8.851673,3.31257,1.9114739,2.789216,26.53698,33.57128,6.496077,6.360938,12.464966,32.22911,11.015219130356737,5.131041827351837,5.131041827351837,5.131041827351837,10.540616451785292,11.060711602441232,10.58880695266036,10.58880695266036,6.578720876166022
GGLASLLSKIAKIGKKAISK,17,8,9,0.9137743464917591,1061,Rank,0.0971104002842569,0.0971104002842569,False,,2.1161177,2.9240756,5.337285,5.822232,20.288794,16.234573,8.7616005,5.149361,14.698097,8.8473835,32.528866,7.682443203272945,7.8218949214424836,7.8218949214424836,7.8218949214424836,11.395815516672789,6.768478691064736,8.488698605122858,8.488698605122858,7.635119484448544
GWLSKFLKKAGVVGKALIRQGLKSHLPQE,17,8,9,0.9165123486561015,1062,Rank,0.0711538972424419,0.0711538972424419,False,,5.0096517,9.016118,4.6159425,3.308397,13.682539,10.893988,16.073298,5.160109,4.74843,24.869726,28.291508,8.97410461466052,5.275943934982242,5.275943934982242,5.275943934982242,11.125196307785705,14.71731817687858,7.723014766833872,7.723014766833872,5.833719640637827
GKLKSLLKKLKKSIAKAGL,17,8,9,0.925572056879872,1063,Rank,0.1660306721879815,0.1660306721879815,False,,1.8583632,2.377786,11.291135,13.419234,15.188487,11.1375675,11.772746,4.368515,45.71554,51.9314,36.257935,5.320770902025492,4.603063393638676,4.603063393638676,4.603063393638676,9.2624463837551,5.765407978200118,6.0052975629043726,6.0052975629043726,6.479161246455015
GVFSVLGRAAKKLFKKIIPSIKEQVQQGEQ,17,8,9,0.9276173973777301,1064,Rank,0.1150192520987195,0.1150192520987195,False,,9.266331,7.4805946,3.4038143,10.550233,50.452896,10.556823,7.591831,20.112047,3.0152032,3.0574422,26.967422,9.159406473862633,5.345063117209388,5.345063117209388,5.345063117209388,8.093386639502002,10.145052886718569,9.935688921906795,9.935688921906795,6.252205774383324
GLLGRIWRGVTNAVKNVVK,17,8,9,0.9293433204936594,1065,Rank,0.1573298692285213,0.1573298692285213,False,,1.6526518,1.4589388,5.0860596,4.126585,7.0522327,14.337397,16.947437,22.422255,11.560614,5.2469835,33.237793,13.273449849522274,7.162456673771529,7.162456673771529,7.162456673771529,11.72056069199343,9.957588233702715,14.409822250554965,14.409822250554965,8.336486977556095
GIRGVLKKIGSMAKKLIPAVSSAK,17,8,9,0.9293771419827934,1066,Rank,0.1320314990569045,0.1320314990569045,False,,7.2393427,6.953984,4.995375,2.208452,19.07201,6.2272706,8.303301,7.1510973,23.566729,12.747969,25.70071,10.444688852296089,4.218716714810187,4.218716714810187,4.218716714810187,14.334661710472558,13.166392015663055,12.156073833705438,12.156073833705438,5.84888918115481
GWLSKILKHGQKIINGLNQI,17,8,9,0.9304403373323901,1067,Rank,0.1254373024148557,0.1254373024148557,False,,7.3111525,7.0480237,5.004272,10.6608305,11.685664,33.443485,44.019543,4.425965,2.5060682,15.288871,39.65032,6.088161642785278,5.268424496099913,5.268424496099913,5.268424496099913,8.748764874836297,9.338104136273202,5.140331696820703,5.140331696820703,6.6477091422126495
GKWSKLLGHIRKLIK,17,8,9,0.9306874029331251,1068,Rank,0.0703936510413899,0.0703936510413899,False,,7.8844147,10.584841,12.449995,9.623462,11.217976,20.728205,16.238419,2.3640814,9.138577,4.705682,45.73915,7.889429730155146,3.354578693749848,3.354578693749848,3.354578693749848,14.188848143794552,12.106750746016436,9.00649123456143,9.00649123456143,5.639967641411591
GLFGRLLKNFGKNLIKKYGVHLLQN,17,8,9,0.9308004721209008,1069,Rank,0.1739114552893045,0.1739114552893045,False,,9.605815,8.984681,13.147966,14.277554,2.1395998,39.45404,24.638557,6.995768,3.2363799,10.749589,45.85305,5.330816901857007,4.564410833435778,4.564410833435778,4.564410833435778,7.442470045567328,8.752480698179568,5.684811107419543,5.684811107419543,10.292896330566311
GKLGKLWEKIKNVAAKAAQAVGGVANAALKA,17,8,9,0.9334583784788275,1070,Rank,0.0544193487327984,0.0544193487327984,False,,2.9908412,3.1251223,2.1250224,1.8012723,3.4502103,10.166478,15.711526,8.044147,34.330456,29.281649,45.70835,8.293525792598059,7.154805084250737,7.154805084250737,7.154805084250737,13.924424388683692,13.916438472310734,8.79218712960887,8.79218712960887,14.078209086585325
GLLRKILSRIRGKVKK,17,8,9,0.9340220380920051,1071,Rank,0.1589981353939748,0.1589981353939748,False,,5.8989744,6.084181,11.622971,5.77193,30.826258,2.1103342,2.96092,24.080036,9.322267,4.619037,29.93145,7.733874094437934,8.05267285292813,8.05267285292813,8.05267285292813,12.260774480666761,7.81602071188538,8.956799411348365,8.956799411348365,10.72113523435763
GIKDFLRSIRKIGQKIRNLNG,17,8,9,0.9346030841030142,1072,Rank,0.1536205817305138,0.1536205817305138,False,,7.124128,6.9249716,4.9530787,3.5290856,11.919072,11.421503,16.641716,17.864988,4.9137955,3.742353,26.507757,9.615091671707107,7.767942388595498,7.767942388595498,7.767942388595498,13.54811060888796,13.986902733430163,8.82555227871755,8.82555227871755,4.348282024895224
GVWSKIKSTVKKLFK,17,8,9,0.9362308372891945,1073,Rank,0.0613427155836565,0.0613427155836565,False,,1.3737686,1.3886296,7.5664754,12.025646,18.080776,11.750618,9.678192,18.545519,11.829564,7.3527646,23.013046,10.888976643713738,5.4367117003796865,5.4367117003796865,5.4367117003796865,10.66139784246478,9.992067655368352,13.089461573405252,13.089461573405252,12.534330420858463
GKFKKLLKKVLPKVVSVV,17,8,9,0.9377158919914116,1074,Rank,0.1655966905318527,0.1655966905318527,False,,11.148637,9.316768,7.55124,6.171854,20.88997,6.1199646,9.457185,5.4732933,10.817669,45.988426,30.742586,7.310398867252998,3.7472153588091093,3.7472153588091093,3.7472153588091093,9.187676499134808,7.049173715043806,7.857459465984888,7.857459465984888,7.537054859721259
GFLSKILGRMMKKIQCRIT,17,8,9,0.9380372088079078,1075,Rank,0.1180450859412358,0.1180450859412358,False,,3.1610594,5.087018,5.5254526,4.770513,21.613941,6.8527164,17.357103,3.723578,10.414398,11.136887,26.076519,11.418632297955762,6.733215479718339,6.733215479718339,6.733215479718339,14.159551413049343,12.02650725999526,10.659996168839788,10.659996168839788,6.963836072564048
RKLKLNLKKLLKHLR,17,8,9,0.9398789256833602,1076,Rank,0.1159608947452313,0.1159608947452313,False,,28.61057,27.056744,2.8091445,2.9056914,7.0995226,1.8414577,2.4325984,9.168708,11.658541,5.7317595,35.625397,13.061172789227076,8.389152609130452,8.389152609130452,8.389152609130452,12.95168473318303,9.897189585274836,12.737121929463258,12.737121929463258,8.920195338382847
GALWKSLGKVVGKAALKIVPPAISASQ,17,8,9,0.9468145850203117,1077,Rank,0.1206309192524307,0.1206309192524307,False,,7.898229,8.760754,1.2709262,2.1245716,42.695942,14.369223,14.730291,21.266666,5.951204,5.653741,58.53322,7.992434498621832,6.110586043568868,6.110586043568868,6.110586043568868,13.12765964139002,8.25635691441536,9.6793492834378,9.6793492834378,6.594156792045947
GILGKILKPVFKIGTYLK,17,8,9,0.9535319641320946,1078,Rank,0.1659030305244142,0.1659030305244142,False,,3.0857198,3.842629,7.834584,9.186752,2.6367774,16.6148,17.694513,15.1223755,4.5983105,3.9176934,36.055386,11.906048197212225,12.059984517451994,12.059984517451994,12.059984517451994,12.462858148593156,14.745939320026944,9.082244368869754,9.082244368869754,5.719603747009162
GLLGSVWGRGIKVGKAIIKG,17,8,9,0.955489702074831,1079,Rank,0.1339195579405983,0.1339195579405983,False,,5.3941073,6.113905,5.2697306,4.3280177,19.62357,9.616744,17.41635,21.158495,5.401618,6.9603095,14.120122,10.045589264814131,7.190513497016847,7.190513497016847,7.190513497016847,13.457637781143116,13.924336480459967,12.016043866559114,12.016043866559114,4.588999505566721
GGWLSKYHRIVKSVGKVAGSAIR,17,8,9,0.9594400367240867,1080,Rank,0.1469130641969077,0.1469130641969077,False,,4.89449,5.094557,3.792672,9.0988455,36.989716,8.74608,7.8487916,22.461815,4.2632356,4.048789,32.48902,9.21033105910581,7.695915154536086,7.695915154536086,7.695915154536086,15.885963671743806,8.756573051372952,10.107806303033485,10.107806303033485,9.40577343112225
GRLRLIGRTIFRYLTRGYT,17,8,9,0.9601368211624998,1081,Rank,0.1715466599808724,0.1715466599808724,False,,9.519655,12.55456,5.3271003,4.787597,18.358143,15.606079,25.631887,7.3047767,8.618785,3.3440864,30.084192,8.08286112153568,6.581522252766615,6.581522252766615,6.581522252766615,11.712543027679367,9.123842489939175,8.623671231327256,8.623671231327256,6.14293238780398
GSLGKLLGLIKKIL,17,8,9,0.9624844478539814,1082,Rank,0.1055324670580734,0.1055324670580734,False,,3.8610227,3.6037672,4.6716905,5.567141,13.244043,19.717047,19.790876,7.309487,7.953669,9.023066,38.98163,12.16171752851451,7.493791734869537,7.493791734869537,7.493791734869537,10.82200173112164,13.749323975369592,11.510240277984673,11.510240277984673,4.60542925980499
GLLGKIMGGVKKIGGHIKKF,17,8,9,0.9696340084632358,1083,Rank,0.1408157360793794,0.1408157360793794,False,,15.643233,15.858912,3.8755386,3.5056386,18.85297,9.518333,16.856264,7.456862,11.180441,10.838268,25.082024,10.840532868817796,6.1862503742876385,6.1862503742876385,6.1862503742876385,7.5087793682615045,6.996440157338993,12.075510063695459,12.075510063695459,5.436895258894434
GIMSSLFKIGKKVLCGLSGKC,17,8,9,0.9702391301613765,1084,Rank,0.1659746343844641,0.1659746343844641,False,,12.002984,15.18659,8.236463,17.27949,9.871308,22.17467,19.614597,4.634564,4.9572477,3.1172583,8.936647,11.01510121205603,7.197395204611801,7.197395204611801,7.197395204611801,13.55805092622667,9.992511985560945,11.44833697088915,11.44833697088915,4.885196005253635
GGLGSVLGKLLKGGRKLIKGHVLNLYL,17,8,9,0.9728638309999489,1085,Rank,0.1104087937011848,0.1104087937011848,False,,10.20918,12.730005,5.232395,7.854572,3.8929348,23.628191,20.038935,7.3376756,3.250828,5.3692327,49.69774,9.982111067561288,5.777812624433416,5.777812624433416,5.777812624433416,13.703365151280236,15.237318130360915,13.407533780277571,13.407533780277571,6.32855007970916
GKLWKLLLKNVAKAAGKAA,17,8,9,0.9760518891664296,1086,Rank,0.0754219023962595,0.0754219023962595,False,,10.640612,8.90343,1.5925252,2.2155008,43.35751,45.23692,13.416126,3.1183438,15.168575,15.096306,47.09619,9.822390208620762,6.290490021972723,6.290490021972723,6.290490021972723,11.90559067401781,5.363649110764778,8.838126848468825,8.838126848468825,9.201178688341326
FKLFSLIKKVLK,17,8,9,0.976684054301711,1087,Rank,0.1512213335502895,0.1512213335502895,False,,3.4008183,3.482975,5.315036,17.096123,37.259033,8.170751,11.498768,7.3811445,10.795274,6.2368255,44.909985,10.953121536316553,5.143555356418922,5.143555356418922,5.143555356418922,14.914826216320234,10.572264369144452,13.866141064307085,13.866141064307085,8.993094534697757
GKLSSLLGKIKKIGKAIGKR,17,8,9,0.9782507040337591,1088,Rank,0.093633980991977,0.093633980991977,False,,2.9920769,3.8536851,6.6471124,5.804216,19.11638,9.584485,13.0893,8.698971,18.977667,12.097858,24.060116,11.783576932374741,8.289470086491965,8.289470086491965,8.289470086491965,13.176844342711453,8.05419815571187,10.5132323860311,10.5132323860311,9.099489712683905
GKLNKILGKVVRAVKAF,17,8,9,0.9806703684556611,1089,Rank,0.1305510633069443,0.1305510633069443,False,,4.7555027,3.5028934,2.5428905,2.0763752,28.702902,4.1300154,13.447439,12.682471,15.398627,19.840117,64.63443,11.71257839240789,6.217380881195569,6.217380881195569,6.217380881195569,12.790743928071478,15.410897956134015,15.427184096570008,15.427184096570008,8.854568387895009
GKFSSLLKKIRKHLF,17,8,9,0.9820467345670114,1090,Rank,0.1506487102173104,0.1506487102173104,False,,3.4118588,2.753488,9.014931,16.164185,6.016273,6.8588777,9.650167,10.292057,25.924086,6.527392,36.99246,11.769130954720659,7.8306489566803394,7.8306489566803394,7.8306489566803394,13.01071265515759,14.346281695131403,12.888126659041811,12.888126659041811,7.109066898462837
GLFKKIWKKIL,17,8,9,0.9821630871208793,1091,Rank,0.1320090839354976,0.1320090839354976,False,,8.056243,8.404134,3.9083805,3.7605379,58.327095,13.129826,8.760402,5.773727,20.547146,5.9192452,32.301273,10.402917885593423,7.9159004389603025,7.9159004389603025,7.9159004389603025,12.84515579522813,5.788418071804721,10.384898222302006,10.384898222302006,7.019117008448557
GFLSKILGKATKFLPQRYRALR,17,8,9,0.9823655630477799,1092,Rank,0.1596301172891982,0.1596301172891982,False,,5.05061,6.3256316,6.220829,9.078493,27.857178,5.535469,7.1351633,18.447117,7.6014824,9.497191,33.8822,10.645831765710604,7.222699728281333,7.222699728281333,7.222699728281333,10.944204831158078,15.3754522200006,11.684234114225552,11.684234114225552,5.3780096394428645
GSISGTLKKLFRRVHCLIIKT,17,8,9,0.990321943503071,1093,Rank,0.1671599377025663,0.1671599377025663,False,,8.921151,13.796418,7.99585,5.0761986,18.18461,15.818588,23.728004,3.4329062,9.682622,5.362779,28.323202,9.765499814994662,6.42602117085654,6.42602117085654,6.42602117085654,13.51055438780458,10.393875618776173,11.982790546994261,11.982790546994261,7.119356076518515
GLGRLIRKWTVSFKNGFQKW,17,8,9,0.9953344645741584,1094,Rank,0.1032907473699591,0.1032907473699591,False,,7.3393536,7.399696,9.907442,6.0789485,8.21134,24.228563,23.081097,11.350789,5.3934674,3.4453614,19.714151,10.25450457884435,9.00202015739295,9.00202015739295,9.00202015739295,13.255951103019397,15.98161968125819,9.983894957179427,9.983894957179427,8.176287827767824
GILDKLKRLRAIRKKF,17,8,9,0.9973532624889223,1095,Rank,0.1387776204107114,0.1387776204107114,False,,5.6036325,3.4235168,9.913497,6.0093193,12.120194,17.768055,11.96705,16.954245,12.644159,9.841034,42.086105,8.733056737085999,7.725459383042341,7.725459383042341,7.725459383042341,15.758621680746936,12.532396985103674,8.810112533839897,8.810112533839897,5.4844369319869655
GKLKKMMGKLLSSLLKKKA,17,8,9,1.0020409907161352,1096,Rank,0.1046425037192497,0.1046425037192497,False,,9.022228,7.863127,14.373787,20.319792,27.591846,10.931916,10.516018,5.6914616,17.942379,11.567393,14.245961,6.55409637362869,7.542220460364697,7.542220460364697,7.542220460364697,11.123883272802207,6.532186698970267,8.735773110766232,8.735773110766232,6.369899505495146
GFFSKLLGGVIKHVIRGAK,17,8,9,1.0124546680194797,1097,Rank,0.1312787245629881,0.1312787245629881,False,,5.606638,6.378535,8.331355,10.060587,27.088758,13.560344,14.372134,19.689983,7.979232,9.671261,28.631437,11.627926714758757,5.393458152085264,5.393458152085264,5.393458152085264,12.086854639730866,11.546197046023382,13.394706965873194,13.394706965873194,5.642795202630638
GILGKLLSHGLKKGVKGLIQK,17,8,9,1.0235237518949973,1098,Rank,0.1691029966526752,0.1691029966526752,False,,7.8340263,7.2228394,4.9729548,4.609639,20.06091,9.78212,17.614672,6.463614,5.6941843,15.275917,31.899803,13.721307625757543,8.874856991360623,8.874856991360623,8.874856991360623,11.737981739742766,13.110950484335959,15.65401892376164,15.65401892376164,10.157371566256472
GILGKVLGLGSKVGKLALCKIT,17,8,9,1.0264933375686434,1099,Rank,0.1313005170421338,0.1313005170421338,False,,14.253976,14.265621,4.006101,6.428123,15.528924,35.182552,20.361677,5.030109,3.1736848,12.356581,40.644295,8.915701024496393,8.318289882560148,8.318289882560148,8.318289882560148,15.768378875633973,12.10272372616333,8.51960237274374,8.51960237274374,10.20342900805938
GIIKKLLGKVLKAAKKA,17,8,9,1.0323273599059128,1100,Rank,0.0875559547845491,0.0875559547845491,False,,4.455405,3.9062276,6.631644,5.3620706,33.831337,12.523508,10.069902,5.836055,22.010221,12.272297,45.348785,13.410485647783506,7.620310551425538,7.620310551425538,7.620310551425538,14.605248101258788,13.791446330051746,15.116735774891858,15.116735774891858,8.594996528342126
GILGKILRAGLNAGKNLLG,17,8,9,1.0333678524257464,1101,Rank,0.1412154724111365,0.1412154724111365,False,,3.1603928,4.353416,8.9984865,8.793811,10.929753,17.75264,19.444073,8.596617,5.7706122,12.6557255,75.19269,10.370342143803542,10.356366467508547,10.356366467508547,10.356366467508547,12.023586096748284,10.93809926123715,13.672691216242447,13.672691216242447,8.465787818596878
GFLHKILHGTVHHGKKLHRKKS,17,8,9,1.0461270828573612,1102,Rank,0.1547124887094203,0.1547124887094203,False,,5.5065193,11.261136,3.306608,4.712658,12.241523,23.335478,21.628963,2.2503157,14.667532,13.831355,43.838192,10.232272452498654,11.90338827269592,11.90338827269592,11.90338827269592,14.813506526157811,13.080934759361845,12.767936250424397,12.767936250424397,12.844168592136796
IGRKLSKWFQKLLQLLNNN,17,8,9,1.053513372821064,1103,Rank,0.1301623269884703,0.1301623269884703,False,,10.043849,8.613018,4.962928,15.42602,22.256344,7.7593064,14.841427,5.6123343,15.432266,19.642992,20.265772,10.234612326850185,9.762286391359568,9.762286391359568,9.762286391359568,12.884288873939372,12.36358360815817,10.791857305269321,10.791857305269321,11.371046563263233
GILSSLWKSLAKKLAKTGVA,17,8,9,1.0800725499715345,1104,Rank,0.1322880276685617,0.1322880276685617,False,,4.915678,7.0249505,13.654134,13.411811,32.68406,29.963797,12.369269,5.05916,12.40399,9.762187,44.840206,9.99317303185319,8.503152601992964,8.503152601992964,8.503152601992964,15.95616589882192,13.249555952483046,12.688982957340626,12.688982957340626,9.076417649122035
GLLSTLWKGAKKILPALKKK,16,11,5,0.8447193562878607,1105,Rank,0.0973748156978906,0.0973748156978906,False,,1.2615148,1.4546512,6.8129325,6.630444,3.851502,5.2541447,4.949311,4.669815,7.67946,2.2647455,8.620337,15.03798709363069,9.512020896169233,9.512020896169233,9.512020896169233,18.389952496947387,20.022000735494316,16.829639559839794,16.829639559839794,9.994533663087973
GWLSKYRNLRNFWKKIAKNKGKHL,16,11,5,0.8631595926313438,1106,Rank,0.0562266716699431,0.0562266716699431,False,,2.2311907,2.0183094,1.7908739,2.0931785,3.308094,9.581295,8.820247,2.6479845,6.772015,2.5104795,15.521982,17.09004255105771,12.336629927313918,12.336629927313918,12.336629927313918,19.00626102520242,19.1835326686531,14.66250817330464,14.66250817330464,22.100474491536296
GFFHKLLGSLKNRIQRVYPAIRNY,16,11,5,0.893248593198462,1107,Rank,0.1488833118590935,0.1488833118590935,False,,1.7862009,2.0886083,2.4072752,4.693997,12.469439,5.7043185,8.591942,10.2881365,4.427556,5.688544,7.151675,16.930973187882994,8.845189251029076,8.845189251029076,8.845189251029076,22.289254150334923,15.094043236268167,17.910163922368785,17.910163922368785,12.138382110360496
GILGKLMSKGLKFGMKGLVK,16,11,5,1.003031789232233,1108,Rank,0.167260598201477,0.167260598201477,False,,8.167508,7.634886,9.086656,13.505819,12.6561775,7.5137844,8.52847,5.6941876,5.769402,11.4291115,5.5025,19.71703139417142,8.974107077958644,8.974107077958644,8.974107077958644,16.151096219478816,14.321313507796486,22.414101077015548,22.414101077015548,5.415123490631473
GIWSSIKNVGKAALRGVVKHI,16,10,6,0.8257828614538919,1109,Rank,0.1708275081690664,0.1708275081690664,False,,2.8035305,2.893602,2.0698488,2.4880254,3.10523,2.9115388,9.645764,10.569769,4.042813,3.5191836,24.422024,16.486461106034866,6.0318390983076,6.0318390983076,6.0318390983076,18.637729915179474,16.51305091989079,15.949829585891035,15.949829585891035,8.649378385465349
GILSKILKLGKKIVSAINK,16,10,6,0.8534439444086377,1110,Rank,0.1245581315418947,0.1245581315418947,False,,1.4466956,1.4324099,4.8154926,3.189685,5.458665,3.8990626,6.3261456,5.1310697,3.5427976,2.3377805,27.418028,17.613863084029383,11.793727829861455,11.793727829861455,11.793727829861455,18.584213129189486,17.428783898806092,15.357972822655073,15.357972822655073,10.631117132790468
GKLSSLFKKLKKLIAKL,16,10,6,0.8649231511909349,1111,Rank,0.1578655491206631,0.1578655491206631,False,,1.429422,1.4083089,5.9584184,6.0459347,7.619616,3.5066743,6.255859,2.7939513,7.859568,8.628242,21.94427,9.363167474689574,16.973862273737897,16.973862273737897,16.973862273737897,11.821828253140728,9.476390883730506,9.863153972019495,9.863153972019495,7.905143545530508
RFWPKWMKKIRNNYKKL,16,10,6,0.8806388766695147,1112,Rank,0.1732331903193241,0.1732331903193241,False,,9.607232,12.225469,5.1078706,5.2746577,3.8838034,1.9650761,2.115358,2.3966634,8.956425,1.895269,21.432476,19.777854399337084,8.366099427870783,8.366099427870783,8.366099427870783,18.726280309998725,19.636528555912662,15.413977798617765,15.413977798617765,9.0966227879563
GILSAIRRGIKNFLKN,16,10,6,0.8950315164536791,1113,Rank,0.1397001686945433,0.1397001686945433,False,,1.5466969,1.5698485,4.2351894,4.7277455,5.5278063,6.2013397,11.824711,5.35911,2.6954064,2.372104,25.443338,14.597027981511749,15.26635966492943,15.26635966492943,15.26635966492943,19.938298830539676,14.497516971659051,18.34119948290365,18.34119948290365,9.168086954886938
GFFDIIKKLGKLIPSLVNGKK,16,10,6,0.9015787653242409,1114,Rank,0.1735486623983847,0.1735486623983847,False,,3.0080924,2.3824456,6.075516,8.038882,2.501089,6.6954703,8.358328,6.365058,4.0206275,2.3870468,21.588018,14.626671793056312,12.102149021528543,12.102149021528543,12.102149021528543,17.4323148622741,12.855247244986382,16.88080025815251,16.88080025815251,10.053751752757695
GIPLKGLFKNLLKNAGKAALKGAGKAALDEL,16,10,6,0.9139131499083906,1115,Rank,0.1259607370091918,0.1259607370091918,False,,3.3354871,4.3157697,4.480877,3.177422,4.844353,5.745406,9.985772,6.790389,2.070895,6.017267,46.6674,18.14608177210819,9.757823122671011,9.757823122671011,9.757823122671011,13.392934910393935,10.00337953708696,17.081703920817482,17.081703920817482,12.801980310763964
LKKLFRKLWKSLINR,16,10,6,0.944430748477382,1116,Rank,0.143027984033792,0.143027984033792,False,,13.491554,15.097117,3.7391832,3.3042235,5.210235,2.664205,5.368526,2.1885152,11.8230715,3.4980743,19.160662,19.516933912315547,9.228308483969343,9.228308483969343,9.228308483969343,25.06262252334204,14.53959259219751,13.827073194075698,13.827073194075698,22.263639877859028
GLLSKIIGGIKKIGQRIKQ,16,10,6,0.9569334486526898,1117,Rank,0.1312542339673768,0.1312542339673768,False,,1.6971556,2.644122,4.650634,2.924895,15.164167,13.879046,13.202176,9.070518,4.5168505,7.4033265,30.623463,16.871480022849234,7.373531549580214,7.373531549580214,7.373531549580214,14.405048939443763,13.976471520750453,20.80060728060176,20.80060728060176,14.826088476065248
GFLSSIPRLAGKALPKLICKITKKC,16,10,6,0.9605371878663675,1118,Rank,0.1201288620423994,0.1201288620423994,False,,9.159885,10.641096,5.293429,4.275482,6.935713,20.309475,12.25782,2.8520384,5.8814564,3.45904,9.996445,10.607765673921309,11.137995823549472,11.137995823549472,11.137995823549472,16.160794772352315,13.218997941816346,17.453256968852138,17.453256968852138,7.709770484573387
GIFFKIPKTIIPFLKTAKTALNAAQQRSE,16,10,6,1.0745488623680122,1119,Rank,0.1422824736995909,0.1422824736995909,False,,7.227239,7.6280518,3.929081,5.5769506,7.848232,10.634523,11.569908,15.005038,8.781059,9.899682,31.145716,14.659308881898165,13.03678784395944,13.03678784395944,13.03678784395944,19.152910883419626,21.665404022837453,15.363795673671062,15.363795673671062,20.54263568406725
HFLSKVLQAVKKVGKAALKAVTKLINPQEQ,16,9,7,0.8304698324560432,1120,Rank,0.1145240439535625,0.1145240439535625,False,,1.4858978,1.4908683,1.6040852,1.183592,2.1243248,1.4011192,3.9875462,5.19719,13.782451,18.126076,43.37401,11.105867612036933,12.59302199695139,12.59302199695139,12.59302199695139,19.285864025605118,17.63409875546766,12.325930551935746,12.325930551935746,12.628003426075603
GWLSKTLKNLGKVALKAAINAVNQEPQPEK,16,9,7,0.8446600918571757,1121,Rank,0.1748182299691833,0.1748182299691833,False,,2.2343624,1.8747635,1.3309044,2.0063972,2.2912428,17.621113,15.222929,5.456011,8.217884,15.739371,33.97544,8.492926384466392,5.1660287566908245,5.1660287566908245,5.1660287566908245,12.670519125911614,16.143082789281642,10.863039931413702,10.863039931413702,16.785571320665422
GKLSKILPRIKKFLRK,16,9,7,0.8702245352567104,1122,Rank,0.1288363065193135,0.1288363065193135,False,,2.6083827,2.3570132,8.351382,3.2341917,18.505922,3.007051,4.831076,7.1103187,8.164195,3.9596467,24.647034,10.946307881966229,7.455723781854932,7.455723781854932,7.455723781854932,19.03305886143158,16.43438872908167,10.465494991853484,10.465494991853484,6.4564758666353566
GWLSKFKKLVGVAAKRAVSTLIGPMQQEQ,16,9,7,0.9015768044902744,1123,Rank,0.10706852551671,0.10706852551671,False,,2.9164526,2.4392426,2.9970431,4.2061524,39.184204,13.88142,10.640775,2.2052853,3.3737185,7.9032516,19.93763,10.931429976362656,6.517332332254936,6.517332332254936,6.517332332254936,14.21136171735139,17.10137985722884,11.752057219587543,11.752057219587543,17.397858766296412
GFFDKIIRKVAKTQYQLIRR,16,9,7,0.9080977765948127,1124,Rank,0.1745847391211944,0.1745847391211944,False,,1.4822817,1.1623389,4.037449,3.1564574,17.112028,9.26072,12.559616,10.230857,2.380446,3.8549895,41.942375,15.74116467836401,8.830745269961817,8.830745269961817,8.830745269961817,20.11613406479431,21.84128677360333,14.852988528654354,14.852988528654354,8.030387805810845
GKVLKSYRKKIKGFLKNLG,16,9,7,0.9396161299618502,1125,Rank,0.1702183564900908,0.1702183564900908,False,,1.250361,1.1872853,3.9444292,5.0990944,3.3978415,8.720803,9.203602,24.371744,11.484693,8.199672,26.87905,13.822876133318795,10.682509586018789,10.682509586018789,10.682509586018789,18.601774554226928,11.37014144164257,11.997353880960064,11.997353880960064,24.055347689029357
GLFSKIARKVLEQIKIWKQ,16,9,7,0.9446040581650668,1126,Rank,0.1306753842117847,0.1306753842117847,False,,1.7351559,2.6923227,5.183982,7.7142944,19.295824,15.787383,15.079624,3.1370609,4.055214,4.9428706,30.065338,12.739041491545006,8.099509324282971,8.099509324282971,8.099509324282971,19.296655742618256,35.906920937287346,12.136203270255022,12.136203270255022,6.959387521792751
GFLSKIFGFGKKIHQHLSRIK,16,9,7,0.9525037606803408,1127,Rank,0.094637265222358,0.094637265222358,False,,1.7419128,2.564843,7.2076597,15.870591,3.4423072,17.294367,13.601253,11.194073,4.4341674,3.1771727,22.600496,15.69194164384614,8.714194921499509,8.714194921499509,8.714194921499509,14.487810445855798,14.582646897896318,18.64815895827264,18.64815895827264,9.973300426412344
GLLGRILGRVLKF,16,9,7,0.9526469619843375,1128,Rank,0.1620164975293555,0.1620164975293555,False,,16.23615,8.705733,8.210554,5.041772,4.2185144,13.617188,19.579687,6.589783,1.8987528,2.620001,15.355406,15.610667840979085,11.350147287293359,11.350147287293359,11.350147287293359,12.497694121837576,12.507203615215797,18.952008560099728,18.952008560099728,2.6608078452593427
GIVTSLLKKAGKLLGKVLG,16,9,7,0.9613173720751951,1129,Rank,0.1479877447399181,0.1479877447399181,False,,1.6540006,1.6435602,4.339064,5.090218,13.825692,13.103946,16.721571,6.392416,10.751422,9.371638,59.79946,16.143800644617716,7.197462375653308,7.197462375653308,7.197462375653308,21.518722329096633,11.726839074044346,14.467463774771124,14.467463774771124,7.560624722242582
GILGKLLRKVLKTGVKNVG,16,9,7,0.9835857512753847,1130,Rank,0.1362874664603368,0.1362874664603368,False,,2.9710407,2.7513506,10.176533,6.9546347,35.774708,4.7420063,15.353159,7.7413383,6.076855,8.878422,74.31775,13.216059202499144,7.092415922536975,7.092415922536975,7.092415922536975,10.139818980927897,9.016739333695257,16.283151635135052,16.283151635135052,8.783869789365346
GILGKLLKGLKSVAKHVGPVVPQLIPRRT,16,9,7,0.9921854934207088,1131,Rank,0.155275357313639,0.155275357313639,False,,4.505693,3.359777,4.878643,2.176447,8.12814,10.482852,16.459328,6.7361226,10.606296,6.78169,62.759956,11.738858143709537,8.99702279231417,8.99702279231417,8.99702279231417,19.412960852300863,19.512584355470036,15.311385334382654,15.311385334382654,13.407747235182551
GGLKSLLGKGLKALGKLIPK,16,9,7,0.9989619066239032,1132,Rank,0.1435694752537059,0.1435694752537059,False,,4.2239065,4.709006,4.008759,2.1775799,15.573142,12.208192,16.112648,7.1686535,13.255053,10.806003,35.915676,14.954418173925708,7.435478510029742,7.435478510029742,7.435478510029742,17.845476300556033,18.951925326234818,15.832345703723082,15.832345703723082,9.325660351686185
GIKGKLKSIGKVALGLIPKLI,16,9,7,1.022918242743075,1133,Rank,0.1318781215132033,0.1318781215132033,False,,5.038733,5.1674023,5.5601416,3.0046446,14.258292,4.2865057,15.330061,7.9753137,12.89141,17.51383,50.768147,14.754324295118455,10.285338624386823,10.285338624386823,10.285338624386823,28.60929044468086,17.084583055275377,13.337216698037263,13.337216698037263,5.5250962680296105
GPFKSIPGKIKRFVKRAL,16,9,7,1.032399545841569,1134,Rank,0.1273178895914138,0.1273178895914138,False,,7.646595,7.411979,7.196516,3.971507,2.7042947,5.9328523,10.600673,31.901325,5.6960187,13.926771,50.97877,11.155815564615766,11.77859043727499,11.77859043727499,11.77859043727499,19.87844467735357,23.78734613253808,12.578398483233743,12.578398483233743,9.17233082984907
GFLSKIFGLGKKFLPSLVSASKKG,16,9,7,1.0520909721490486,1135,Rank,0.1119900974974762,0.1119900974974762,False,,2.3117316,2.7471077,15.939448,29.387896,6.485257,5.5638437,8.738,9.484888,12.723546,14.606591,22.999582,14.238858210371902,10.97956264702669,10.97956264702669,10.97956264702669,24.60254332463008,13.75684392974621,15.549918425908738,15.549918425908738,18.77395942100295
GIGKKIKRVAKKIWQRI,16,9,7,1.0565400168485766,1136,Rank,0.1697980729637107,0.1697980729637107,False,,6.313999,11.315345,4.7388315,4.4839873,41.424686,9.082543,8.042778,10.858324,4.515281,4.962297,25.267138,15.681383762029554,12.347450434764156,12.347450434764156,12.347450434764156,21.890100238567925,14.541943461193144,14.375870074058978,14.375870074058978,24.642141808860764
GIRDTFKKLGKSIRKGPVPAFALGLAEKLNGLNSF,16,9,7,1.0607933619401289,1137,Rank,0.1638126129057967,0.1638126129057967,False,,4.7013173,5.9250546,8.903003,13.644371,6.0159187,11.023337,8.764761,32.0209,11.4801445,19.833261,13.617147,12.458887088483934,11.568822706067001,11.568822706067001,11.568822706067001,16.365455722669786,20.075039668609865,12.790635089849362,12.790635089849362,8.119578794459322
GRLCKRITRIGQKLWGINGRKKTK,16,9,7,1.0997402626348154,1138,Rank,0.1539304500292226,0.1539304500292226,False,,9.760595,12.3727665,10.4222765,6.9693418,31.28088,14.497071,15.177038,7.780227,8.195075,7.694853,37.251343,14.295619650663317,10.016271238361352,10.016271238361352,10.016271238361352,21.687805775200466,20.541096366138675,14.650539563350602,14.650539563350602,6.519380989912389
GVLGKILSSGLGLGKLLGQKIRQK,16,9,7,1.1092705531372495,1139,Rank,0.1153467619281653,0.1153467619281653,False,,10.28201,8.753997,7.398911,14.137698,10.080345,10.898758,16.391922,11.463091,7.78772,14.113276,24.443289,12.554242878229175,11.293992750085998,11.293992750085998,11.293992750085998,27.905346095556588,26.145454017461827,15.343507474862905,15.343507474862905,9.447836725706493
GNWRKILGHLVKRLK,16,8,8,0.8069033993021911,1140,Rank,0.0949126806492747,0.0949126806492747,False,,4.208803,4.7716436,3.784976,5.4872365,8.069661,26.618366,25.246243,2.153917,13.626297,3.4262009,33.05431,6.135788867216615,2.3061210898285394,2.3061210898285394,2.3061210898285394,10.61856783040304,17.722764261063237,6.285346638315637,6.285346638315637,3.267162727253265
GFWGSLKKVGKKLFKHVASHI,16,8,8,0.8298524270656669,1141,Rank,0.0879490495988523,0.0879490495988523,False,,2.7286756,2.4188042,3.12342,2.1887496,24.154438,11.631176,16.868784,4.1487556,2.6493857,2.7841086,16.23542,9.773590315965833,5.717847218831215,5.717847218831215,5.717847218831215,19.909838428452424,11.78285566796749,10.505659962304248,10.505659962304248,7.8674798276119935
GKWWKKLKIWRKLKK,16,8,8,0.8303100187268424,1142,Rank,0.0905809584373837,0.0905809584373837,False,,32.708057,21.003572,4.9159284,7.3180423,9.859169,3.6516225,3.4170117,3.2410202,2.6540527,3.7385495,24.072819,6.431237302859558,3.835066488606306,3.835066488606306,3.835066488606306,23.00034711167495,7.078708182671252,6.036229894568459,6.036229894568459,7.973055712425652
GKWKSLLQHIRAAFKKWGK,16,8,8,0.867145909128935,1143,Rank,0.044179789198236,0.044179789198236,False,,3.6574361,3.4865801,2.299415,8.217974,39.423645,35.559376,17.419008,3.8414204,4.214554,5.069803,9.65421,8.921733129079845,3.91140279663589,3.91140279663589,3.91140279663589,16.031029714412742,11.089336020434667,8.258013733909914,8.258013733909914,7.298086544867667
GMWSKILGKLKSIL,16,8,8,0.8676504991603666,1144,Rank,0.1512759185218639,0.1512759185218639,False,,3.4620526,2.568587,7.330338,23.876968,21.22973,13.454761,15.71681,4.381764,2.6967902,2.6563687,25.67971,10.810526735350363,3.3596708775412147,3.3596708775412147,3.3596708775412147,12.710651722530981,24.42941728518274,8.908430714028645,8.908430714028645,3.9618584973105735
GILGRILKALKKL,16,8,8,0.873438635442034,1145,Rank,0.1636619334785611,0.1636619334785611,False,,2.1705859,1.9515777,4.08361,2.696756,22.412348,11.647157,16.308723,6.2142835,3.8462603,3.330367,19.112236,16.728609360650832,7.132337848508981,7.132337848508981,7.132337848508981,12.848361202585776,12.916171825469105,15.324003178448185,15.324003178448185,4.117957308837665
AKLLSKLKAILKALK,16,8,8,0.8924824601710691,1146,Rank,0.0902389202885075,0.0902389202885075,False,,1.523103,1.220005,4.353238,8.501923,10.1881485,4.024328,4.309485,2.5421557,21.879433,21.77786,29.304518,9.890375794409055,7.895142394634457,7.895142394634457,7.895142394634457,20.07669836399849,14.244229388876613,12.161557292890151,12.161557292890151,7.965707860523149
GLRSSFKKFFKKGVKVIPHLI,16,8,8,0.89441511446681,1147,Rank,0.1148102518463418,0.1148102518463418,False,,10.534146,19.649904,2.2471957,2.8892505,2.7797859,6.883179,7.5601435,23.130617,3.026292,5.215674,24.331585,9.169863807047715,5.526854265142378,5.526854265142378,5.526854265142378,18.31106277561626,12.200225151837795,11.726761820828846,11.726761820828846,9.413963839635569
GINWKAIVSALKKLF,16,8,8,0.9038643024614588,1148,Rank,0.0891065415626162,0.0891065415626162,False,,2.540235,1.9271206,10.958703,19.90137,15.984072,25.53886,14.399241,12.413591,6.4626427,3.6847122,25.066874,10.149228027144787,3.609152503264948,3.609152503264948,3.609152503264948,6.108102479092641,22.447860282234487,7.870715485008519,7.870715485008519,6.339614777580431
GMWGVYTNKGKRIFQKIKNFFPKGLPPELALAKN,16,8,8,0.9198740199454122,1149,Rank,0.0944681140747037,0.0944681140747037,False,,4.761973,5.471082,4.0342116,7.198147,5.861817,14.518834,16.53704,18.233316,12.010883,19.239376,12.229556,7.423966206469965,4.969406911903052,4.969406911903052,4.969406911903052,11.967328367178126,19.12057443542493,6.570639516126287,6.570639516126287,5.0572414480029755
LNRLRKIVAHIRKW,16,8,8,0.9299784456809193,1150,Rank,0.1719889435338186,0.1719889435338186,False,,2.5759716,2.1616726,3.84667,5.043607,18.75953,6.6792064,9.110664,4.319351,19.886106,4.1784515,39.696133,9.45306114089378,8.08050746520161,8.08050746520161,8.08050746520161,15.431461636048,13.85763321218717,10.148631871285781,10.148631871285781,20.60551908775839
GKWFKKRLLSLIR,16,8,8,0.9362151191960756,1151,Rank,0.07079006661442,0.07079006661442,False,,21.235302,18.204962,5.0061564,3.1996684,8.310641,15.588158,15.100205,3.514821,13.313767,5.5212135,30.469906,5.497647828635804,6.374014986046193,6.374014986046193,6.374014986046193,18.45562083878015,10.026374735891837,5.92315321952228,5.92315321952228,6.013510514280123
GIWSKIKSMGKVAGKAALNAVNPLVNPQSQ,16,8,8,0.9396490487788863,1152,Rank,0.1711707916024653,0.1711707916024653,False,,2.5078623,3.9268975,1.9132316,2.9740667,3.9794445,8.305597,9.240035,23.018986,7.6428986,18.297737,24.898455,11.304407627261856,8.528741615006663,8.528741615006663,8.528741615006663,15.350188577707337,25.454828925105122,11.71236942056081,11.71236942056081,12.04071719713263
GGLSSLWKKIKAHIKKIAA,16,8,8,0.943678492650351,1153,Rank,0.1620934976223367,0.1620934976223367,False,,6.562312,3.5408974,4.032009,3.7832186,29.049982,23.026701,10.992331,3.3833966,10.799376,4.2742352,18.668556,8.928803519142656,7.8980512241170695,7.8980512241170695,7.8980512241170695,17.85189925391039,14.662814054076827,10.474398304912329,10.474398304912329,7.786021155560951
GLLDKFKRIPIHVIRAAKHF,16,8,8,0.9492218012615382,1154,Rank,0.0534673287152648,0.0534673287152648,False,,4.154731,2.2762575,3.737693,3.7049713,10.754182,15.519524,22.147625,1.8258922,4.599746,18.954203,44.988247,10.406867780810549,10.686471772912075,10.686471772912075,10.686471772912075,11.666902443897804,25.981067829063747,10.197062125164512,10.197062125164512,6.951859366214698
RKIWSSLLKWWKK,16,8,8,0.965249938487285,1155,Rank,0.1319368574331863,0.1319368574331863,False,,29.823704,23.334608,3.3253338,5.73628,15.595344,13.397425,10.792456,4.613945,13.679628,2.1902096,19.640512,9.437404327258248,6.4837655411725,6.4837655411725,6.4837655411725,17.2436708549813,12.209974152143547,10.597530093812328,10.597530093812328,4.082827953939165
GIPLKCFVRRIHGSIYRCLKRKIKPS,16,8,8,0.968198357565834,1156,Rank,0.1743883992614632,0.1743883992614632,False,,7.6366014,7.4920025,2.8224683,2.767837,19.140392,20.99635,27.081629,1.0615994,13.9844,8.286246,10.260932,10.540387884441346,11.161711769848662,11.161711769848662,11.161711769848662,18.8898879393855,15.085825450871852,11.428330788946443,11.428330788946443,6.901888187946417
WRLISRVLGKITKR,16,8,8,0.985820705914439,1157,Rank,0.1658872569204612,0.1658872569204612,False,,3.4214704,3.379716,17.318441,7.971151,22.32733,5.809912,10.1350355,12.865752,7.9216833,3.1301627,68.51444,11.113964181868162,6.359490630522572,6.359490630522572,6.359490630522572,21.310352398676912,14.662198274292919,13.112249722248322,13.112249722248322,7.388866806705299
GWLSSLLKHGLKKIVKN,16,8,8,0.9875132396352626,1158,Rank,0.1136670806545879,0.1136670806545879,False,,9.563701,7.436603,6.380152,8.567077,13.97002,19.212473,19.903172,3.0641935,4.637086,12.810835,16.608147,15.058243308336207,5.553084141886832,5.553084141886832,5.553084141886832,21.345905847087476,13.301676270235248,13.63946122352121,13.63946122352121,6.58029751975227
GAWLKTGEKMLAKYKGRFGRHLLRKGVS,16,8,8,0.9875827043272185,1159,Rank,0.1380551478401785,0.1380551478401785,False,,11.535318,19.419788,15.661411,11.413381,6.506714,15.784644,10.446625,19.763853,8.303666,10.473755,19.386969,7.115288617953673,4.101869093754813,4.101869093754813,4.101869093754813,14.695374472443925,18.222384912492487,8.501474602609214,8.501474602609214,4.148548762726902
GIIRLLHHGSRHKNHRGRKPFSKHR,16,8,8,1.0123439546720292,1160,Rank,0.1575845299133946,0.1575845299133946,False,,5.8650107,5.2186837,5.001483,4.756323,5.0027304,46.90434,34.432625,3.3789186,13.179,8.265363,27.950768,15.425824849673784,7.6651877290019454,7.6651877290019454,7.6651877290019454,13.45084257277633,19.975576408876393,14.983681376381657,14.983681376381657,6.960980876876707
GIGSALLSSGKSVLKGLVKVF,16,8,8,1.0265725304782753,1161,Rank,0.1759250803623611,0.1759250803623611,False,,8.467854,5.9081397,4.77342,12.451694,9.235487,15.693945,16.801565,19.149324,4.156189,9.367281,79.37434,10.87724850313057,7.950936437168609,7.950936437168609,7.950936437168609,8.968470358759445,17.56845023555894,10.260144081618611,10.260144081618611,8.748865736081875
GPFKLFGHHIRGLFRGKLKL,16,8,8,1.035819405290415,1162,Rank,0.0961799651984485,0.0961799651984485,False,,6.7564683,6.2291703,11.3317585,10.134727,8.059522,22.420107,18.13997,4.414171,11.235158,3.3277688,16.59111,13.551045071321907,12.648956969666235,12.648956969666235,12.648956969666235,13.48139624845111,20.814703221523466,13.053710628526384,13.053710628526384,9.149099188459113
GLPVVRRIVQRYLSKLGLDRKKGKK,16,8,8,1.0359139197066394,1163,Rank,0.1620943278120185,0.1620943278120185,False,,11.306267,9.337961,8.73242,10.991869,41.444954,8.909375,10.374666,21.359194,8.547719,11.331896,30.931452,6.938945143871996,7.225049438644808,7.225049438644808,7.225049438644808,10.88810989427847,18.988150949293864,7.639924478569035,7.639924478569035,6.6625534193289
GLLGKILRGILKHGGKI,16,8,8,1.0416886088942052,1164,Rank,0.1723189439323096,0.1723189439323096,False,,13.192123,14.830606,4.211726,3.898757,22.254957,6.3515086,22.004961,4.122719,15.631528,7.8593693,26.406399,13.572237422177915,9.501874936816067,9.501874936816067,9.501874936816067,19.074983561670493,15.871802622802301,14.798189122109529,14.798189122109529,6.610267581118708
GLGKVWKLFKKIGS,16,8,8,1.0464542874715996,1165,Rank,0.1675430702406886,0.1675430702406886,False,,12.300933,11.81093,8.5983305,8.330524,9.73697,25.966103,14.806791,6.4488516,16.245111,9.877287,17.06791,9.313240818614206,8.207878948050185,8.207878948050185,8.207878948050185,21.94601549103968,10.18159267489892,9.601959861230418,9.601959861230418,11.635301981775468
GMWSKILPGIKSLFK,16,8,8,1.050708786992287,1166,Rank,0.1550236022926518,0.1550236022926518,False,,4.884014,5.2639675,11.318088,23.950735,10.25598,27.813154,20.221058,9.497035,9.438913,8.29537,15.985397,14.920775931946375,7.154628333714365,7.154628333714365,7.154628333714365,14.449073083966256,29.718466443139544,8.153300362082112,8.153300362082112,13.861407071030346
GWLKKVGKKIEGIGKRVFNAAQVGPAVLGVQ,16,7,9,0.620209266158162,1167,Rank,0.1427957384703257,0.1427957384703257,False,,11.831616,12.237629,1.2393072,1.2892896,35.94162,10.257221,22.497128,41.21785,12.104292,8.987613,22.770554,1.7384354035660017,0.9537878602301566,0.9537878602301566,0.9537878602301566,1.6755235580536867,3.261849912703013,1.0101067587274164,1.0101067587274164,1.5390560231459687
AKWLLKRLKKILK,16,7,9,0.7016612472500502,1168,Rank,0.1212340520562138,0.1212340520562138,False,,16.327868,19.587912,2.6918182,5.7294607,17.747684,3.0694394,4.7014947,2.6595948,6.6330943,4.934232,27.049297,3.1570023814405785,2.4486140491096915,2.4486140491096915,2.4486140491096915,6.363033467025588,6.915661637806953,2.752837042128896,2.752837042128896,2.3480593045704827
GILGKVLKKLLRGAAKIGPHVIGGVN,16,7,9,0.7180672255068966,1169,Rank,0.1411085854896126,0.1411085854896126,False,,6.862647,7.090461,1.9384897,1.5595757,22.444736,9.324678,27.548264,7.296675,16.7817,10.84119,65.85992,2.969867500710008,1.5910561372193048,1.5910561372193048,1.5910561372193048,4.322977320130547,3.853989251420128,2.2333943154655107,2.2333943154655107,3.1173737076639108
GVLGKISKAGRKVFKAGKKILPSAAGATTLK,16,7,9,0.7389754360010067,1170,Rank,0.1760452503187928,0.1760452503187928,False,,6.100082,6.552198,1.5774037,1.1309143,16.829777,5.32417,3.6176689,14.635138,16.549343,19.777908,17.735231,3.5738002020528983,3.232234695210918,3.232234695210918,3.232234695210918,6.347488657287624,6.511460101989492,3.4507429326455483,3.4507429326455483,5.160777660140601
GYGEKFFRRIRIGLKFFRPRIRQMRN,16,7,9,0.7444778294282839,1171,Rank,0.1275173426624515,0.1275173426624515,False,,9.091332,7.3723454,5.1728597,3.3241525,3.9849207,18.421448,20.349407,17.760502,10.638856,10.873747,18.193262,3.0191116267707603,2.8681229349478383,2.8681229349478383,2.8681229349478383,2.866265383364257,5.361610410540807,2.0873951258659016,2.0873951258659016,2.526289607262605
GLWLKIKKIGKEAGKAAGKAALGAVTNA,16,7,9,0.7446663206780963,1172,Rank,0.1732651526220711,0.1732651526220711,False,,5.766576,7.546247,2.5556192,2.9543316,41.219513,18.819115,16.52812,6.959719,10.939192,14.638424,76.047615,3.454811628177141,1.814955628909196,1.814955628909196,1.814955628909196,1.96077992177762,3.3085690840467623,2.8108956981188853,2.8108956981188853,2.069467888491755
GIMGKLLSKLLHVAKKALPTLINAGQQGQ,16,7,9,0.7531302725113915,1173,Rank,0.14396298516285,0.14396298516285,False,,3.256839,3.4262412,2.019705,2.0746727,5.14784,19.968306,27.270548,2.9355588,11.4486475,30.869314,38.264137,4.252305314786743,3.2632854643921774,3.2632854643921774,3.2632854643921774,6.4499183847859545,4.509688576995275,3.649129042387316,3.649129042387316,3.8784735695099926
GEREKLGKKLEKLGKRVQNRFRNAFQNLLQSY,16,7,9,0.7681376276954144,1174,Rank,0.1681601087216407,0.1681601087216407,False,,12.20051,10.1900835,3.6233351,3.7738001,7.2580986,8.182531,4.581731,19.063206,16.430325,27.669313,17.840775,3.010665395609276,2.1489474703050115,2.1489474703050115,2.1489474703050115,5.225310605423169,4.683828774732121,2.874745997677131,2.874745997677131,5.334124880576665
GKWKKILKGLKKIL,16,7,9,0.7751844922659535,1175,Rank,0.0673962511954731,0.0673962511954731,False,,16.05447,13.186715,10.032343,12.550505,24.262432,15.616895,15.537136,5.4037104,23.157509,9.173901,25.009274,2.995837848077147,1.252401304194671,1.252401304194671,1.252401304194671,3.19791706168364,3.3313577538526666,1.8220681860818673,1.8220681860818673,3.4008551687392274
GKWKKILGKIKQALK,16,7,9,0.7842997486434069,1176,Rank,0.1095723775968333,0.1095723775968333,False,,3.7352917,4.8812084,3.376753,2.7023945,40.3461,20.654263,14.070054,13.576869,20.140697,5.0554705,24.629442,3.1005796262164766,2.05633769699632,2.05633769699632,2.05633769699632,9.455170921327603,7.767927463077682,2.9404996454455268,2.9404996454455268,4.267315261082158
GKWKKLLKHLLK,16,7,9,0.796957265904658,1177,Rank,0.1629903100260347,0.1629903100260347,False,,28.028057,28.588669,3.0112019,6.4467463,14.517209,6.060594,9.01638,2.76102,20.867586,5.9359674,64.740944,4.126150212432222,1.796064022974006,1.796064022974006,1.796064022974006,7.415917183358316,5.791471077043973,3.9525583519409575,3.9525583519409575,1.983418104038029
GKWGALPKIAQRIKKIAEQFRNKVQVERLSSAIRR,16,7,9,0.7992788248525537,1178,Rank,0.1088459616253121,0.1088459616253121,False,,2.3398113,1.8459147,2.0615196,2.5804725,32.299553,3.9737577,6.2805257,20.372904,8.739917,18.402344,33.37892,5.558276685206218,3.6759097287469324,3.6759097287469324,3.6759097287469324,7.9924388863022635,8.33811410228255,5.786576875751859,5.786576875751859,7.751262915468647
GIPIKKFKEFFKKGKKVLKDTVKKAGPA,16,7,9,0.8038512979469135,1179,Rank,0.1456011569523404,0.1456011569523404,False,,4.2739043,3.9982202,2.1235805,1.3464514,3.6710618,9.4146805,9.70349,19.836576,31.407154,37.43123,25.290237,3.847007758122438,4.1487765156209795,4.1487765156209795,4.1487765156209795,8.938229608970072,5.5677302546495735,4.731680910697013,4.731680910697013,4.036674478221799
GVGRLVKLIRNVVRWQK,16,7,9,0.8181249238281911,1180,Rank,0.1128003626268529,0.1128003626268529,False,,4.5822663,5.0366993,8.670344,17.81389,19.292778,32.855503,35.38697,5.0343876,3.963601,3.9398677,11.237589,3.786052493968135,3.8800234049650286,3.8800234049650286,3.8800234049650286,3.5012812983071115,4.90406848202968,3.13045822432686,3.13045822432686,8.764967997409169
GGLRGLWEKIGRIAKKIR,16,7,9,0.8219763578210172,1181,Rank,0.1747067770044099,0.1747067770044099,False,,5.666516,6.0076556,9.391795,6.2875724,42.492752,12.647307,16.339642,33.330177,9.907551,7.86682,27.523964,2.764972223290031,2.3643316566729493,2.3643316566729493,2.3643316566729493,5.118470228242933,5.780666451406695,2.3469642021854566,2.3469642021854566,3.6598041615458916
GKIGAKKKVFSKLCRTTICGRIKTWIVCG,16,7,9,0.8237180464402589,1182,Rank,0.1530529395356251,0.1530529395356251,False,,20.161705,17.631601,5.7324896,3.4481785,25.480267,8.889205,12.736178,2.5596454,4.9172897,4.994735,19.983364,3.8959969694210113,4.450206465186239,4.450206465186239,4.450206465186239,6.480779848968429,5.624676032353373,4.103773466632816,4.103773466632816,5.553485037650588
DRRGLRLGSHFLHSGLRHKFKKFIKAIK,16,7,9,0.8284080291582715,1183,Rank,0.1147457045985867,0.1147457045985867,False,,2.450696,2.2328126,4.2276287,4.5659733,3.146346,20.178299,19.699768,4.0595775,22.341658,20.00291,7.948629,5.436529640332453,5.875845757004529,5.875845757004529,5.875845757004529,9.41481144111954,9.920564248921794,4.642038176517907,4.642038176517907,8.74896179549205
GVPFGRFKKFGKKILEAAKKVAKGVVPGL,16,7,9,0.8324536209450943,1184,Rank,0.174130417817863,0.174130417817863,False,,5.075119,4.9316063,1.2111666,1.9297514,6.491037,8.498064,12.677213,31.063402,31.611511,17.21081,27.546562,4.633548370428071,5.795457821983064,5.795457821983064,5.795457821983064,6.126499068649939,5.380797441236207,4.587044972540871,4.587044972540871,3.7411896946732517
KKKWGKRLLKHLLKH,16,7,9,0.8346452148347929,1185,Rank,0.1146278176637798,0.1146278176637798,False,,22.014252,23.13865,3.6993835,4.545373,13.570233,10.3588505,5.0988817,0.9993073,16.448849,3.8694053,45.17917,4.812001131485356,5.429042111126239,5.429042111126239,5.429042111126239,6.101637540677461,5.153457723937797,6.353778058819098,6.353778058819098,2.859354961026929
KLKEILKLLKKIWS,16,7,9,0.837234901513112,1186,Rank,0.1572472653551883,0.1572472653551883,False,,11.609018,16.614885,2.8824363,3.027272,16.046556,4.1631007,5.7320757,3.847862,21.47299,2.5558455,34.064537,6.0330859517129225,5.779035520578427,5.779035520578427,5.779035520578427,8.47750307110629,6.747017156597881,4.977722290936443,4.977722290936443,7.260851323887934
GLWLKIKKKVTSVGKAAGKAVGNAVTEA,16,7,9,0.842105308859406,1187,Rank,0.0883734840736411,0.0883734840736411,False,,4.3316245,4.8743725,2.1006422,2.148101,41.265884,7.24105,5.418587,15.51067,23.823357,17.40798,53.05009,5.675933009201481,3.3110274984299233,3.3110274984299233,3.3110274984299233,5.659507624378454,5.731919282595146,5.465957483868485,5.465957483868485,6.613726826231589
GMWSKLLKHLIR,16,7,9,0.8430067446163949,1188,Rank,0.1535108929188141,0.1535108929188141,False,,5.508435,5.929179,4.41363,6.0875754,46.50246,16.714752,17.742058,3.3169985,14.58344,12.052016,52.043274,4.9829485223785674,2.352347001514123,2.352347001514123,2.352347001514123,6.738638424680321,12.32645159714228,4.402506477475766,4.402506477475766,1.8899991169332906
GIIPELFSAVGRALKRIKKKYKNKVTGLS,16,7,9,0.8518344084921126,1189,Rank,0.1074724127968758,0.1074724127968758,False,,1.4096655,1.3496227,1.2436391,2.016789,41.462776,22.469461,22.196276,4.893651,11.487631,11.617514,30.40518,8.709395589320955,4.980976592341545,4.980976592341545,4.980976592341545,7.162594296450844,15.62987629187124,8.287099487095396,8.287099487095396,6.710996231374976
GWGNVKKIGRKIERIYRNIQDGFKVANSAKLKNME,16,7,9,0.8525532953033077,1190,Rank,0.1570073405371659,0.1570073405371659,False,,4.948069,6.8836684,2.0689328,2.7809844,7.7602158,6.788313,11.12003,41.445625,36.535107,24.880924,26.7486,5.4306860673805755,2.5523567925375117,2.5523567925375117,2.5523567925375117,6.578887010945692,10.819085067500394,4.879280701616508,4.879280701616508,6.353800731451994
GILGKILKGGKKIIGHILK,16,7,9,0.8531600585978623,1191,Rank,0.1198829183491844,0.1198829183491844,False,,4.4222,4.679417,3.9202516,6.9642224,21.065844,14.341061,19.373642,7.309487,16.074043,6.7927237,35.708813,7.846209082100498,2.645361833250717,2.645361833250717,2.645361833250717,8.567491825533756,6.729176532572257,6.919396556331922,6.919396556331922,3.0613604609687552
GNLKKLGKKLEGEGRKIIRFVRGIIRGGIGAI,16,7,9,0.8536193503908915,1192,Rank,0.1459421573641145,0.1459421573641145,False,,8.23132,7.4497485,7.431159,6.2987213,41.08985,15.653336,16.997238,25.408218,5.3828464,3.989864,32.61489,3.7943588189421047,2.3202614696402493,2.3202614696402493,2.3202614696402493,8.56898527682241,4.722196224258018,4.017278161116517,4.017278161116517,6.834401130647772
SLRFGRNGGQFFRKGFKKLKKLAIKSSPVPFG,16,7,9,0.8611851852805341,1193,Rank,0.1443494384596992,0.1443494384596992,False,,24.347452,22.64203,7.9487443,4.3618774,2.9587424,3.2781742,8.220636,39.47423,17.305069,12.433319,8.73146,5.126403190437194,4.416832855948408,4.416832855948408,4.416832855948408,7.271114691293877,6.943479734294655,4.2902069012629385,4.2902069012629385,3.608086694812477
GVLGRLLRGGIKAGKNLIK,16,7,9,0.8640233736386669,1194,Rank,0.165970275888635,0.165970275888635,False,,9.695908,7.7812757,3.0627139,2.7118309,24.795734,16.997238,16.997238,6.193038,1.7992305,3.7627418,26.779087,10.089735594728795,4.180255495627316,4.180255495627316,4.180255495627316,10.412834021643521,7.535532345314403,10.476149394902182,10.476149394902182,5.962937306055255
GWLSKFKKKAKSVGKAAGKAAGKAVL,16,7,9,0.8669644568575208,1195,Rank,0.1599441365363158,0.1599441365363158,False,,6.986979,7.195333,4.4764256,4.9431148,29.204927,11.292486,9.622993,5.393965,36.441063,26.983313,21.59442,5.495436011097709,2.730712191104112,2.730712191104112,2.730712191104112,6.582047982423323,5.587412577045074,4.861238792718037,4.861238792718037,5.554299112768584
GFLSKILRGGIKTGKKFVGGIK,16,7,9,0.8710486678832062,1196,Rank,0.1368092406753094,0.1368092406753094,False,,3.3863916,3.847485,12.9289875,17.336777,20.813595,4.9919276,8.856912,24.606266,6.086145,6.6601653,24.947075,7.81970740556404,3.3453282563463347,3.3453282563463347,3.3453282563463347,7.2694782826646565,6.907856535109381,7.195508744663754,7.195508744663754,5.179164958467735
GKLGKFLPKLVKSVKKRVRRVVSGFRVIPIGEV,16,7,9,0.8778574173879529,1197,Rank,0.0536076307714786,0.0536076307714786,False,,20.563244,22.559015,2.0262825,1.3626928,2.253048,1.5100898,3.6404366,26.38906,3.5864315,13.605106,17.010798,10.24468860263333,12.1965888600078,12.1965888600078,12.1965888600078,8.200298930188595,8.185256498976527,9.23043397786587,9.23043397786587,9.765145991776734
YLRKLWKIFKNLNGTIKNL,16,7,9,0.8783790633195239,1198,Rank,0.0775202068168535,0.0775202068168535,False,,13.133935,15.657173,7.259068,6.5840664,18.326498,33.897957,21.968122,2.481044,5.355514,2.3239212,23.09009,7.200458051079012,4.745563295011185,4.745563295011185,4.745563295011185,4.066071084062226,6.753554126442436,5.863196841815353,5.863196841815353,5.318260901753496
FIDLFRGRIERIGRKITRKAIK,16,7,9,0.8788472580598734,1199,Rank,0.164397273989161,0.164397273989161,False,,5.8890247,5.3444333,3.2831874,2.7487862,3.0520146,11.671643,22.425549,26.657907,20.503416,13.723601,38.103558,5.219192626978896,4.796581262342248,4.796581262342248,4.796581262342248,8.407038566431883,10.749113938807591,5.606131831509814,5.606131831509814,3.5585644517979618
GVWDTAKNFGKKFFVGIGKLIR,16,7,9,0.8848916173747977,1200,Rank,0.1662938423170926,0.1662938423170926,False,,3.3426933,2.8323321,4.8110337,3.0029194,4.2622995,24.408808,26.372868,28.3993,3.6536098,4.123682,18.816841,15.0544039341466,5.447640486568702,5.447640486568702,5.447640486568702,9.377735794577658,9.70892560036955,12.007540617016629,12.007540617016629,5.165755085921448
GQNKKILQKLAKLLKKLL,16,7,9,0.885183393133617,1201,Rank,0.1679569197970352,0.1679569197970352,False,,6.9494176,7.658166,4.713407,20.763706,43.20785,1.8752439,1.897048,6.9383473,13.081506,20.526857,26.148403,5.492492325561284,4.870164499242181,4.870164499242181,4.870164499242181,8.968622988635143,9.652798366570982,5.945529592892994,5.945529592892994,6.674431085053763
GKWFSHLKKIAKHIL,16,7,9,0.8886757164626609,1202,Rank,0.1691345438605812,0.1691345438605812,False,,1.4834745,2.3104603,3.0835516,6.7654476,18.140057,18.772486,16.839611,2.8805535,11.93613,7.1373415,50.385387,9.906408837910046,5.929555997909003,5.929555997909003,5.929555997909003,9.993008451924496,11.464960011254027,9.238438737203934,9.238438737203934,5.797839727714636
GKWSKFLRHLIR,16,7,9,0.8887274718030135,1203,Rank,0.1118757388688167,0.1118757388688167,False,,7.1601114,4.269264,6.9268727,8.221647,15.7794285,27.749655,25.702757,6.770386,20.036684,7.6520047,42.06969,4.991390686116551,2.505635958721188,2.505635958721188,2.505635958721188,9.40044355298039,10.346870472878622,4.667808601637375,4.667808601637375,4.179354855105649
GVPLKIFFKKLEKWGKKVAFKGIQGRH,16,7,9,0.8927323215620795,1204,Rank,0.0697382162876574,0.0697382162876574,False,,8.067945,16.900805,4.451977,4.509451,2.0740402,16.863474,12.239389,29.73113,7.8185635,12.600763,25.852243,8.407435490585218,4.216546035482835,4.216546035482835,4.216546035482835,7.914327465030097,10.300691436990581,7.216669330828813,7.216669330828813,3.013381124432361
GLLGRLWRTGLNAFKKVG,16,7,9,0.8948654895849912,1205,Rank,0.1059660336193613,0.1059660336193613,False,,5.034187,3.7666936,7.0735593,6.879069,23.814766,33.085037,23.398252,11.743615,3.439409,2.6303172,39.102222,8.0145020263761,4.669320738745118,4.669320738745118,4.669320738745118,9.67105009318178,4.9927883679571865,6.664433692209708,6.664433692209708,6.384324962404018
GWLSKFKKKLKEFLKKPGPKIVDGIPVGAA,16,7,9,0.8970918805709094,1206,Rank,0.0974779667658466,0.0974779667658466,False,,5.2839904,3.856133,1.9543464,1.8633586,4.724169,8.3961115,11.216855,31.067528,32.741123,35.49704,23.529749,6.419098163464858,5.898224738480382,5.898224738480382,5.898224738480382,9.854434802821133,6.976760233957315,7.614955601687104,7.614955601687104,5.938584657359353
GIPWKILSKKLKKVVKSYGKDIVRGLKV,16,7,9,0.8991159976675205,1207,Rank,0.0734964849768875,0.0734964849768875,False,,5.951225,3.645519,2.287538,3.0233977,8.927225,13.250007,16.753454,9.240789,17.47432,17.632753,32.34576,6.213173814884977,4.743406667258784,4.743406667258784,4.743406667258784,12.432418369964156,11.519577049973032,7.417030735583574,7.417030735583574,6.710732816499051
GFWSKLLGKAINNAGKAALKQI,16,7,9,0.8991577282188532,1208,Rank,0.1197525785691514,0.1197525785691514,False,,2.9756126,3.2871275,1.9342651,5.725621,39.78093,47.23954,25.008774,5.9574757,3.3233528,9.906934,22.302565,8.088045575084031,4.341392304939442,4.341392304939442,4.341392304939442,9.594632950276075,8.201917484285929,8.990372179948704,8.990372179948704,10.260946759129812
GFWSKILGRVKKFFQ,16,7,9,0.9021559137980961,1209,Rank,0.105871807090484,0.105871807090484,False,,3.3144605,2.767542,12.991845,21.150377,15.514263,27.835463,19.104563,10.407528,1.9102259,3.8300464,21.050127,7.287913134040572,4.801000527990806,4.801000527990806,4.801000527990806,9.129967801342431,11.717073797161028,7.2435426115784205,7.2435426115784205,7.319402126596679
GALWKTILTKALKAGLKAVDTMLNPVQPGQ,16,7,9,0.9022704493939979,1210,Rank,0.1299323644466287,0.1299323644466287,False,,4.0828414,5.2075286,1.8088226,5.7716103,42.617516,45.429195,28.49371,1.657546,12.973386,9.286452,69.97182,5.239352522358418,3.317595846974401,3.317595846974401,3.317595846974401,9.035556570803989,13.462237573048416,5.958675060186984,5.958675060186984,7.853045756181143
GKRLKKLLKHLL,16,7,9,0.9028541894876453,1211,Rank,0.1688522793687902,0.1688522793687902,False,,27.569052,28.310883,5.5760536,7.055645,11.954419,8.652638,12.243058,6.5902247,22.348,7.7027454,43.30878,5.5812597505775985,2.6859621451632703,2.6859621451632703,2.6859621451632703,6.410327761661602,4.697267757377234,5.7098593949588965,5.7098593949588965,5.622238719272618
GALWKNLISSAGKVGLGVGKTVVSSASCKLS,16,7,9,0.9052448668821078,1212,Rank,0.1754607967828489,0.1754607967828489,False,,10.514006,8.986721,4.2513833,6.0230923,26.111645,17.13759,16.997238,10.281942,3.8298283,6.172958,99.1402,4.247134204998992,4.492169805352232,4.492169805352232,4.492169805352232,6.498773514104417,7.031057118851926,4.8409722098458445,4.8409722098458445,6.963643013728885
GLLGKILRAGLKIGTKIGR,16,7,9,0.912689751797705,1213,Rank,0.1525021086817916,0.1525021086817916,False,,18.293629,19.934298,7.49315,4.660045,9.282723,7.3635926,21.743448,6.357869,7.186733,8.402688,22.307205,5.424924718327201,5.1956464548035965,5.1956464548035965,5.1956464548035965,10.644969760641063,8.531579439994058,5.374326287809229,5.374326287809229,5.54504642618448
GIRKKFKSLAKKVLEKVKEKLKK,16,7,9,0.9142598411175585,1214,Rank,0.1702187715849317,0.1702187715849317,False,,6.241859,5.348221,2.5050373,1.2703253,23.422657,7.399809,8.1422615,5.9498277,27.780588,17.961681,29.264519,7.359827941202797,6.788120739342387,6.788120739342387,6.788120739342387,7.482205575597629,9.003490498842943,8.219316260958056,8.219316260958056,14.131238315935446
GKLSKILSALKKLIPK,16,7,9,0.9164043794586382,1215,Rank,0.1144179872217204,0.1144179872217204,False,,2.2595532,1.9769062,4.8692846,4.2451,28.763386,8.904691,10.124725,5.422019,36.75516,34.336384,50.00009,7.386571278768643,4.860158081938495,4.860158081938495,4.860158081938495,11.76627876600429,8.048098677527715,7.322748041409888,7.322748041409888,6.033986893283117
GIRRLFDKLKNGTAKIPKVPPILIPAAKALF,16,7,9,0.9187980173041632,1216,Rank,0.1539331481456883,0.1539331481456883,False,,4.3222194,4.1575212,1.4695582,1.7589064,6.560429,6.772969,10.613081,22.800888,16.324377,33.837624,59.361614,11.61534528720665,4.6235014056010755,4.6235014056010755,4.6235014056010755,9.801172940369,13.099011444390744,9.597554086450605,9.597554086450605,10.689563944369622
WFSLFKSITKKIRQGLKS,16,7,9,0.9210048463308496,1217,Rank,0.1453869680144519,0.1453869680144519,False,,4.3546267,5.306957,4.603129,6.199107,26.2078,20.285563,12.180309,17.07186,7.727502,2.6936018,36.3512,8.246891545303432,6.8091560225629895,6.8091560225629895,6.8091560225629895,10.726215778576634,8.170196808445375,7.197442619399554,7.197442619399554,4.035194982171611
GFLEKFKRSGKKFGRKIKNFFTVPPE,16,7,9,0.9216513891512091,1218,Rank,0.1323085748631847,0.1323085748631847,False,,5.461626,3.9372697,4.5541525,6.2468433,1.7197769,3.3093262,5.5550547,17.580978,16.447197,17.68038,29.698692,7.305157428275768,10.095520024181253,10.095520024181253,10.095520024181253,12.685765079891807,10.654552166657243,7.634518024910205,7.634518024910205,15.586472274390436
GKLSKILNALKKFIAKAGPK,16,7,9,0.9292610948043096,1219,Rank,0.0727619746559694,0.0727619746559694,False,,3.1097736,2.3964586,3.758988,4.038253,20.092718,6.3327656,7.887098,5.41598,28.233915,17.386276,54.029133,10.07370447496879,5.452471016193784,5.452471016193784,5.452471016193784,12.840481354522584,13.538129270404863,11.356601315092028,11.356601315092028,6.4449666091950055
GKLGKILPKLLKSALKVIG,16,7,9,0.936095882334141,1220,Rank,0.1045474470006907,0.1045474470006907,False,,1.994573,1.8479887,4.6102605,3.3950148,20.999405,3.7596064,9.780307,6.015439,28.917034,27.463085,27.403883,9.7274837084801,8.351619350590838,8.351619350590838,8.351619350590838,11.087625476828514,10.825971081899269,9.58846171569535,9.58846171569535,14.454432304805932
GILSKKFRKIVEAIKKIFQ,16,7,9,0.9457398013600237,1221,Rank,0.1357387110807077,0.1357387110807077,False,,1.5215355,1.263567,3.028867,2.918488,28.425419,13.925942,16.544579,8.680694,32.067043,7.5066147,41.215363,10.268483723481683,9.385319555404243,9.385319555404243,9.385319555404243,14.860059711800265,11.589917846828909,9.15986657691912,9.15986657691912,6.9894186783944985
GIHGYLRKILSSIRKVYPRIPRIA,16,7,9,0.9458259968776227,1222,Rank,0.099514837149992,0.099514837149992,False,,16.756697,23.782679,5.007357,2.6997914,5.370949,14.290017,12.960483,8.385488,20.015879,5.648388,26.154678,7.1103880949526355,6.398530171160963,6.398530171160963,6.398530171160963,12.935806723533494,9.332615350245215,6.117080612156579,6.117080612156579,7.379567435193964
GIFGLIRGGLKTALKGGKKII,16,7,9,0.9458912046185098,1223,Rank,0.1206377683173051,0.1206377683173051,False,,4.1293464,5.3750625,10.949027,12.904233,22.70497,16.07674,21.109001,6.2312975,4.276385,7.4691005,20.533384,13.676230763339216,6.026187611599302,6.026187611599302,6.026187611599302,8.847071082879681,6.396129719039441,11.04989641280639,11.04989641280639,4.05278231025616
GIKMGKKLKTLWKVVKEAATKAGAVAAGAG,16,7,9,0.9541537805747197,1224,Rank,0.1384347520721534,0.1384347520721534,False,,7.9917502,5.3146925,1.4113811,2.0945308,33.22856,15.554102,9.893864,4.6286,20.665224,26.901562,27.712942,8.704424481662205,7.615578514394239,7.615578514394239,7.615578514394239,10.906909910979639,8.89492838950283,8.18250467179078,8.18250467179078,10.589774866948957
GKLGKMLEIVHVIGGVIKKIL,16,7,9,0.9619171830535992,1225,Rank,0.137499543395675,0.137499543395675,False,,5.30334,8.28598,9.951983,23.398945,4.377862,21.408897,26.948774,5.568331,4.1240053,12.651495,23.23344,8.461352903439778,5.972223343513293,5.972223343513293,5.972223343513293,12.888441514260002,11.356828877949972,7.674078131026922,7.674078131026922,6.386920839394555
GLGRVIGRILRIF,16,7,9,0.9622811886143943,1226,Rank,0.1353865031082301,0.1353865031082301,False,,14.88537,7.2738256,18.095224,14.632081,8.37462,24.006998,23.641687,6.6271944,6.233389,5.765779,23.381989,7.204156939455704,7.654836664395489,7.654836664395489,7.654836664395489,4.427123334969475,7.133136656089036,7.296201731582475,7.296201731582475,4.270409874069975
GFFGKLRGGLRMVGRLGVRINR,16,7,9,0.9645977238169093,1227,Rank,0.1546369414483821,0.1546369414483821,False,,13.165734,13.359662,10.609671,5.2217937,6.207483,19.711105,24.35974,16.349377,5.8715377,7.1779184,24.01784,7.310111925084623,4.822367698418548,4.822367698418548,4.822367698418548,11.104078319319342,9.479908318354585,7.852429284824446,7.852429284824446,7.657869256920879
AFWNPIIRGVAKVGKQIRIRNKNK,16,7,9,0.9734920625090862,1228,Rank,0.1001762907789171,0.1001762907789171,False,,6.6700034,10.442083,2.9264784,2.3550675,8.451494,16.544437,31.297258,13.715185,23.81699,13.724118,35.188656,7.55667228567607,5.362383111832792,5.362383111832792,5.362383111832792,10.729619853079827,10.625460383482109,8.359697200442719,8.359697200442719,9.589469798785274
GIPIKKFGKKFSKAAEKVFRRATSPI,16,7,9,0.9759898068945979,1229,Rank,0.1394332627118644,0.1394332627118644,False,,2.7340875,2.6760132,2.4605412,2.6913764,6.7409167,6.6985993,8.0034485,30.685587,47.838654,42.031487,46.6019,7.70240098940805,7.80545096489877,7.80545096489877,7.80545096489877,14.11358494592421,15.839022280143439,8.534415866621709,8.534415866621709,11.022626323936798
GVWGRIKRAGRKIRNGIQRIVEKIKDAEAELGP,16,7,9,0.9775513601694795,1230,Rank,0.1567665855294617,0.1567665855294617,False,,11.226434,12.39513,2.6095378,1.8340343,28.92857,3.9010553,9.32154,18.27492,35.02678,15.128828,28.78464,7.465633462966281,7.108850300308209,7.108850300308209,7.108850300308209,9.494950174541533,7.206979335698507,9.181734253701862,9.181734253701862,11.770219684674
GGLKKIGEKIKEMGKKIGNGIKVYRGLPQLYLE,16,7,9,0.9791901138725032,1231,Rank,0.1571117368896445,0.1571117368896445,False,,16.681477,18.21926,7.588385,11.991819,9.761341,2.250168,8.663154,21.692444,10.251192,9.565592,21.987513,7.025105738381359,6.912412551513665,6.912412551513665,6.912412551513665,13.981505777616013,11.55190638486383,7.357284954203382,7.357284954203382,7.681513300697157
GIFRKLLGKALKGGINAVSGL,16,7,9,0.9792995353079341,1232,Rank,0.1561036790685935,0.1561036790685935,False,,4.289312,4.268365,3.2917519,2.9918916,30.359829,15.989851,19.21807,19.14627,2.6095831,3.6603215,45.6942,11.673369967482627,8.812431973150813,8.812431973150813,8.812431973150813,11.331401264223974,13.435753981717005,12.201705426307177,12.201705426307177,15.142903677403469
GALHGIGRILGKLFK,16,7,9,0.9819803145057537,1233,Rank,0.1759578728547899,0.1759578728547899,False,,17.749804,16.845255,5.9537053,5.8291855,8.137674,25.697847,20.522243,6.7312503,3.1185105,3.0681653,15.387418,10.463685366960588,8.273126289449504,8.273126289449504,8.273126289449504,15.95774270491741,10.603378618334608,11.92235402763907,11.92235402763907,6.9342136582298854
ALKWKLKWKWAWKK,16,7,9,0.9828151793576024,1234,Rank,0.1282753058418787,0.1282753058418787,False,,96.6932,88.88185,3.756485,5.3738036,18.079605,13.925204,13.521039,3.8997428,6.1570826,2.515292,23.133894,5.036965097200234,5.096666760288935,5.096666760288935,5.096666760288935,15.4364521854437,13.292285124181037,5.663995840653587,5.663995840653587,12.513010328887072
GILPKILGKVKKFAGKIIN,16,7,9,0.9832319571109986,1235,Rank,0.1104187559773657,0.1104187559773657,False,,3.290928,2.4370427,3.6215954,3.1117342,28.799608,8.040566,8.817112,20.170362,32.916714,7.811955,40.792633,14.128802591115514,6.9604592708457655,6.9604592708457655,6.9604592708457655,13.295251761406568,11.981044135311466,14.319049401606751,14.319049401606751,7.60405661156835
GRQNKIWFKKYVPQIKKFLK,16,7,9,0.9845249034880432,1236,Rank,0.1364294288959141,0.1364294288959141,False,,14.532809,16.554886,15.3283615,19.904036,33.75747,15.132175,9.671193,12.495125,6.174367,4.1224856,35.368587,5.157475253926465,4.274123791072288,4.274123791072288,4.274123791072288,15.925200136692254,11.76857532127632,5.375736760539117,5.375736760539117,5.511388242432
GIPGKKKFKKFIKLVPVVTVVTHGFQTS,16,7,9,0.9938121738548027,1237,Rank,0.1724237553796291,0.1724237553796291,False,,7.014518,9.192054,7.913878,2.4921243,4.3089857,5.6107817,25.986282,25.927744,7.849173,19.757608,39.52711,10.903596241752972,7.003243775255862,7.003243775255862,7.003243775255862,13.718565993019356,9.598797617086165,11.480989495094365,11.480989495094365,9.110908930234954
WLRKVVKFIRVR,16,7,9,1.0000066110792567,1238,Rank,0.1336966520110515,0.1336966520110515,False,,9.138241,4.1761727,3.03092,4.369512,55.302643,22.820549,19.968039,6.12358,12.307722,9.495752,27.122105,10.16708713484413,6.691997982994546,6.691997982994546,6.691997982994546,14.849262627301677,10.93324546778586,9.625347953954575,9.625347953954575,8.828556716932193
GKWLSYLKRLL,16,7,9,1.000498537948229,1239,Rank,0.1507711631953668,0.1507711631953668,False,,21.384161,17.14709,12.845999,15.448291,54.41963,15.8355665,15.611088,9.222502,11.670704,9.2630205,19.83642,6.406686490733115,3.955215167539599,3.955215167539599,3.955215167539599,8.947113057806646,13.712068102002839,6.013655772855479,6.013655772855479,3.005030521772083
GVGGKILSRIKNLFK,16,7,9,1.0097116124227945,1240,Rank,0.1296038168800807,0.1296038168800807,False,,3.062971,1.8590369,9.016331,10.87758,35.89959,17.024315,15.793438,28.607916,10.243898,3.496465,34.763336,10.06353670961265,8.68476626826356,8.68476626826356,8.68476626826356,10.101978786311594,9.972216408964035,10.35454160579013,10.35454160579013,11.439745599076948
KKVGEKFPKLFKRILRGVNIAVAARVGA,16,7,9,1.0162042981884842,1241,Rank,0.1311541961107273,0.1311541961107273,False,,5.0891447,4.902992,7.897932,2.344751,27.50346,9.582775,10.416242,10.61263,37.021763,28.574272,17.398928,8.528549651042155,8.410265271933026,8.410265271933026,8.410265271933026,13.075557176677245,11.783369928207081,9.59020684565302,9.59020684565302,11.838931860888772
GLFSKILGGVKKIFK,16,7,9,1.0220531235517973,1242,Rank,0.0786498874262791,0.0786498874262791,False,,8.303171,6.160842,4.7652993,14.255518,22.082829,18.435404,14.466729,20.256767,7.962387,8.849933,28.445658,15.608816845878014,4.626144432665968,4.626144432665968,4.626144432665968,13.039837049957338,9.160374477074658,15.105163420434547,15.105163420434547,7.888498591777992
GILGKLLKKVGKVLPHLV,16,7,9,1.0265128430691555,1243,Rank,0.1764999867169651,0.1764999867169651,False,,10.05174,6.777233,11.5102215,6.195791,22.662848,14.003856,18.73321,6.5961065,12.926717,23.774807,71.22116,10.903703987514804,5.7276366462100725,5.7276366462100725,5.7276366462100725,8.925858067618453,9.159906805607452,9.953953669699688,9.953953669699688,4.898621088200332
GIFGKLLRGGLKIGIKIIG,16,7,9,1.0316308758450563,1244,Rank,0.1310307053955688,0.1310307053955688,False,,9.245888,11.745453,21.719564,11.325555,4.046118,28.164639,29.515245,7.09708,6.679279,11.6874895,20.034622,10.011983152394112,8.43209530979709,8.43209530979709,8.43209530979709,10.664866240424267,9.480730628869209,12.772219669228129,12.772219669228129,4.346414507926637
GFLSKLFGGGLKAGLKHVAKHI,16,7,9,1.0328577253120979,1245,Rank,0.1170764621300674,0.1170764621300674,False,,17.587751,18.352581,6.097121,8.807634,19.33544,11.759114,15.557851,5.1025066,1.8526207,6.8073153,40.586803,13.922173348603337,7.99647876790941,7.99647876790941,7.99647876790941,15.731316370729992,13.950917663529573,13.36651427518196,13.36651427518196,10.1588911901563
GLLGSLGRGIGSLLSKLL,16,7,9,1.0367884104511496,1246,Rank,0.1651264918508581,0.1651264918508581,False,,9.386371,8.0697775,5.6694407,6.118204,21.044956,16.997238,16.997238,7.684858,10.10407,10.603751,39.476433,13.9621652573958,7.3360382640660236,7.3360382640660236,7.3360382640660236,11.41061758529508,14.052916666450521,12.75292058864361,12.75292058864361,7.290846392485112
ERFKRFWPKVFKRVKNFVN,16,7,9,1.037440208827493,1247,Rank,0.0461166217257318,0.0461166217257318,False,,12.793272,7.1902256,6.6476235,8.144173,53.11286,17.571123,13.713382,26.587564,9.428476,6.1149993,43.211147,5.924401998999219,8.791697230499935,8.791697230499935,8.791697230499935,7.510541799612645,8.047846841919252,6.23008245308344,6.23008245308344,14.064014867174732
GILGSLWGRGKKFGQHILKAAK,16,7,9,1.0386450118669452,1248,Rank,0.1517574285372722,0.1517574285372722,False,,6.878061,9.627054,4.315183,5.341736,22.349182,22.781881,19.67255,17.83949,4.584457,9.305142,14.689918,12.090192721969593,7.9972580130268165,7.9972580130268165,7.9972580130268165,14.88491300311288,15.622515977993682,15.16585283839287,15.16585283839287,10.48689812210893
GFLSKIFGIGQKIFGLRAKRV,16,7,9,1.0423504563594506,1249,Rank,0.1484123867621274,0.1484123867621274,False,,7.7702208,8.99666,23.561897,28.01635,14.952366,12.756726,13.711338,38.461723,9.338348,11.087312,17.388887,10.065904309592916,5.580585712433573,5.580585712433573,5.580585712433573,8.250004700192859,10.804353388302525,8.48739154270968,8.48739154270968,7.489506240665769
GILGKLLKKGLKIGKKLL,16,7,9,1.0492322408324894,1250,Rank,0.1044436732904734,0.1044436732904734,False,,7.6433654,7.640207,9.505924,10.289916,33.570877,17.177868,17.223272,6.933296,3.553463,11.180159,25.721071,13.501879270649622,13.114765787154296,13.114765787154296,13.114765787154296,14.411918736101047,11.966145859309375,11.567701801550614,11.567701801550614,3.4168555257880446
GLGRLLGKALKALTKKL,16,7,9,1.0620778934600312,1251,Rank,0.1332813496227618,0.1332813496227618,False,,3.3536253,4.2945743,13.253303,19.912395,23.16756,11.883523,16.462101,5.7002864,11.873911,9.806198,54.84306,9.44659200820732,11.437849141671277,11.437849141671277,11.437849141671277,14.663482184269677,11.002231521962809,12.671990373546198,12.671990373546198,7.59514725881046
SILSHIKKLIKHLI,16,7,9,1.077950303961479,1252,Rank,0.1340997091015355,0.1340997091015355,False,,5.3946238,8.056538,5.463524,6.511803,45.37168,17.610838,22.519024,4.441507,11.530551,11.3988,82.4949,13.673768372720424,8.335409268088377,8.335409268088377,8.335409268088377,15.829416896571782,15.79336835904599,13.499904050765402,13.499904050765402,7.493267226540666
GFSGLLKKVLKIGPKLIPALIQR,15,11,4,0.830189651000288,1253,Rank,0.1204960134291482,0.1204960134291482,False,,3.3069148,2.7372177,5.291833,2.3352113,4.1718698,2.3961267,5.960959,3.872934,2.2603574,2.257928,5.3104377,15.621872758668129,16.064269166985145,16.064269166985145,16.064269166985145,24.051637122309454,18.270566332935985,14.832487277293382,14.832487277293382,9.167976227623672
GIMGSKLKGLLKAGLKAGLKAVAQKI,15,11,4,0.8745460378507854,1254,Rank,0.1239491874103395,0.1239491874103395,False,,2.7921152,4.2127757,3.8253427,2.397993,6.5400996,3.8014827,5.443115,3.43317,3.0651708,4.138805,14.246119,17.753584663927803,9.363026120725834,9.363026120725834,9.363026120725834,22.936941262572102,20.201658259569783,20.858410988915608,20.858410988915608,11.635222137834221
GVWGSVLKIGIKAGQHLLKKARR,15,11,4,0.8757650547706506,1255,Rank,0.1164996878486796,0.1164996878486796,False,,5.8894706,7.467729,1.6368066,1.7601403,8.121733,6.4970503,9.946124,4.124891,2.4859622,2.8485458,13.641831,16.492915533956797,8.118014370136745,8.118014370136745,8.118014370136745,23.752882949733632,19.277771552923756,18.816465137507183,18.816465137507183,8.641196141176595
GKLGKFLPKLVKSLKKSAKSKIPFLKLIQSS,15,11,4,0.9013000513957067,1256,Rank,0.0249251999096753,0.0249251999096753,False,,4.937521,5.847413,3.019063,2.055366,3.056911,0.97648484,1.5088468,8.053819,5.258592,14.545277,12.879551,15.540509694395894,19.56694836458839,19.56694836458839,19.56694836458839,26.873959619977715,17.16530662064579,15.662129207007562,15.662129207007562,12.588097230032357
GGLWKSVKEGGKKFFIKIPGVKAALRALNAA,15,11,4,0.9392893695380489,1257,Rank,0.0959906819510121,0.0959906819510121,False,,5.482325,5.0563545,1.5760255,2.2157636,2.1647081,8.126723,9.291439,10.866538,5.884371,11.155286,10.601374,17.87601941847208,12.991723614904636,12.991723614904636,12.991723614904636,23.851256499656547,17.24943686512013,18.3806718443347,18.3806718443347,9.366696875303456
GISGSLLGSLFKTGLKIVPKLIGRHLTGQ,15,11,4,0.987579499362926,1258,Rank,0.1398219990303384,0.1398219990303384,False,,2.4845185,2.3812463,9.126912,7.7229733,3.2746444,7.4697165,15.085796,5.0318527,3.2397053,5.4498973,11.723105,25.557774619303657,13.93139383652348,13.93139383652348,13.93139383652348,33.74634430621799,21.088214814090033,26.27638148684437,26.27638148684437,10.37121607158967
GLLSKILRPLLKSMVKGGV,15,11,4,0.9970174688417288,1259,Rank,0.1188252566946495,0.1188252566946495,False,,2.908084,4.0814805,14.428123,12.071805,4.2070527,4.919825,12.556311,4.859921,6.333564,8.834752,12.118637,18.982981300858587,12.669597509338267,12.669597509338267,12.669597509338267,16.630394906992017,18.712139909300145,20.750423883174836,20.750423883174836,9.516881115698798
WFGKLLRKWL,15,11,4,1.0342930241698391,1260,Rank,0.1449260051936666,0.1449260051936666,False,,9.402114,6.777264,5.286037,6.0910754,5.2711825,5.19216,8.526685,6.139892,13.746656,5.357984,7.665132,23.40098213657733,13.864097333549866,13.864097333549866,13.864097333549866,31.48560788094454,24.36205180771699,23.8914163458411,23.8914163458411,10.705884526493664
GIPLKKFKGFLKKISKVAKRYLDSLRTA,15,10,5,0.8047206310070616,1261,Rank,0.0773938104378088,0.0773938104378088,False,,1.754173,1.9039246,1.2385118,2.7465794,2.4049604,5.3210053,5.8921533,4.393466,3.34952,4.6896005,25.585464,18.025013035275606,9.137265917316702,9.137265917316702,9.137265917316702,13.392570969514363,17.873085404706625,16.646763448804542,16.646763448804542,9.008573057064686
GFLGPVLRTVIKKLTGKLCK,15,10,5,0.8909721995637829,1262,Rank,0.1180697840842675,0.1180697840842675,False,,3.820636,3.65606,4.1134305,3.1414104,5.7878366,5.294718,8.957124,2.0422685,5.1720667,2.0581074,16.385445,15.74351103944343,11.480252088498354,11.480252088498354,11.480252088498354,19.151964597555175,25.24301430578774,16.14690285565233,16.14690285565233,12.45220994238339
SIKSALKKAAKALAKLIRK,15,10,5,0.8913456211695715,1263,Rank,0.1318513478959672,0.1318513478959672,False,,1.5475885,1.5138322,4.2820354,3.0608325,15.074161,5.729662,5.5976357,2.925829,10.034654,4.7479906,28.916424,22.94396861939497,8.037168758660314,8.037168758660314,8.037168758660314,15.759625246496922,19.72422541207481,20.44654021712523,20.44654021712523,7.24692148139119
GFLDVIKGVGKGVLKGAVKSLTSTIANCLLKKC,15,10,5,0.9353462852475791,1264,Rank,0.167292560504224,0.167292560504224,False,,1.4497664,2.1383345,3.7178378,1.4509896,8.777604,9.985486,14.004533,5.4805665,4.688561,7.0647554,25.876936,17.82759631995814,11.97835101631744,11.97835101631744,11.97835101631744,10.372480123489254,25.279459114750384,25.064535077172746,25.064535077172746,10.462967348569306
GAWKKLLKAGIKAIAKS,15,10,5,0.9541042235546293,1265,Rank,0.1754672307528824,0.1754672307528824,False,,3.1625814,3.1102939,3.9315622,4.328876,22.755182,14.480785,7.3579817,4.6666036,3.278122,4.430413,11.689594,15.367844720186222,8.26355323278483,8.26355323278483,8.26355323278483,38.095138379425876,24.850442394246667,19.73875677492359,19.73875677492359,11.744743344149223
GRVQFGIRQRIVRRVTGKFLKKFG,15,10,5,0.9574476877389454,1266,Rank,0.0850022913235215,0.0850022913235215,False,,3.2769265,3.09721,5.7233477,2.7576628,5.1600366,7.2685666,10.869966,17.959028,3.0294795,10.858297,4.812599,14.98730936131856,14.646534776728153,14.646534776728153,14.646534776728153,19.058011147311806,19.526504206606884,20.459660513196834,20.459660513196834,10.346080953077125
GLLSSILKHGLKGIAKKLLP,15,10,5,0.9588744708186457,1267,Rank,0.1311982999375697,0.1311982999375697,False,,4.1683035,4.670222,6.3201776,4.278176,6.0754476,4.579935,10.06864,4.7645135,3.8923786,2.700963,36.22458,17.93181298337082,12.972078616640127,12.972078616640127,12.972078616640127,19.322807513643706,14.059456444295394,23.61360365981402,23.61360365981402,9.484718284798438
GIPASLGARLQTFRKLFKKKTRLTHSGIW,15,10,5,0.993886781864265,1268,Rank,0.0848128005286647,0.0848128005286647,False,,2.252011,3.0905952,7.2611203,4.91194,3.759804,14.664444,14.880877,14.957156,11.530551,18.464756,11.136149,17.423292710496714,10.164514380615081,10.164514380615081,10.164514380615081,15.869633162525677,20.621361973243605,17.235697245013167,17.235697245013167,5.873502741368029
GHLSLFHSAIKYGRNILRVIRNPYR,15,10,5,1.0006912528006915,1269,Rank,0.1081635457069231,0.1081635457069231,False,,2.1949322,4.016198,5.7243137,6.748712,8.778278,13.316355,15.597569,4.277311,6.911245,3.7601767,28.148315,17.31602256190714,12.338387529639176,12.338387529639176,12.338387529639176,31.23120440260266,15.99066340781338,18.290637666547934,18.290637666547934,9.778423140018564
GIPLKSLGKKFLKHIGKAALGA,15,10,5,1.0182486952886491,1270,Rank,0.147135762579034,0.147135762579034,False,,8.46038,8.234257,2.5744998,1.6562033,14.272314,11.980071,15.824269,6.1747837,5.435794,9.346354,44.703094,13.159566869762982,11.565742860976608,11.565742860976608,11.565742860976608,17.264760712931594,17.639186724028214,17.19851375827969,17.19851375827969,11.210578377166149
GALWKTMLKGAGKMALGAVKKLVGGESE,15,10,5,1.0536967466124554,1271,Rank,0.1634108010998353,0.1634108010998353,False,,11.784942,8.982016,9.145174,9.619257,32.319294,9.2321615,10.107263,6.3926735,6.285145,6.1623726,10.885743,16.662754754133704,10.032613013501914,10.032613013501914,10.032613013501914,24.761367658391116,15.29752652346883,16.457438389477417,16.457438389477417,9.073779659392539
GVLSSLLKKWLKKIAK,15,9,6,0.9031661886276018,1272,Rank,0.1238823571409595,0.1238823571409595,False,,2.1311002,1.9501027,3.7528882,3.072441,20.814726,7.285387,8.1516285,1.7491791,5.773635,2.715148,24.13013,14.51732410852009,11.267103691096242,11.267103691096242,11.267103691096242,22.710368400584873,15.491072167233899,20.01904969247994,20.01904969247994,10.08306877769352
IVGRIWKGLIKRFR,15,9,6,0.9262402550787703,1273,Rank,0.1098978119520748,0.1098978119520748,False,,3.6305315,2.8840406,3.912953,3.0913343,3.640532,6.801293,11.811932,21.849958,2.2904007,4.4791985,24.630606,18.403303855246914,8.062019315056622,8.062019315056622,8.062019315056622,29.481270721667936,19.494457364012213,14.625190381674487,14.625190381674487,13.809579944943888
GWLNKAKNFGKAVKSILEKVKG,15,9,6,0.9524138441068418,1274,Rank,0.1655912942989214,0.1655912942989214,False,,1.2259811,1.1999787,2.7838385,2.020704,3.1931152,14.3510275,16.616888,12.668694,15.331845,12.528049,26.085175,12.813669726199684,10.261924138977948,10.261924138977948,10.261924138977948,19.086919872842017,17.247538318870657,15.808648353637544,15.808648353637544,24.525038311520646
IIRIALRLAKKKFR,15,9,6,0.9568793299576616,1275,Rank,0.1555997539317783,0.1555997539317783,False,,2.6519008,2.1136038,7.2848454,4.1008816,17.896399,3.7814775,5.7758226,2.3691013,11.46948,5.7032146,33.48052,18.406112711520766,8.51461572329587,8.51461572329587,8.51461572329587,32.02131495544318,44.17870770355746,15.694530528896701,15.694530528896701,10.209909163764085
GLFRVLKRIVQKINNLIKG,15,9,6,0.9575444982450557,1276,Rank,0.1342663696801445,0.1342663696801445,False,,3.8854315,2.5899074,10.521764,8.863714,5.978147,3.644928,18.911287,5.0033927,2.2639148,2.649757,21.74277,14.038659317904454,25.452180957967403,25.452180957967403,25.452180957967403,10.890755190465171,8.110294720512455,13.342844729011908,13.342844729011908,15.40805557080724
GKLSSLLGKIKKFGRNLF,15,9,6,0.9864890131712827,1277,Rank,0.1292482881488762,0.1292482881488762,False,,5.330103,3.138609,7.466428,20.27123,5.55134,3.7310047,9.82491,11.932529,5.925419,5.704897,21.407663,18.09909304402458,10.107445626154437,10.107445626154437,10.107445626154437,12.983948295553212,14.219875965274058,19.506265298690096,19.506265298690096,9.188861878481244
FGKWRRFWPKVVKKVK,15,9,6,0.9867355946558949,1278,Rank,0.1099895479119069,0.1099895479119069,False,,9.627966,8.997222,5.184321,13.767905,37.672993,5.9613338,2.5434937,4.5070143,14.256046,5.8793054,24.328573,11.170805687081668,6.6574731187470135,6.6574731187470135,6.6574731187470135,18.869184912083792,19.0210831377309,9.311494969866555,9.311494969866555,16.30550579979002
GWMAKKYGKKRFRSVVKAFKAIQPIAAVAGTAKVA,15,9,6,0.9998052909437556,1279,Rank,0.1172794435072525,0.1172794435072525,False,,4.18231,4.168269,3.5806932,2.0484889,5.257885,10.257198,7.629436,17.984488,11.97504,29.756529,8.183658,11.871469871836762,9.509566919606716,9.509566919606716,9.509566919606716,30.55031903640533,29.25738579495431,15.549167225040962,15.549167225040962,16.27960319540769
GVLGVLHKGIKFFRTVKRKVSVLREL,15,9,6,1.0322633131387153,1280,Rank,0.1611917040805483,0.1611917040805483,False,,13.580138,15.212899,6.510338,4.0866413,3.9417975,25.533695,26.523245,10.290292,2.8139126,3.9138606,13.458716,11.91912771872303,16.532298736425258,16.532298736425258,16.532298736425258,14.797665140091578,11.973091480188279,13.450392142227667,13.450392142227667,11.436273186177347
SFLGKVLKLLSKI,15,9,6,1.0533458625851506,1281,Rank,0.156651604258541,0.156651604258541,False,,3.6131442,4.486382,12.592044,31.17044,14.47573,14.498619,14.13314,5.0178585,5.8801293,12.264784,28.021671,13.394732702845944,11.554573400571194,11.554573400571194,11.554573400571194,18.314596531688004,11.518935181181014,16.278722908814526,16.278722908814526,5.276979493440123
GAWASKLKKYLSFLKGLR,15,8,7,0.9098459305954785,1282,Rank,0.1436006073667711,0.1436006073667711,False,,2.0994587,3.3712838,11.529754,24.790257,9.989555,21.100971,9.986281,2.3681943,3.3930118,3.7142122,32.089127,9.106443508324235,4.537703886799643,4.537703886799643,4.537703886799643,16.036918463832055,26.850910194138894,10.036309357286813,10.036309357286813,10.455623415015031
GDLKKIITKVKSIIQALRKF,15,8,7,0.9204709287684668,1283,Rank,0.1310028940412305,0.1310028940412305,False,,1.4468665,1.2718269,3.7905447,4.967267,23.975237,5.3134785,6.902506,4.193609,30.087603,8.30552,35.613705,10.204591379065398,8.753340822673636,8.753340822673636,8.753340822673636,22.124734994270117,16.612742802470308,10.392805795063003,10.392805795063003,8.308691933631247
KFFGKIWRALKQF,15,8,7,0.9395176845317028,1284,Rank,0.1664665217708942,0.1664665217708942,False,,2.1032753,2.3509936,4.048142,7.7646155,11.660505,23.735527,19.324738,4.7797513,7.9962516,3.8290873,26.74195,20.696475412397596,6.504975333883769,6.504975333883769,6.504975333883769,12.047104248778925,17.622045501210437,15.23107496059616,15.23107496059616,6.760628145312342
GLNWAKIAAKAGLGKLVCKLQRK,15,8,7,0.95517901239105,1285,Rank,0.1055629765288773,0.1055629765288773,False,,9.77139,14.465022,3.6344774,2.513643,16.429901,26.445423,25.546055,3.7217343,4.4732523,7.725984,8.797863,8.14094033843846,8.902331851561547,8.902331851561547,8.902331851561547,16.062990470493816,22.460519987999206,8.736713129624892,8.736713129624892,4.947911093356665
GFLSKLLGVAKQYLPKIVPAGLKLKKEK,15,8,7,0.9750165612303725,1286,Rank,0.1579417190239626,0.1579417190239626,False,,7.2554245,8.481754,3.0633595,1.6101639,18.059523,5.08805,6.624889,5.8128076,9.216574,21.958845,16.495922,12.77990678421614,9.589440844529024,9.589440844529024,9.589440844529024,23.435108426680657,16.103366968215397,13.022263807047644,13.022263807047644,12.236936613275097
GWLSKFRNLNGRVKGATKGAIKGVL,15,8,7,0.9810760300359505,1287,Rank,0.1448276277163806,0.1448276277163806,False,,3.6134367,2.513672,2.2067606,2.9623406,38.55272,11.713109,15.825089,29.128239,12.9581175,8.44349,25.213688,10.255306815162717,7.324104929049558,7.324104929049558,7.324104929049558,18.93502082606372,16.067850058713812,12.584086264797483,12.584086264797483,6.32024861773077
GILGKVLRVGTTILGKLI,15,8,7,0.9815699162625074,1288,Rank,0.1501327473301099,0.1501327473301099,False,,3.2370813,2.5375416,5.832751,8.763218,5.3882556,23.976671,21.851835,5.044767,6.3218665,3.1320891,48.359734,15.410597619817544,8.783862556127373,8.783862556127373,8.783862556127373,20.52200263138086,19.91937721146601,14.944340105774469,14.944340105774469,7.838627408105377
GIMGSLLRLLKTKAIKKTPKKCKLLSK,15,8,7,0.9817412650784847,1289,Rank,0.174747871393656,0.174747871393656,False,,16.512934,17.050444,4.580276,5.943289,5.74926,2.83779,6.0625057,3.2769854,11.816569,9.441878,23.429132,15.46583929742197,9.724474979675175,9.724474979675175,9.724474979675175,15.549521480019424,11.329270874050138,16.458052766607615,16.458052766607615,9.787553254087362
GMWSKILGKIKKRL,15,8,7,0.9947559672458703,1290,Rank,0.1141261755485893,0.1141261755485893,False,,3.8930774,3.3217897,16.820997,15.085225,38.86193,15.238757,13.666046,5.3865848,5.6731806,2.3279915,28.743261,15.152957596283542,5.172821284012012,5.172821284012012,5.172821284012012,24.511362973320995,25.7780177499003,14.992518412536961,14.992518412536961,4.855459118631682
GFLSKILPKVFRKAFCKVT,15,8,7,0.9962995914750078,1291,Rank,0.0694831405079432,0.0694831405079432,False,,7.1067715,13.543423,4.661889,3.6751535,30.37134,16.706982,12.441708,6.866876,3.0892239,4.414708,30.775606,9.934742613787764,9.546202060815068,9.546202060815068,9.546202060815068,16.21354449858506,17.132379920777353,11.665195666846069,11.665195666846069,8.603323946490884
GRLCKSITGKFAKYYLRKFLCQRGY,15,8,7,1.0132556155185508,1292,Rank,0.135321955860475,0.135321955860475,False,,8.352883,9.316698,9.413606,26.19399,10.34935,26.486511,25.638937,2.191929,9.415215,10.394358,8.501365,10.31092050665338,6.329215431932305,6.329215431932305,6.329215431932305,20.217284970290308,19.101007930820714,11.259634200021589,11.259634200021589,5.849255237229393
GILGKVLKIGVMAGKKIF,15,8,7,1.029942660206466,1293,Rank,0.1254323212767653,0.1254323212767653,False,,5.949537,7.208769,7.3278394,7.227146,34.744984,13.709505,18.740662,5.899656,4.8387613,17.22767,12.13257,11.776097981087775,7.865957498604262,7.865957498604262,7.865957498604262,22.400797307401056,18.682742376536833,14.634848349502246,14.634848349502246,6.3883743602437395
SILGSLLGKALKKIPKLVPKLP,15,8,7,1.0323780364811586,1294,Rank,0.0965236637266882,0.0965236637266882,False,,3.396099,3.4261057,2.9330819,1.7422203,15.342711,8.636254,14.174566,7.269587,39.533676,28.055159,49.756214,14.688929991021945,9.128198679863967,9.128198679863967,9.128198679863967,20.943399971759188,16.879614097465307,15.148166807625795,15.148166807625795,10.93963359205121
GRLKRFRLKVVKAFKK,15,8,7,1.04545835240386,1295,Rank,0.0683619693427554,0.0683619693427554,False,,10.812106,7.8237987,12.68526,7.494723,6.6654882,10.083293,9.328603,4.2721634,16.700573,23.019756,29.25892,13.219103168055764,7.335323447564033,7.335323447564033,7.335323447564033,16.72845783100744,10.184208888185742,15.180400708918405,15.180400708918405,16.345020242196885
GTGFHGKVWRLWKGLLK,15,8,7,1.0527894629711754,1296,Rank,0.1326716790752351,0.1326716790752351,False,,16.323816,14.832288,5.3502436,5.332374,7.81853,16.746746,21.241014,6.0533133,10.339426,6.5133533,12.307387,10.344706537166681,10.378748565876966,10.378748565876966,10.378748565876966,15.63115054433246,22.790563586948714,12.828020972767732,12.828020972767732,17.400265799975443
GILGKFWRPKLTRFFKK,15,8,7,1.0828946428518498,1297,Rank,0.1385569975027894,0.1385569975027894,False,,20.290186,17.471035,12.556456,9.817872,2.4742384,7.380959,11.386998,5.1901803,10.316786,8.477041,27.628845,15.570304324612794,13.92692427218334,13.92692427218334,13.92692427218334,28.27738607997975,19.176309517371763,12.92495665337142,12.92495665337142,10.475651929063236
FRQIKIRFANRRFLHFVR,15,8,7,1.091722639969329,1298,Rank,0.1443986271983422,0.1443986271983422,False,,9.112737,6.4886956,12.5005455,11.926535,3.7573223,55.87149,46.61472,6.3923473,11.067496,6.257123,54.700233,11.83869138827804,9.15242479624621,9.15242479624621,9.15242479624621,16.652878378434078,21.896638575330712,13.138791673760815,13.138791673760815,5.723321076697505
GIWLSSKKTLFKGAVKNALPTALKGMAEHF,15,8,7,1.0963882966524547,1299,Rank,0.1065942796610169,0.1065942796610169,False,,4.910706,8.688865,6.085659,3.9730852,23.879065,19.418919,12.707272,14.927237,6.3553863,9.476152,25.339746,13.628215474662177,14.362664848137118,14.362664848137118,14.362664848137118,15.50965238402633,23.644671360254247,14.820172449436159,14.820172449436159,18.801270907862182
GFLSGLLAKVKGVVKKL,15,8,7,1.1005788169897337,1300,Rank,0.1588630220232718,0.1588630220232718,False,,7.3325224,4.7586164,6.050629,11.308687,12.200165,15.65126,16.872091,17.939798,10.0012455,11.047355,47.648563,13.390155976077763,10.843279707383488,10.843279707383488,10.843279707383488,16.428385594664366,16.88968984851948,15.085022137430968,15.085022137430968,13.115647783965688
GKWSKILRHLIRGL,15,7,8,0.8812145968359932,1301,Rank,0.043741449046278,0.043741449046278,False,,3.2744062,5.5903196,8.638661,5.5359173,8.931747,22.525942,19.159384,4.5408587,18.652622,4.023754,37.830097,6.824739209213158,3.348747757569529,3.348747757569529,3.348747757569529,18.2168637023644,11.47265388784849,6.664486742622331,6.664486742622331,4.0675669250398565
GLNWKKILGALKNLF,15,7,8,0.8860427282536818,1302,Rank,0.0865381422347378,0.0865381422347378,False,,6.736386,2.6039495,4.811563,11.036762,6.007665,16.143858,19.720549,18.729374,4.3202825,3.2520378,20.954792,15.03421478502454,3.1666519918833362,3.1666519918833362,3.1666519918833362,8.560991878370293,19.140891271871652,11.86446596115058,11.86446596115058,4.860673057353298
WGLKKILKHHRRFFR,15,7,8,0.8933897524760027,1303,Rank,0.1120519466287657,0.1120519466287657,False,,4.7545376,4.0492687,4.6582184,3.5439963,5.0742736,26.109022,22.487274,3.2478514,16.799164,3.1346314,36.205853,7.903466406873614,5.941389055763384,5.941389055763384,5.941389055763384,18.363026807370876,7.3772423966448795,8.30520783270812,8.30520783270812,8.12130402200875
GALFKSLGKHVAKTVAKEAGVKFLNKLQCKLSNTK,15,7,8,0.9172448989358486,1304,Rank,0.1425271721082833,0.1425271721082833,False,,2.093981,2.3718765,5.4115276,5.68848,1.7394321,16.218317,16.211124,5.7867546,2.679213,18.14411,21.317163,12.617789040304432,10.503099554358954,10.503099554358954,10.503099554358954,14.432765678368424,10.767783315619734,11.832651928721134,11.832651928721134,16.588514838966223
GILGKILKGLKTVAKGLGPHVLNHVAN,15,7,8,0.9269366518840725,1305,Rank,0.1532233359678019,0.1532233359678019,False,,2.5332518,1.8912532,2.5422122,2.040385,4.4985375,16.560736,20.479416,4.9989715,11.327952,30.200796,120.591965,8.825876902598628,5.241996504233931,5.241996504233931,5.241996504233931,14.021568052323696,23.711986153826043,10.577045004011916,10.577045004011916,9.349802266684378
ILEWAKAVVKVIAKFKQK,15,7,8,0.9278718977286035,1306,Rank,0.105749561659848,0.105749561659848,False,,2.6587276,1.7798198,2.9589324,6.876044,17.796164,29.078503,28.971313,2.4981318,2.8926806,2.8121004,22.031456,11.483463619624729,9.761812105639484,9.761812105639484,9.761812105639484,14.948721753347016,23.06263678860828,11.772449149247832,11.772449149247832,10.943267601552916
GILGKILKAGKKIVSHIK,15,7,8,0.9456530414814651,1307,Rank,0.1721228116199989,0.1721228116199989,False,,2.0791457,2.8016965,4.0671144,3.54789,13.365666,21.739176,17.430119,6.0404096,27.298933,12.456627,57.02512,9.354363912525596,5.170037638190164,5.170037638190164,5.170037638190164,8.731199156857807,20.68750143243862,9.736967156481725,9.736967156481725,7.415847973565344
GKFKKLLKGFLKHVRKA,15,7,8,0.9574179268001981,1308,Rank,0.1410994534031135,0.1410994534031135,False,,4.807531,6.155139,4.2346387,2.7376652,16.386421,9.887019,10.3463955,8.022805,25.893377,26.552725,38.393322,7.947510730710052,5.425490600159214,5.425490600159214,5.425490600159214,16.111612762234046,7.695858118647193,9.550977500761102,9.550977500761102,8.049033189052029
GILSSILRKGIKFAKKI,15,7,8,0.9587983740055016,1309,Rank,0.1620270824477976,0.1620270824477976,False,,2.383739,2.615046,4.9580455,8.209675,26.378355,16.997238,15.052454,6.2975683,14.089517,21.249268,27.355303,7.033400470492933,7.706643299536847,7.706643299536847,7.706643299536847,17.633576002658558,6.233472778416553,8.779882767654787,8.779882767654787,6.224380195927178
LKWLGRVLKLWK,15,7,8,0.9630507407546789,1310,Rank,0.1315848570081292,0.1315848570081292,False,,24.253502,23.119745,6.579937,16.09584,8.796714,11.534973,16.77488,2.4341352,2.7805357,3.861037,8.148238,9.15063876447568,7.126842598701899,7.126842598701899,7.126842598701899,12.021764442368207,16.861910368532342,13.253793577058516,13.253793577058516,7.184330516203705
GLWSKIKDFAKTAGKAALKAVTGLVNESSQQPK,15,7,8,0.9721794814078262,1311,Rank,0.1258878878646193,0.1258878878646193,False,,1.413538,1.4132937,1.9134375,3.4446254,19.064043,14.758096,10.227268,14.379505,24.327257,25.942621,51.808697,11.720727986091404,5.805394466796354,5.805394466796354,5.805394466796354,12.567065126501493,18.530626206750583,14.685261367869035,14.685261367869035,13.53623048935982
GLASWLGKILEKLKKL,15,7,8,0.9801904366957878,1312,Rank,0.1468202904999734,0.1468202904999734,False,,2.1184516,2.2178872,4.6391845,9.47489,29.119389,18.759571,19.230818,3.6895075,7.9337955,3.7098243,21.273184,12.725652546248568,12.506657764787018,12.506657764787018,12.506657764787018,18.124746146675754,14.130575043533616,14.282727286283334,14.282727286283334,6.160825059659963
RLQGKIWFIGYYKNLKKWW,15,7,8,0.9834419029133029,1313,Rank,0.1529155431432974,0.1529155431432974,False,,4.228876,4.5453243,13.940479,22.491547,4.697211,35.030396,21.652367,2.6306622,10.199267,4.155571,16.707096,8.597363168404087,8.661668658605922,8.661668658605922,8.661668658605922,15.656008498376872,18.296849189118486,9.075436097832712,9.075436097832712,8.84774621173638
GIQNAIKGTVKNSIKKTIPALKGNIVKMLSAAIV,15,7,8,0.9922807447390861,1314,Rank,0.1675013532091812,0.1675013532091812,False,,1.4250134,1.6878488,3.503317,3.4024878,29.551758,13.240743,15.723369,17.164896,15.3635845,40.775627,28.629581,11.671053547822615,8.114115764118143,8.114115764118143,8.114115764118143,13.95555964525792,20.54207745654284,10.370125808231728,10.370125808231728,6.71432572851339
GSLGSLFKKVKGIISKLLG,15,7,8,0.9924942731447202,1315,Rank,0.1573500013283034,0.1573500013283034,False,,3.089496,2.474666,4.789031,6.032947,18.036907,16.43125,16.732948,7.1963806,4.504228,5.324186,25.643288,11.609834040480296,12.466269276668399,12.466269276668399,12.466269276668399,18.835249001053366,12.154478988549757,13.507958683149623,13.507958683149623,15.538705404978515
GFWSKLLKKIGKHVGKN,15,7,8,0.9986610243962755,1316,Rank,0.1302291572578502,0.1302291572578502,False,,10.0706215,10.735798,3.979794,4.4245043,25.404278,23.555708,14.318739,6.519811,17.009518,6.1761804,19.75736,10.187597547822104,5.144586111724387,5.144586111724387,5.144586111724387,18.140030976091165,12.319848809445602,11.001869128244062,11.001869128244062,11.350670702795412
GKWMSLLKKIKPKIKSI,15,7,8,1.0023161110916152,1317,Rank,0.1749657961851123,0.1749657961851123,False,,17.730028,19.836887,8.584115,5.485872,7.4834967,6.7657056,6.720866,5.5372133,28.39011,6.5645156,40.056602,10.050843502769862,6.466132901342875,6.466132901342875,6.466132901342875,22.590331579481184,9.837111387052815,8.703375653828141,8.703375653828141,10.44042082444512
KDRFKKMEKLAKKVAKSVAKAVPKAVPGVTQL,15,7,8,1.0170707282305844,1318,Rank,0.1382651858296583,0.1382651858296583,False,,3.0730214,3.0518124,1.6063985,1.9551392,24.456753,11.647377,10.150704,14.584845,60.12279,44.74337,41.339146,10.60851401252253,7.215019429598418,7.215019429598418,7.215019429598418,18.57977563943365,12.145337691850463,11.345914116975935,11.345914116975935,13.728081203980672
GNWKDIFARVKKYLPKIK,15,7,8,1.02013633108166,1319,Rank,0.175725419743903,0.175725419743903,False,,21.783138,21.860552,4.161196,7.7889037,12.014953,6.0899277,10.759452,18.883526,12.574915,6.9038796,60.88501,7.751071430185438,4.475336948040589,4.475336948040589,4.475336948040589,14.90015657549048,40.442443911354935,9.252289805343056,9.252289805343056,5.8152555666665515
GKPWKLSLKKLLDAAKNFGQRGHGYHPHIG,15,7,8,1.0292068751876688,1320,Rank,0.1728830578210509,0.1728830578210509,False,,9.38806,13.597325,3.287258,8.91336,20.442297,16.515232,18.011116,8.477165,11.087066,8.692395,22.711578,11.953762828442828,6.451171974633164,6.451171974633164,6.451171974633164,15.886168618011085,23.209857237254305,9.838323844432416,9.838323844432416,7.940896968849555
GKLPFLLKIGLKLLR,15,7,8,1.0332262091173532,1321,Rank,0.1255311138488921,0.1255311138488921,False,,22.891409,21.36952,22.731087,15.428061,12.854252,10.459826,16.380354,4.9866056,1.422083,2.3394208,7.6703978,14.22520093655984,12.481814206931578,12.481814206931578,12.481814206931578,16.313053560642324,13.487436820865666,15.976461651915155,15.976461651915155,6.183824320987383
GILGKILRGGIGALKRL,15,7,8,1.0434926700237277,1322,Rank,0.0907750152754901,0.0907750152754901,False,,8.786683,10.554726,9.255336,6.7298694,27.869123,19.670391,21.227638,7.350004,3.9889617,6.448242,31.783707,10.325248635598005,9.45092588938806,9.45092588938806,9.45092588938806,15.692704049817648,19.03983085645946,10.886791969606818,10.886791969606818,5.943839096143756
GLWLKIKKFLK,15,7,8,1.0540561697919846,1323,Rank,0.142416238012061,0.142416238012061,False,,14.22597,11.975248,4.0297036,4.3858347,68.76569,19.622023,8.580995,9.906686,19.757029,6.617186,41.110397,14.162206242932383,5.687637732616008,5.687637732616008,5.687637732616008,16.76496097712215,9.798410371765108,14.566896449547182,14.566896449547182,7.149643803418299
GLLAKKLSSLIRKL,15,7,8,1.0551983260928934,1324,Rank,0.1626891587189841,0.1626891587189841,False,,17.372952,16.132757,5.5994606,10.4702425,22.54482,5.647911,9.428683,7.702328,14.208167,9.514241,29.259684,9.327723775633551,9.562973803369374,9.562973803369374,9.562973803369374,20.10160076476658,8.696786937967264,12.017996605948726,12.017996605948726,10.263219944535814
GKWKKLLHRGLAHIAK,15,7,8,1.0632778901593052,1325,Rank,0.1170646319271027,0.1170646319271027,False,,6.363869,12.2761,12.539406,6.036558,19.261162,17.234936,17.312885,3.6081333,12.199713,10.457346,47.6101,10.360301531361001,6.652285306096868,6.652285306096868,6.652285306096868,19.19306064719858,13.530446608471772,14.75544211195419,14.75544211195419,14.34992471895029
GMWSKILKHWKIF,15,7,8,1.0694279653760077,1326,Rank,0.0780382451782583,0.0780382451782583,False,,9.172312,12.547952,4.700205,9.584513,31.531395,16.753115,15.5780115,3.0853138,25.92723,5.2046146,40.86189,12.394943532907405,10.324803680075467,10.324803680075467,10.324803680075467,17.518013419686586,15.048347235775768,11.841652141195233,11.841652141195233,6.683737110664249
WKLKLLKWL,15,7,8,1.0700916867001244,1327,Rank,0.1608091941846873,0.1608091941846873,False,,39.054897,34.019825,3.9467409,9.386674,30.663307,6.838512,12.314254,7.1854367,15.300865,4.8820868,27.308016,8.42737963327651,8.447969337159739,8.447969337159739,8.447969337159739,19.27805200692891,10.968691318600067,10.203350587795745,10.203350587795745,12.105122499102372
GKISSYLKKWKVLYKVF,15,7,8,1.0733501159605088,1328,Rank,0.1303225535970458,0.1303225535970458,False,,2.8853028,3.7436414,38.91917,41.745705,13.6521,32.45319,17.261415,11.597301,11.177569,7.781802,12.240239,10.347660052929164,7.719043120707642,7.719043120707642,7.719043120707642,13.471593483408078,20.485172876906255,11.859741471389848,11.859741471389848,9.573970729402756
GIFGKIKGMGKLFFAFGKPKLQ,15,7,8,1.0773987121788553,1329,Rank,0.1480471033021624,0.1480471033021624,False,,3.3013043,8.319881,22.47117,22.76571,11.03343,8.203668,9.593034,27.72217,10.075587,11.773897,21.51632,14.177729267140029,9.70637819609627,9.70637819609627,9.70637819609627,10.944337011021933,17.061451163669584,14.599953188492787,14.599953188492787,7.927159361396025
GIRGKWKKIWNRVKK,15,7,8,1.0829240915575016,1330,Rank,0.1304304782556718,0.1304304782556718,False,,9.913225,9.8827095,7.467046,4.1856904,50.150517,24.141825,12.865124,22.699717,14.364814,2.9934995,22.777767,11.796029742672054,9.918663713441104,9.918663713441104,9.918663713441104,20.601390621899267,9.291496050543179,13.212388510392929,13.212388510392929,11.167718380662311
GINFKKLISKIIEKVSRF,15,7,8,1.0829499786881476,1331,Rank,0.1682109578396472,0.1682109578396472,False,,10.400914,12.274139,6.7529964,16.812578,27.464727,13.520994,14.119072,16.992266,14.820526,4.156628,26.474947,13.927027488029212,9.390055754141489,9.390055754141489,9.390055754141489,13.120440403189498,20.68309538368382,12.13707609196112,12.13707609196112,4.69753337115839
GLFRILIRGAFKAIGKQGLK,15,7,8,1.092157956747488,1332,Rank,0.1570432462409011,0.1570432462409011,False,,4.4501796,8.093367,11.544812,5.513481,33.918713,41.519825,44.53402,6.478303,8.534947,12.426721,19.69599,12.245857772366017,8.94405108843466,8.94405108843466,8.94405108843466,16.461183735697418,12.519610108933884,15.460622813027904,15.460622813027904,8.29771558483978
GIGGKILKGAIKHIYKAITK,15,7,8,1.0946258391789219,1333,Rank,0.1553384517294511,0.1553384517294511,False,,8.098734,8.723806,5.326245,7.9164696,46.6802,70.10414,59.624004,5.4182653,8.202679,4.049503,48.95547,12.273307102317387,7.624020030093252,7.624020030093252,7.624020030093252,20.608245459778168,8.553470795724648,14.992106889247074,14.992106889247074,7.074603747920096
GILGKVWRVAIKVGTKL,15,7,8,1.1085456233785849,1334,Rank,0.1334816328834812,0.1334816328834812,False,,7.0137343,7.093182,13.327289,9.375282,38.15396,36.621975,27.317072,6.1812186,5.9787416,6.5068913,30.016613,11.87784865384004,10.299481367183757,10.299481367183757,10.299481367183757,14.62425504201395,16.345145865714915,14.842261766550559,14.842261766550559,12.665275500517087
GILGKVLKFWKEKIKSVKA,15,7,8,1.113210232357161,1335,Rank,0.1350313894718665,0.1350313894718665,False,,3.7477334,4.541987,9.638188,12.502841,5.7880645,26.290363,16.250364,8.564845,32.395252,9.622899,35.13138,13.87620426444923,15.465830807002286,15.465830807002286,15.465830807002286,19.038978999328535,15.88517879559849,13.731978090861931,13.731978090861931,13.191631310735458
GKLGKFLPKLEKVAYNAVQRGPGVVFGVIGVQWK,15,7,8,1.1639380016910217,1336,Rank,0.1242337349237554,0.1242337349237554,False,,6.9930477,10.782676,12.842116,13.5796385,45.362926,13.798425,24.176538,26.9479,4.598339,7.673347,21.704165,13.352476840854616,14.841528456476093,14.841528456476093,14.841528456476093,15.062306920101475,13.281679248788821,13.155561590242996,13.155561590242996,30.61277271270134
FHFPFSSVHRGIRHFGKKIR,15,7,8,1.1866189909761529,1337,Rank,0.1046381452234206,0.1046381452234206,False,,10.831122,15.687325,6.8630047,9.51593,13.031157,37.324944,34.35654,15.921551,22.876259,11.8940935,60.350502,11.74403090394378,12.588373657141869,12.588373657141869,12.588373657141869,13.738387369365714,17.830312413007196,11.781073719651827,11.781073719651827,13.983866209694293
GKWKKLLKHLLKH,15,6,9,0.6343537359021809,1338,Rank,0.1534080531719887,0.1534080531719887,False,,16.563967,20.505138,2.9455528,3.0625174,22.438158,5.4335856,7.693083,1.2147256,19.60879,8.286873,49.02027,2.030813570466409,1.2135502060121353,1.2135502060121353,1.2135502060121353,3.598243862879254,2.1501950988930747,1.7862614216906936,1.7862614216906936,1.9526796319037536
GWLTKTLEKLAGGIRKVGGRILELANLGQKGFL,15,6,9,0.6593796866024966,1339,Rank,0.1708397534668721,0.1708397534668721,False,,13.17116,16.159828,2.1941597,3.83998,5.123289,18.897755,22.780363,19.091179,2.532861,4.2538834,37.311363,2.3077880805957687,1.3567497631276102,1.3567497631276102,1.3567497631276102,3.621863393859617,5.005882515497017,1.668140550966879,1.668140550966879,1.7449061985712542
GRLKKFGKKLENGVKKVFEKASKIGPKYPAYAA,15,6,9,0.6731556602430754,1340,Rank,0.1655103508049519,0.1655103508049519,False,,7.78577,7.1510296,1.555856,3.396231,27.761456,5.4534187,6.7175684,20.170639,34.914337,25.402166,21.73476,1.3776294247341416,1.4818742114216812,1.4818742114216812,1.4818742114216812,2.375341269895809,2.672135915704709,1.4609948393293952,1.4609948393293952,4.111079311881617
GGLGRVGRKIERVLKKFRNSEIRFICPGSKITL,15,6,9,0.6987251406642332,1341,Rank,0.1161856686015621,0.1161856686015621,False,,23.033213,23.12189,2.807183,3.9444444,23.475058,5.803814,6.6970916,16.728333,14.005697,12.121402,18.13552,1.6602992343627074,1.6045655444493212,1.6045655444493212,1.6045655444493212,3.414762325376688,2.952485364161634,1.19892466268726,1.19892466268726,3.423189809946204
GWLSKFGKKIEKLGKNVLQGIPKAGPVVAVQ,15,6,9,0.7099370707055219,1342,Rank,0.1620090258222198,0.1620090258222198,False,,6.501437,6.36938,1.1215845,1.1387467,9.092955,7.29443,18.360577,38.351917,30.318058,17.96135,29.56991,2.8370496854388185,1.6663255587479382,1.6663255587479382,1.6663255587479382,2.6780610548979458,3.4145692436332857,2.1511768356046788,2.1511768356046788,7.152543007106508
GKFWKKLKSHFAKKYRSLISEKVR,15,6,9,0.722631968246082,1343,Rank,0.1499970113171457,0.1499970113171457,False,,1.6611844,2.7456574,25.792038,34.16984,16.030497,18.271433,15.037566,2.246803,12.312091,5.234228,19.175257,2.5149101315298386,2.1456703301165336,2.1456703301165336,2.1456703301165336,3.447761511174576,6.3162441364872866,1.8283265163288764,1.8283265163288764,3.189654538506646
GKLKKFWKKLENAGKSVFRAAEKAPPVVAAG,15,6,9,0.7584028319229217,1344,Rank,0.0938321887784921,0.0938321887784921,False,,13.799304,14.502755,0.8484853,1.1197431,72.022804,15.20599,13.104981,24.502666,50.72998,33.370045,21.113201,1.7036677531240971,1.3689431908696288,1.3689431908696288,1.3689431908696288,1.6895431404547367,2.644456874342406,1.7711137763052809,1.7711137763052809,10.058571255803699
GKWKSLLKHLLKH,15,6,9,0.8144345225862963,1345,Rank,0.1745087767653153,0.1745087767653153,False,,17.198753,19.987394,6.2728114,13.821959,34.827213,15.467682,9.519616,1.8119317,28.443432,10.547899,47.76886,3.714490067541696,1.385174336725942,1.385174336725942,1.385174336725942,4.584389049527524,5.005784958020504,3.350479051412823,3.350479051412823,1.9258720821775597
GLWATGKRIGQRFRKFFRNLEKKVQSGE,15,6,9,0.8162535109796902,1346,Rank,0.1690484116811009,0.1690484116811009,False,,3.6960032,3.8995543,2.7547505,2.2762334,18.062496,21.574234,16.422722,22.20521,10.006004,13.519276,18.522392,4.155252201538263,2.945484704855142,2.945484704855142,2.945484704855142,5.646259579728216,11.486650825406457,4.246032672648708,4.246032672648708,5.2906722864005555
GKWKSLLKHLLKKIA,15,6,9,0.8322001890293457,1347,Rank,0.1165121406939057,0.1165121406939057,False,,2.1284335,2.6638145,3.2858665,7.627856,28.60494,18.786913,13.873299,1.6421337,18.14022,22.491201,31.094189,6.451214473473543,2.8847300643965847,2.8847300643965847,2.8847300643965847,9.692195845441837,8.337855480363185,6.078843837934405,6.078843837934405,4.316111108491594
RWKSFRKVGNGVRKVGKGIIKAGQNQTVIRA,15,6,9,0.8462320139699514,1348,Rank,0.1665524464029541,0.1665524464029541,False,,17.451231,18.755257,12.695658,12.67231,21.479668,6.020008,10.257882,39.15999,11.087766,15.856796,29.659124,2.403801296368423,2.192407969967071,2.192407969967071,2.192407969967071,3.7828208239143137,2.4133297628137087,2.505461271016439,2.505461271016439,4.060382987203209
GKWKKLLSIGKAAIKHF,15,6,9,0.847248933964773,1349,Rank,0.0679655537697253,0.0679655537697253,False,,4.1209574,3.000698,2.3736672,3.6028712,37.048367,25.155909,17.538197,7.042571,7.05964,24.830757,27.846773,4.184820193105322,3.6474776990402265,3.6474776990402265,3.6474776990402265,10.309842241690324,10.404811249115914,3.5517193594070635,3.5517193594070635,5.395091333239533
GGLKRWGKKLEGVGKKVLEGIRKAGAGVQVQPAG,15,6,9,0.8476929054029391,1350,Rank,0.1556653389166356,0.1556653389166356,False,,16.019642,16.77653,1.4682947,1.5338838,55.450665,9.291967,12.485446,41.09519,12.715918,11.20681,29.271322,3.261909005919812,2.695288156268618,2.695288156268618,2.695288156268618,3.8147667279948405,4.083248235646343,3.430588922702873,3.430588922702873,11.505814752867206
GIFGKLFKNLESVVKRAGKVAAKAGPALATS,15,6,9,0.8484574691820196,1351,Rank,0.1319698574730354,0.1319698574730354,False,,6.617961,6.1321926,1.3179598,1.7442417,33.7101,6.6721487,7.1124883,18.937645,21.471392,37.350506,49.762634,4.8541265288247315,3.546949406971588,3.546949406971588,3.546949406971588,5.328337264154941,6.025741014284263,4.501073866824346,4.501073866824346,5.860797738012516
FGKWLKTLWKKI,15,6,9,0.8501277322957789,1352,Rank,0.172586057462409,0.172586057462409,False,,19.136724,21.24417,9.626288,16.414593,6.489781,10.203507,9.562201,4.9626822,16.716225,3.4474578,38.084557,6.343823876050748,2.562657707245485,2.562657707245485,2.562657707245485,5.81052786951031,7.0587445377469376,3.896943512579253,3.896943512579253,3.4143199406391243
GWLSKIKKAGKHIAKAGPAVAKTAINAASGQLA,15,6,9,0.8522173134095233,1353,Rank,0.1539661481855374,0.1539661481855374,False,,5.6791434,7.5559797,2.7520168,3.104083,16.971624,45.744274,21.017702,5.9600058,12.263323,20.982765,23.455921,4.673035241430553,2.7478917681074373,2.7478917681074373,2.7478917681074373,5.617203821174934,7.357196096840657,4.0127420075495905,4.0127420075495905,7.977372642792835
GGLWSSLLGSAFKAGKAAKKSIENGLKQQC,15,6,9,0.8728564540382783,1354,Rank,0.156707019419797,0.156707019419797,False,,1.4850886,1.5968655,8.934144,17.869558,24.756985,26.921368,17.085934,5.236238,1.7423654,9.68621,40.98531,6.128007703270356,5.0288544237103325,5.0288544237103325,5.0288544237103325,10.443232539287918,6.02472058094635,6.826224913250755,6.826224913250755,8.029856597348086
RTKLRFFLPRLVKLRLGIRFSDINLTGGI,15,6,9,0.8848690982139333,1355,Rank,0.0620579239944742,0.0620579239944742,False,,18.837652,21.596033,5.6360793,2.513059,4.3056455,17.572136,18.310146,16.757364,4.2437453,8.973206,4.5005636,4.275246693098622,7.293656704448774,7.293656704448774,7.293656704448774,6.482930903508539,10.374812190999856,5.3273281844793985,5.3273281844793985,6.862930255236281
GILSKILKKGKKIFNAAK,15,6,9,0.891301581277116,1356,Rank,0.1578672095000265,0.1578672095000265,False,,3.9571502,6.1657634,4.143627,5.1734977,29.244596,19.247385,14.813116,8.288304,39.17477,26.556246,57.505608,5.01967370499433,3.0029243885358237,3.0029243885358237,3.0029243885358237,6.092600127702132,4.318327117270219,3.569104439848428,3.569104439848428,6.800472387818563
GKLFKLLKKLL,15,6,9,0.902550212691764,1357,Rank,0.1504133514425376,0.1504133514425376,False,,22.14952,15.835293,7.980259,16.553568,8.943369,5.103097,6.944834,7.0553827,23.442379,24.182293,20.877577,5.067138983192091,5.159747909629091,5.159747909629091,5.159747909629091,4.4992839866820935,3.7612434938224397,4.604734034115258,4.604734034115258,3.671777176592913
GMWSKLLKHLIK,15,6,9,0.9047741761288679,1358,Rank,0.1721603777030976,0.1721603777030976,False,,10.163273,13.20746,3.313969,8.210849,47.745865,18.29396,17.397371,2.9787414,15.165491,17.680826,68.84433,5.7298963091886,2.389652553021889,2.389652553021889,2.389652553021889,8.442236694915305,12.620078589128793,5.05883947240762,5.05883947240762,1.9148491340653835
GIRGKIRGVAKDYVHRLVRRIRLR,15,6,9,0.9066116235988394,1359,Rank,0.1497473317703628,0.1497473317703628,False,,3.4061527,2.5628846,2.3487556,2.8449764,8.708573,16.869987,21.316813,5.770955,18.002491,18.72333,23.69176,7.3761611388025115,5.933473299445836,5.933473299445836,5.933473299445836,10.757419907430316,10.380144600103424,11.427715961877755,11.427715961877755,7.167873138180472
GRLKKFAKKLGNHVFKAVSKYEPPVAVAETATGLS,15,6,9,0.9159809018906421,1360,Rank,0.1158782908718984,0.1158782908718984,False,,10.78388,12.036871,3.949107,8.897158,48.141335,13.294267,14.5898695,22.639395,19.69327,43.42633,32.749382,2.7958440139744143,2.8400731977008005,2.8400731977008005,2.8400731977008005,4.888220750085404,3.4966645050545,3.374818769720366,3.374818769720366,6.200106764423772
GKWASLLKHILKKI,15,6,9,0.9172365639952197,1361,Rank,0.0897972593778226,0.0897972593778226,False,,3.1704936,5.5104375,3.2355647,6.361533,29.26533,34.291313,17.388939,3.6530116,17.5652,13.259528,47.332657,10.372613939802049,3.446152576956782,3.446152576956782,3.446152576956782,10.507745079742735,11.271647786465179,7.5624076257350055,7.5624076257350055,3.0436441678848025
GKWFKNKLSSLLKHL,15,6,9,0.9182660603561839,1362,Rank,0.0950859827453376,0.0950859827453376,False,,23.073654,22.226217,3.1005428,12.370601,14.102126,20.939337,10.686417,3.1566613,18.121532,5.9380093,32.66702,5.282432923212901,3.7456239825870794,3.7456239825870794,3.7456239825870794,7.65020918054788,12.487036717287735,4.616740766524167,4.616740766524167,5.957275156247939
GMWSKILKHLIKSHI,15,6,9,0.919986664325662,1363,Rank,0.1638896129987779,0.1638896129987779,False,,3.6985712,6.5894675,3.0005448,4.927011,38.488636,20.266283,24.43186,4.003289,15.271112,27.896868,63.35852,7.596435767341568,2.7112593558473606,2.7112593558473606,2.7112593558473606,10.970934587224523,11.66589051592218,6.536450090785179,6.536450090785179,4.086820694679104
GLNWKWLKERIKKLL,15,6,9,0.9252499817796537,1364,Rank,0.170931904521545,0.170931904521545,False,,18.502066,19.706388,6.503904,21.572262,41.148262,15.122812,15.711694,5.1372814,2.4262877,2.9570625,25.52591,6.588280444183549,4.512124109600858,4.512124109600858,4.512124109600858,9.039940086570216,9.181698969710384,5.74915604340646,5.74915604340646,4.094172777533906
GIKGKLKRIGKKFLSALK,15,6,9,0.9320132710050272,1365,Rank,0.1282533058153127,0.1282533058153127,False,,3.456724,4.4394736,9.984378,6.381688,27.61278,5.2234707,6.8966064,23.88585,25.842161,21.429941,26.683012,6.634432933246507,5.242835434417779,5.242835434417779,5.242835434417779,8.888077556872032,6.744169403915059,5.877846041516836,5.877846041516836,6.425506139836133
GKWEKILRFIRKGYK,15,6,9,0.9404417048108318,1366,Rank,0.1297173453190584,0.1297173453190584,False,,8.282367,9.510362,8.536776,6.739419,5.9988117,33.413685,19.970745,34.706627,22.351723,6.198258,50.618202,5.694476761652996,2.577076431067509,2.577076431067509,2.577076431067509,7.452771240951757,12.228844314626691,5.331972997419627,5.331972997419627,5.775210668030804
GKWKKLSSMRRKWKEFLKKA,15,6,9,0.94174731634666,1367,Rank,0.1187874830641304,0.1187874830641304,False,,4.2865853,5.3021984,6.985506,8.466137,17.943369,24.176413,17.478748,2.6534252,16.43124,9.205079,25.282166,6.109442237550993,6.052573925555976,6.052573925555976,6.052573925555976,13.48891036112762,6.384898032856048,7.183553580946458,7.183553580946458,10.983460149733155
GFFGRLLRGGLKAGKKIGHGLK,15,6,9,0.9473887407345509,1368,Rank,0.1759736464587429,0.1759736464587429,False,,21.313196,21.071245,4.1787496,2.5238392,8.59434,30.17635,32.69751,6.872201,5.9342685,11.977112,34.03474,8.76008539715642,4.617351619994775,4.617351619994775,4.617351619994775,9.45062237517438,5.902923330731501,8.316780769071924,8.316780769071924,3.990903608823373
GILGKLLKKIGQQVKQFAISAGQPGLSN,15,6,9,0.9526034081259388,1369,Rank,0.1363872967695659,0.1363872967695659,False,,3.1116095,4.625587,3.876078,5.2973557,33.89138,10.677213,16.627916,21.610514,5.9476614,17.802937,17.380613,10.229888185043363,4.922836847725773,4.922836847725773,4.922836847725773,10.723404403643737,9.467641987427186,11.761544948461957,11.761544948461957,9.300174073569552
GGLKDWFNKGKNFLRCGIKVKGKRCKIS,15,6,9,0.9531134672414137,1370,Rank,0.1475108007677594,0.1475108007677594,False,,22.742426,31.92915,5.822112,10.289421,8.260399,16.930355,18.698559,8.73241,10.884477,15.244317,20.820389,6.890776450356431,3.7228366072894983,3.7228366072894983,3.7228366072894983,8.420412760145384,6.64168297861495,5.214208080266627,5.214208080266627,6.221307314237081
GKLPSILPKIAAALSKLFK,15,6,9,0.9897867013333139,1371,Rank,0.1609868547765793,0.1609868547765793,False,,2.2166867,1.9015665,5.159955,2.6544025,24.895933,19.152521,18.542587,5.4915056,18.90687,9.8271055,26.765177,11.592549089778593,10.024987755833871,10.024987755833871,10.024987755833871,15.19730256611233,14.651162896674045,12.994690942391664,12.994690942391664,10.206409424733565
GFFSKIWRRGKNFAKKISKF,15,6,9,0.9933135599421135,1372,Rank,0.1182291805031613,0.1182291805031613,False,,6.63949,9.560771,8.382785,8.79372,35.405964,33.259663,13.643449,27.063637,21.782278,5.5700583,43.086147,7.914520810996254,4.031745117594008,4.031745117594008,4.031745117594008,12.338787173582679,6.192935854128775,6.131234770554764,6.131234770554764,4.6377626878463145
GISLTGLTLSLKKILSKAGKAAISKAGKKGSS,15,6,9,0.9968398484354328,1373,Rank,0.1564951135035333,0.1564951135035333,False,,2.0593696,2.0033054,5.91536,9.041267,16.551937,16.423899,15.207168,5.791073,36.270466,25.53823,24.731548,8.860607774658874,7.900516547934614,7.900516547934614,7.900516547934614,14.683495917663349,11.60732313103742,11.274237719565155,11.274237719565155,7.54764442218111
GKLDSLLKKWKAFAKKVL,15,6,9,0.9995417876681687,1374,Rank,0.1134807030710376,0.1134807030710376,False,,4.451232,3.971272,7.4526863,14.678382,29.488337,16.354023,13.184298,3.2438674,24.685314,19.774424,38.619392,6.728055443235806,6.823143327634953,6.823143327634953,6.823143327634953,14.368717709000602,13.162485821443846,7.325299198152188,7.325299198152188,6.004021843540837
GKLGKILIHIRKIGQNLRK,15,6,9,1.0144339676126808,1375,Rank,0.1276468522528027,0.1276468522528027,False,,5.185825,6.087618,20.331575,18.044607,5.483992,18.987307,25.595306,7.9396567,9.241189,3.0270996,28.343307,8.29176853158244,10.535190039096053,10.535190039096053,10.535190039096053,14.320912546242479,12.574480348649825,11.625893751456452,11.625893751456452,4.2391676557987115
GKKGRLLKIITRVGKIAGELIR,15,6,9,1.0192090146128425,1376,Rank,0.175774608482546,0.175774608482546,False,,16.190756,23.869215,4.0195107,2.3176427,11.783047,15.100947,27.868917,28.354683,14.906968,13.958755,60.85146,5.997062905655827,6.491504844706308,6.491504844706308,6.491504844706308,12.913247239595458,8.378431025802715,6.810741154703669,6.810741154703669,4.589654561127534
GMWKKLLGHGLKLI,15,6,9,1.0306825071889005,1377,Rank,0.1669007109744434,0.1669007109744434,False,,18.519855,21.365269,9.116942,15.478555,9.146017,21.386444,21.711231,3.4323041,12.327126,12.544312,49.143826,10.688698398255987,4.356906861801757,4.356906861801757,4.356906861801757,13.361774808640316,10.271646669955937,9.067375948929298,9.067375948929298,6.658540409794767
GWLSKGGEKILEKWKKLGGHIRGGVVALVIPG,15,6,9,1.0336894530557914,1378,Rank,0.1671117867010254,0.1671117867010254,False,,15.691364,19.415907,10.5794935,10.279205,25.392546,13.267152,19.198196,25.06106,7.678599,8.679071,25.406454,7.309341450794618,5.330200907750673,5.330200907750673,5.330200907750673,13.108201275145523,11.999227828545958,6.236947123058591,6.236947123058591,7.66220271478912
GLFKKIASGIKSLF,15,6,9,1.0413114526966478,1379,Rank,0.1639199149221614,0.1639199149221614,False,,4.1453056,6.6979556,10.855675,11.5496235,36.585102,32.52116,19.736015,33.50924,8.048711,6.9501834,37.748337,9.853052675819722,7.546351761267347,7.546351761267347,7.546351761267347,7.262495757919011,6.1499677450263235,9.633875005501688,9.633875005501688,6.601583892340802
KKWWGKVLSHLLKH,15,6,9,1.0455063998797824,1380,Rank,0.0700109335981084,0.0700109335981084,False,,12.172318,12.145824,3.4766927,8.735342,47.714985,27.195967,17.399607,2.9645765,14.062598,17.716976,49.726475,10.568092151260315,5.671167579158154,5.671167579158154,5.671167579158154,15.466386939337612,11.555372673797574,9.802154956136734,9.802154956136734,6.59701182253855
GISDLFKNLAKKAGKAALQAVKCKVTNNCNPPT,15,6,9,1.051284661206066,1381,Rank,0.1691418080202964,0.1691418080202964,False,,2.5140336,3.1446185,5.1043134,4.963186,4.8532343,46.968704,29.648363,3.996513,20.982552,34.3315,79.17823,11.474512021116812,9.950713741370247,9.950713741370247,9.950713741370247,12.012287714808277,14.470760219187488,12.529483633791402,12.529483633791402,11.145442748036933
GIVGKILRAGLGIGKNIIK,15,6,9,1.0531274015472611,1382,Rank,0.1736383228840125,0.1736383228840125,False,,6.797016,6.2786856,5.8185816,3.8659062,46.75984,36.82565,24.795511,9.772122,4.373976,19.06587,26.900986,12.641352090920867,6.607504752430144,6.607504752430144,6.607504752430144,12.533442792322841,13.833633178213926,14.984619138650277,14.984619138650277,9.053195342531806
GLGRVISKIRGGIARFKK,15,6,9,1.0534664762053312,1383,Rank,0.1723165571369746,0.1723165571369746,False,,5.7027497,6.796744,38.405655,23.339142,41.252148,4.9518695,13.243345,35.023205,11.086308,11.976823,52.669582,6.521369429640615,5.755037409427648,5.755037409427648,5.755037409427648,8.384638161727944,9.379089863834619,7.336215468789366,7.336215468789366,9.685767775944587
GILGKVLKKVVSAGKGLI,15,6,9,1.0587450867192494,1384,Rank,0.1761311749508527,0.1761311749508527,False,,4.514862,5.284086,8.422813,5.3574224,32.146862,15.238431,17.002167,26.396246,9.6761055,22.68123,79.441734,10.229539999312271,8.27736712124065,8.27736712124065,8.27736712124065,12.924452880514423,9.259543367065202,8.79870804098062,8.79870804098062,6.7446710988343055
IIKWFWKAAFKR,15,6,9,1.0668205259058348,1385,Rank,0.1611894210589235,0.1611894210589235,False,,3.9853687,4.628478,9.230884,14.419699,48.796158,47.374096,19.267063,1.6128378,38.878437,6.499759,34.88418,11.894556621372226,10.971982606814205,10.971982606814205,10.971982606814205,10.20268684041926,12.509462796713725,10.63528212049195,10.63528212049195,6.152932766260783
GIMDKFKGLVKTAGKNALQSLKCKIFRTCPSGLN,15,6,9,1.0801194338476379,1386,Rank,0.1294861374926943,0.1294861374926943,False,,4.4082103,6.528176,10.042846,34.199944,8.212844,17.274643,15.87775,17.65179,8.972678,16.114819,32.74958,10.700011770008961,8.659163096663429,8.659163096663429,8.659163096663429,14.294230622871003,11.693243403314355,12.860696605632986,12.860696605632986,11.199069457213882
FKLPLRLKTVFLKLL,15,6,9,1.1011856694322724,1387,Rank,0.1068396007119706,0.1068396007119706,False,,15.834449,14.802825,3.0874853,4.80809,101.654655,14.143862,16.99487,16.191784,11.530551,19.325306,38.90444,10.022563753480878,8.600084547811754,8.600084547811754,8.600084547811754,14.081718327385634,12.506235519477068,11.834282506489892,11.834282506489892,5.627970166644654
GFWSKLLGFGKKYIGLGKRKNINQQ,15,6,9,1.1031395338649925,1388,Rank,0.1595962870596673,0.1595962870596673,False,,11.279274,12.142848,22.334723,23.88248,11.023389,12.843287,14.02948,47.39924,16.161247,9.337385,17.661512,14.186270093053366,5.96893087200354,5.96893087200354,5.96893087200354,13.257443021098313,9.60172529236002,12.962493195282027,12.962493195282027,9.769057522870387
ALFWKIAKKVGQKVKKIGQKI,14,11,3,0.969638670744305,1389,Rank,0.1369069955103342,0.1369069955103342,False,,2.9293866,4.690826,1.7446494,1.8261391,11.295676,9.71679,2.8858232,5.444268,12.635212,5.0557365,14.530991,18.71109727218009,12.446185463919896,12.446185463919896,12.446185463919896,27.775914425052594,24.499524355042677,22.895268494159758,22.895268494159758,27.395127769746235
GKLFKIGLKVIKAIRRIH,14,10,4,0.8590531116094245,1390,Rank,0.1736873040752351,0.1736873040752351,False,,2.8798614,2.9352534,4.2182274,3.1568823,3.1266835,3.126623,6.0943365,2.8269718,1.7208185,2.364006,27.204771,14.322327754779357,12.70402446321191,12.70402446321191,12.70402446321191,19.9885645786836,23.703415755656696,16.80075516922053,16.80075516922053,18.413354060407773
GFLSTLKKLLPKIISVAKK,14,10,4,0.8707265122873877,1391,Rank,0.1083762818128686,0.1083762818128686,False,,1.721948,1.5921197,3.7704077,2.3345876,5.5302916,3.3454287,4.519107,3.6871378,8.479645,2.8392124,26.576744,17.42598547252142,12.74158387049875,12.74158387049875,12.74158387049875,22.6865928325193,17.1208810775512,21.80022230254881,21.80022230254881,8.200343948236652
WKLRGKIRKGLKKFRKFY,14,10,4,0.8787735661578188,1392,Rank,0.1513472110607832,0.1513472110607832,False,,7.648116,7.3322196,4.740618,3.6203392,1.407705,1.9977196,2.391427,4.770994,2.7228792,3.2838993,18.56863,15.99775804108561,9.119878887091582,9.119878887091582,9.119878887091582,36.39815607348207,27.6082555450097,19.241817315281427,19.241817315281427,16.253616818375555
VRGIKHIFRKVTKKFK,14,10,4,0.8827767248335169,1393,Rank,0.149624671244886,0.149624671244886,False,,2.7356284,2.4958305,1.7391895,1.7142979,10.521821,5.3872337,4.1491055,5.3658714,5.1504645,4.1485248,64.96544,22.314989770256986,5.901065149864126,5.901065149864126,5.901065149864126,21.723344958381368,21.846779071466216,22.528080769194343,22.528080769194343,11.486950361026908
GILGKILRGGISFLKKI,14,10,4,0.893001030848447,1394,Rank,0.1325204807794485,0.1325204807794485,False,,2.3779752,1.6723961,6.1045055,3.8639593,3.0205505,6.125014,15.150009,7.010336,2.6455207,3.4228137,16.562632,13.174609284472476,16.995825715375382,16.995825715375382,16.995825715375382,21.721848339403763,17.433176181386028,13.370301186768417,13.370301186768417,5.985524764332102
GILSSLWGKVLKVGKKIVGG,14,10,4,0.9059496443180798,1395,Rank,0.0472550193268157,0.0472550193268157,False,,2.540821,1.5352367,4.5793004,2.4114857,12.305394,11.296222,15.850217,6.614936,2.975932,2.9697387,19.993366,18.12589542037907,7.327939746633568,7.327939746633568,7.327939746633568,29.813267734179167,22.837950202736234,18.051051660165587,18.051051660165587,7.4924877310104305
CLGKIIHRIKAFRKLAK,14,10,4,0.918722521364241,1396,Rank,0.1168261599410233,0.1168261599410233,False,,1.3229483,1.2647927,4.038452,2.863724,6.28779,6.2535915,10.9633665,2.0347023,9.446346,4.254458,39.158947,14.650507392027814,13.731653936242095,13.731653936242095,13.731653936242095,24.909802930716857,16.81108840005143,17.896364684737357,17.896364684737357,17.426640790177306
GILSKILKGIKKVLPKLV,14,10,4,0.9246135104774034,1397,Rank,0.0753237324663939,0.0753237324663939,False,,1.5602907,1.3368696,4.211352,2.705717,11.376931,4.724204,10.517963,6.135619,6.3023987,3.18411,29.664604,24.25144444556896,12.450876993227215,12.450876993227215,12.450876993227215,18.113878914826753,22.840877909838838,19.13754478281271,19.13754478281271,8.924035413104017
GLIGKILKAGKKFLPSLLN,14,10,4,0.9345932230160464,1398,Rank,0.1734772660857552,0.1734772660857552,False,,1.4651886,2.006482,6.7470274,4.233888,3.8065124,6.6264577,11.963049,5.8169894,4.2376213,3.3742597,26.655632,19.31177323199948,14.766556033544388,14.766556033544388,14.766556033544388,24.31169634841358,17.49238358753065,21.21749609397807,21.21749609397807,7.354159435824366
GILGKILKIGKKLIPGIVK,14,10,4,0.9352444837407148,1399,Rank,0.1576704545454545,0.1576704545454545,False,,1.8264596,2.4468226,6.558212,4.187543,10.798279,4.2743745,9.067833,6.996257,6.385855,4.508882,25.230019,27.032543554459505,8.540565083811103,8.540565083811103,8.540565083811103,20.207609075101544,19.022941935958183,25.613326256902944,25.613326256902944,4.571505152972975
GGVRGLFKKLFKGAAKSVRKSVPFFAT,14,10,4,0.9480230731513684,1400,Rank,0.1214876750039849,0.1214876750039849,False,,3.9085414,3.4636517,3.166578,1.8825095,3.9939923,2.1145267,3.3395967,8.51623,9.131585,14.347636,16.723715,22.488749566266293,13.687286953561658,13.687286953561658,13.687286953561658,23.549593171851065,19.008953198025516,23.043583671092627,23.043583671092627,15.682128436707735
GILGKILRMGSKVIPHLYK,14,10,4,0.9486603340301348,1401,Rank,0.1662822196615482,0.1662822196615482,False,,4.123502,9.185705,4.923552,3.307415,3.686659,6.9725037,11.821942,5.3870993,5.6717434,3.0229044,30.31686,19.270571103177435,10.326745187216689,10.326745187216689,10.326745187216689,18.940562134450587,19.204891612719056,20.63781750672953,20.63781750672953,5.44819677411868
GFLPSLLRKAVKKIAAIAK,14,10,4,0.9610951585593266,1402,Rank,0.1626665360501567,0.1626665360501567,False,,4.312692,3.5428116,4.1738567,2.6646852,8.226289,5.6204753,6.1392984,1.8137668,12.672227,4.6831865,22.812374,19.384255319644346,11.177007404351567,11.177007404351567,11.177007404351567,24.185844346659046,32.43207717735737,25.275296089414717,25.275296089414717,10.375925731699787
GIPDKVGGAARRILKIAGQKAFAIALGKALLKK,14,10,4,0.96871654968512,1403,Rank,0.1454340812788906,0.1454340812788906,False,,3.65486,3.3126347,2.0552623,2.2073922,6.1000466,10.358012,15.659408,3.3604736,5.1627655,8.15852,16.462133,18.391295273927778,14.279877396848567,14.279877396848567,14.279877396848567,24.608594882771566,28.547867870080367,24.96953829310807,24.96953829310807,7.970900311284527
GILGKVLRGALKSLFKKGGK,14,10,4,0.9704951346519799,1404,Rank,0.0960691348759364,0.0960691348759364,False,,2.0865014,2.164804,7.8104467,4.184209,25.700083,3.2956176,7.0196795,7.117621,4.1982784,6.478274,15.461705,21.32717625859387,13.566419536713948,13.566419536713948,13.566419536713948,21.228133348114092,18.40822468792758,23.05521869166282,23.05521869166282,8.844504606380632
GWLSKAKGWGKKFAIKAATKALGKEFE,14,10,4,0.9727060826411851,1405,Rank,0.1706533758833218,0.1706533758833218,False,,1.7839022,1.8967707,2.4827724,2.7349498,25.253279,11.27954,9.768846,6.4156985,3.2407014,5.5077467,5.672026,21.671357714290654,14.091203062531198,14.091203062531198,14.091203062531198,32.9375290958504,25.09073385914614,30.0293283732867,30.0293283732867,15.162681064797653
GILGKLWGKVVSVIKK,14,10,4,1.0004133597630145,1406,Rank,0.0509147029913394,0.0509147029913394,False,,3.886762,3.191251,7.6994376,12.945134,16.200119,9.5384865,14.336039,7.0223856,5.5055428,5.5026355,12.174126,21.574754889398942,8.750229878557064,8.750229878557064,8.750229878557064,22.691089339768165,18.818102489247007,16.463492811601594,16.463492811601594,8.58920891124606
GILGSLLHVGKKVGKAVPKLISK,14,10,4,1.0151204520943549,1407,Rank,0.1215584486743531,0.1215584486743531,False,,5.568186,5.965945,2.863507,1.8685279,9.180227,5.5477815,9.69189,5.585574,9.355875,4.349891,25.184809,24.57238204226727,14.665297559176752,14.665297559176752,14.665297559176752,27.224222009822288,25.572981386784733,25.007880873855846,25.007880873855846,11.837424113330924
GIMGTVLKGLLGAGKKLIPGIKESLS,14,10,4,1.0183156742999322,1408,Rank,0.1681962219727963,0.1681962219727963,False,,2.1458738,2.8353164,4.5228004,6.231661,8.196449,11.633836,15.795527,6.8290176,11.510073,4.011158,27.178886,21.32278029262897,12.101936420948983,12.101936420948983,12.101936420948983,18.606436909488274,19.775997832086922,25.319181066345195,25.319181066345195,11.780578961483133
GLFGVIRRGVKVIPKLF,14,10,4,1.02136063312343,1409,Rank,0.0731664845783964,0.0731664845783964,False,,7.5938196,6.545666,8.395263,4.555496,6.3746195,6.719679,9.157219,8.281646,4.4673986,6.4892955,19.345552,28.58862109537777,11.283407830536898,11.283407830536898,11.283407830536898,17.724904864172856,25.486751951825322,24.19321449422766,24.19321449422766,7.1107023299604535
GALSTLLKKLGKNLAKKLI,14,10,4,1.0218709974072797,1410,Rank,0.1499438791775144,0.1499438791775144,False,,2.9860873,2.9391692,5.966119,5.6528997,13.856097,11.424485,11.252481,4.3574805,5.6507916,7.438135,51.278683,17.34215085143893,11.952552133312711,11.952552133312711,11.952552133312711,22.816076379627418,18.05860439269884,19.904084570539684,19.904084570539684,11.43835776329868
GVWGALIKAGKKLIPALK,14,10,4,1.0230169297077123,1411,Rank,0.171925641570586,0.171925641570586,False,,5.966071,5.1033306,2.9609368,2.7313113,19.248499,9.736632,10.732863,5.562674,6.3125677,6.6719704,10.840358,33.50045914168703,10.992647207231782,10.992647207231782,10.992647207231782,39.36800773768637,44.026720371354706,25.876956945602707,25.876956945602707,4.442666216541312
GVLDKIKRIGPVIVGALQRF,14,10,4,1.026881662476494,1412,Rank,0.1704481114845119,0.1704481114845119,False,,7.10723,6.3074913,3.4212248,4.578605,14.938496,3.530034,8.605551,8.116211,2.6988342,3.8990278,20.982897,22.86825475901544,13.238889687881839,13.238889687881839,13.238889687881839,30.774010273221798,44.085237930752555,25.692845893592466,25.692845893592466,12.707386493362398
FFKKLLGNVLKHIR,14,10,4,1.0486359813075934,1413,Rank,0.1763727601482386,0.1763727601482386,False,,1.8830085,2.9281695,3.4720044,5.229443,15.325303,14.960203,15.147543,5.604118,10.720753,7.352674,64.5264,22.98794471505873,11.033024145795606,11.033024145795606,11.033024145795606,23.615677890763063,20.711535448609087,22.376743888519346,22.376743888519346,12.53259650737611
GIMGTVLRIGSKLIPHVISTIRKRQQGGQ,14,10,4,1.055417352119371,1414,Rank,0.1712658483210244,0.1712658483210244,False,,2.7562048,3.3929641,11.052891,15.626247,12.769166,13.127259,15.742638,5.1532383,7.7145047,4.1069603,19.909504,19.80379941784341,13.272976212976184,13.272976212976184,13.272976212976184,25.24652752445016,22.346084712342968,19.692691895042223,19.692691895042223,9.142725137990036
GVLSKLLGKALKAGLKAGAKAL,14,10,4,1.0792167250389153,1415,Rank,0.1459348932043993,0.1459348932043993,False,,5.672301,6.2279716,8.9675045,9.996923,8.210236,7.180707,10.1248,4.1240873,6.265157,9.646421,78.37175,25.401942804365316,14.112678451702875,14.112678451702875,14.112678451702875,18.599686320551832,26.3037169929541,23.455772905946855,23.455772905946855,5.411009227400759
GILGKILKPGLKIITRGALK,14,10,4,1.1007459469994079,1416,Rank,0.1334392932097125,0.1334392932097125,False,,12.256804,14.015562,9.317498,5.196634,9.043469,3.0195515,13.284075,6.7993674,11.854414,10.958478,29.14849,26.5653372296574,13.286674772266307,13.286674772266307,13.286674772266307,27.226105211478217,18.804140504982428,31.994676230174356,31.994676230174356,4.079691217587122
GFLHSIVGLYKKLNRRVTRRLTVG,14,9,5,0.928626262863998,1417,Rank,0.1740347384570426,0.1740347384570426,False,,1.7854482,1.5434709,9.368826,12.384476,4.359876,27.015402,32.888935,8.486792,7.7108307,6.3599076,3.8959723,17.12404883535707,6.0231943881997045,6.0231943881997045,6.0231943881997045,14.963599393865287,17.091848696044316,17.139280110656355,17.139280110656355,6.618699256400835
GKVRFAIKKVRNLLKGLK,14,9,5,0.9457869162164702,1418,Rank,0.1187422377264757,0.1187422377264757,False,,2.2083936,2.504392,3.987282,2.4698486,20.902515,3.8492792,8.041895,6.1827846,4.748451,8.182487,30.709457,12.702908633260261,9.779628363872447,9.779628363872447,9.779628363872447,18.076874840675863,21.30508267906418,21.05511904745378,21.05511904745378,15.616732243989091
GIILSKIKGSFKKILKGMKKFVPEAISEKM,14,9,5,0.9502858986105892,1419,Rank,0.1291874767546889,0.1291874767546889,False,,3.725274,5.4633613,3.4015872,3.040178,1.527336,4.8833756,5.967234,7.7485857,16.002388,9.966512,24.514675,15.059400685260798,12.90413032918526,12.90413032918526,12.90413032918526,17.383876859886847,17.637700362612502,18.55732901234046,18.55732901234046,10.449641262094028
LFKRILGRVKKFLG,14,9,5,0.9591461207699602,1420,Rank,0.1118099463365389,0.1118099463365389,False,,4.825152,4.342537,7.3191752,7.2104063,3.8703878,3.7711372,10.234471,20.603403,1.8840991,2.802834,16.884474,12.817110027373928,13.544392304674139,13.544392304674139,13.544392304674139,18.024458903923335,23.758451612152886,18.698595289835062,18.698595289835062,10.530746280881967
GVSGEKLGGAAKGILKKIKGKLWKWLAGKLSLKAV,14,9,5,0.981141387200477,1421,Rank,0.0490862102173104,0.0490862102173104,False,,5.4616413,5.6580677,3.4578524,1.8055712,15.376186,13.133004,16.942097,7.0538077,2.9571826,4.5137835,19.08102,14.39188406773559,12.212280208836104,12.212280208836104,12.212280208836104,22.25897756924726,22.216353305589355,16.623047091089255,16.623047091089255,9.878345672998167
HFLHAIKRLIRKKF,14,9,5,0.9980684971874878,1422,Rank,0.1148216669544657,0.1148216669544657,False,,1.779113,2.1557508,4.7228003,4.6601195,8.524554,14.951594,13.080235,5.6651073,21.031317,3.524335,89.5224,18.451938315282625,12.12398037121549,12.12398037121549,12.12398037121549,14.403700676555479,18.772629928198054,17.03786420644384,17.03786420644384,6.700478732288111
GLLGKILRGGIKAGVKSLLG,14,9,5,1.0041386101807084,1423,Rank,0.1643597079060623,0.1643597079060623,False,,2.965255,3.4353778,4.2362413,2.7756906,10.984148,13.094176,17.00156,7.276625,6.3552833,4.7514935,56.24275,18.854558796242326,12.527973910637478,12.527973910637478,12.527973910637478,16.56975189843581,11.72566745494824,17.983628765283594,17.983628765283594,14.349006983634366
GKLSSLLGKLKKIIIKTPV,14,9,5,1.0065776195335514,1424,Rank,0.1594424944211253,0.1594424944211253,False,,8.533184,6.8865523,10.0352125,10.18406,5.433171,2.0859096,6.4858007,6.3068194,26.43747,9.454252,54.90988,19.06601660182437,5.974179363927651,5.974179363927651,5.974179363927651,18.250812592085527,12.949857539709306,18.479800887517666,18.479800887517666,10.797792327165753
GGLKVFGKVKAGLKKLLKGKKLPSITLKC,14,9,5,1.0337546111902305,1425,Rank,0.0833867422028585,0.0833867422028585,False,,6.0987577,5.6186495,3.7289572,3.1164482,4.259145,9.300313,13.6456175,6.6825266,8.778473,17.97601,19.860418,15.684526271128744,13.74138567610744,13.74138567610744,13.74138567610744,23.066815265675995,22.114656097107346,18.626202329146277,18.626202329146277,14.575975783452717
GKLSSLLKKLKKIIAKVGE,14,9,5,1.0402851845697554,1426,Rank,0.1614691949816694,0.1614691949816694,False,,3.3436244,2.8866706,9.07935,11.49992,12.257948,6.0376396,7.063175,2.0837638,24.327845,5.941832,35.47555,17.59166591442131,12.889039406575177,12.889039406575177,12.889039406575177,19.509863697074003,15.631944323121184,29.42896000343798,29.42896000343798,11.414768366064171
GVLKKVLSKIRGIL,14,9,5,1.0409146185435927,1427,Rank,0.156295867979916,0.156295867979916,False,,3.54205,3.1312823,6.0458226,4.763622,28.078062,5.7971616,10.0829935,15.612095,4.3217254,5.3678713,40.407536,17.755407324246104,13.617311658917643,13.617311658917643,13.617311658917643,15.393513473603628,19.031726692317477,20.356442031575103,20.356442031575103,15.759538729690897
VRIYLHGYRARVRGIRFH,14,9,5,1.048985831147543,1428,Rank,0.1430001726794538,0.1430001726794538,False,,8.790843,8.791207,4.5988493,3.0721128,5.3775325,34.99885,51.035934,13.016135,12.52979,15.601894,8.8518505,15.524044261865932,6.57039784195335,6.57039784195335,6.57039784195335,17.721859447489766,20.842414589602452,16.479873496881936,16.479873496881936,9.146525435277779
GVLRKIEKEFFKKIKRIVIGIAINVAPPHG,14,9,5,1.0789480332589654,1429,Rank,0.1447792691674193,0.1447792691674193,False,,7.5804024,7.718025,2.807059,2.4448276,14.792845,5.011515,11.011577,24.432764,14.267763,11.317398,28.232658,15.018458920715924,11.574212820051018,11.574212820051018,11.574212820051018,30.07039701496396,32.280417793232175,17.320800053123254,17.320800053123254,15.319738605584252
GIKTFIKTFKKVVKDALKKARVGSGAAVAR,14,8,6,0.8752936267840994,1430,Rank,0.1193109176584666,0.1193109176584666,False,,2.0046477,1.6601841,1.8171114,1.7095906,7.1988354,9.911767,8.0021515,2.930731,24.049011,18.54292,36.38825,11.033860029560431,4.810173430655109,4.810173430655109,4.810173430655109,18.43858710167313,26.742520903174935,10.640567318553423,10.640567318553423,16.653394914056374
KKWGRLLKRGRLINTVLRA,14,8,6,0.9461670725356772,1431,Rank,0.1106827562961585,0.1106827562961585,False,,2.5677798,3.7564201,1.9845471,1.8744779,3.4025714,25.9878,27.495874,10.635014,7.497136,5.020124,18.74595,13.088635227845261,10.157809306160583,10.157809306160583,10.157809306160583,16.663207561711513,11.74824169795665,17.351864458128876,17.351864458128876,15.836157440657754
GLWLKIKKKATSAVKKAKGVTATVLS,14,8,6,0.978822418796501,1432,Rank,0.0938419435072525,0.0938419435072525,False,,5.284885,6.658188,1.6448749,1.4027685,36.664673,10.08557,6.6274652,5.1931915,14.879582,24.664358,44.638683,9.331057963424987,5.186104297593479,5.186104297593479,5.186104297593479,16.525574872662265,22.072726246757618,14.315677490445099,14.315677490445099,22.89522450262111
GYLRIASKIGKYLGNLGKRLG,14,8,6,0.9930128020959537,1433,Rank,0.0967135696163859,0.0967135696163859,False,,6.175189,6.1412272,2.0025418,4.044456,9.5089245,20.449503,18.854324,7.599945,6.9869537,3.6546028,44.436054,11.772953260635795,9.927330713620053,9.927330713620053,9.927330713620053,12.847081059501193,18.18688636406752,16.486569715056874,16.486569715056874,10.204776250272488
GWLSSLLKKWKKIVIKIGE,14,8,6,0.9945924125920775,1434,Rank,0.1116179649726369,0.1116179649726369,False,,8.501442,11.2432785,5.908644,9.256057,16.079273,12.135108,22.244251,1.8533493,2.2086306,2.8535337,16.510717,18.936871214019558,9.867632916677607,9.867632916677607,9.867632916677607,24.197365340362353,18.39045728882276,14.252579454504275,14.252579454504275,10.831707819718185
GLPIIAGVAKNVLKAVGKNAAKGALKGLVSA,14,8,6,1.0408998765875608,1435,Rank,0.1709694706046437,0.1709694706046437,False,,6.154025,6.7307596,2.5967643,2.0230222,24.66939,5.818227,9.631066,7.0598993,8.398986,16.778112,72.1242,24.139974227738083,12.046105635355893,12.046105635355893,12.046105635355893,14.831730023198077,14.370433478669936,19.799483755238185,19.799483755238185,8.642152076959336
GILGKILRSGLKGVAKGIGK,14,8,6,1.047483310590016,1436,Rank,0.1414892274586897,0.1414892274586897,False,,6.583957,7.044748,6.077364,6.6226683,31.734312,15.452107,16.997238,8.178059,10.828652,9.015401,21.433153,18.50239243589404,6.769881533221323,6.769881533221323,6.769881533221323,14.718869522557181,15.336509338544444,21.281282835954485,21.281282835954485,5.699108470255321
KTWKEKLKALGAIWKAAKKAKGK,14,7,7,0.9447802342220278,1437,Rank,0.1058076749375697,0.1058076749375697,False,,3.3243442,3.0195088,4.84844,6.241991,30.635191,36.74685,20.323105,2.971988,7.3251114,4.6560674,18.114153,10.086321345970722,5.817533828453493,5.817533828453493,5.817533828453493,16.341844082654305,17.99901197107732,11.249155588249298,11.249155588249298,8.336212388668281
GMWTKILGHLKKLI,14,7,7,0.9567161752835494,1438,Rank,0.1467003280909622,0.1467003280909622,False,,5.2864466,11.678273,3.7410784,5.5563073,26.195444,31.788252,27.583025,3.6797256,12.206155,3.4147122,58.94612,16.320313628636352,3.101649826993084,3.101649826993084,3.101649826993084,11.75869459817542,25.07848462128629,7.844189169419597,7.844189169419597,5.7862433308604
GLLGSLWGRAKKIVQGIK,14,7,7,0.9699332671456593,1439,Rank,0.1286447402502523,0.1286447402502523,False,,2.7400894,2.088541,7.414857,5.404577,21.106468,15.881813,16.953001,25.082064,3.4608881,2.9204192,25.940315,12.51968914872784,5.802009224146896,5.802009224146896,5.802009224146896,20.51135888093123,24.814323202299885,12.23001585546904,12.23001585546904,15.69567218627261
GALWKTLLSKAAKLGLKAALKESESG,14,7,7,1.0567264697895764,1440,Rank,0.1628913099064874,0.1628913099064874,False,,7.900017,9.200183,9.057657,10.888445,44.818893,33.428085,20.8312,4.5243177,3.6631389,7.557309,40.455654,8.921951085832236,6.689915281376356,6.689915281376356,6.689915281376356,17.008015525100152,18.601606057240485,11.032215579369856,11.032215579369856,11.690473783635731
GKWFKRKLFLKFQKK,14,7,7,1.0614931142978852,1441,Rank,0.1367482217337017,0.1367482217337017,False,,16.156004,18.880789,4.5964155,6.923487,26.286762,4.304907,2.626271,4.9148726,13.061248,5.236285,31.29919,15.442338701319994,12.750743436622841,12.750743436622841,12.750743436622841,31.341402461185183,22.528291016736045,15.362530565430445,15.362530565430445,10.485243090053357
GIMGDILKKLGHVGKKLLPRIPQTLLNQ,14,7,7,1.0659089785732703,1442,Rank,0.1625320453217151,0.1625320453217151,False,,10.22326,10.356801,2.1100912,2.2357454,5.576831,12.70995,18.70625,6.155396,18.092745,21.778547,57.206276,13.713980255454441,10.918792913464614,10.918792913464614,10.918792913464614,19.453084399395358,36.961949105087754,11.635113550953404,11.635113550953404,13.029203711811347
GMWPKILRHWIKGK,14,7,7,1.0894863818316376,1443,Rank,0.1751131548536209,0.1751131548536209,False,,12.306934,17.898954,9.007788,10.594014,25.045616,13.474737,15.758967,2.857821,28.360832,4.5737567,27.897419,14.639195510949236,7.040622669988127,7.040622669988127,7.040622669988127,30.470774985986285,31.204794702658475,13.420726522520978,13.420726522520978,6.091065099252411
GISGELLHKELKKFRRKRKFIFHFSLTL,14,7,7,1.1296796167716523,1444,Rank,0.1063933737580362,0.1063933737580362,False,,9.817607,10.59879,10.794441,5.171275,6.875235,29.10801,22.16475,18.4474,12.380955,15.864785,25.296938,16.328007181268113,13.65651405914723,13.65651405914723,13.65651405914723,23.054104917312785,12.0416261204184,13.99836377359188,13.99836377359188,7.342392115734395
GILGKILRGGLKVGAKIF,14,7,7,1.1368229264381362,1445,Rank,0.1460691763854205,0.1460691763854205,False,,15.134597,15.831802,8.524776,4.330338,32.472073,18.846756,23.648119,8.14455,5.9985466,10.908203,25.230482,15.092042224143595,11.7626232904998,11.7626232904998,11.7626232904998,22.13243083377656,35.39764706682978,15.376055749145564,15.376055749145564,6.960868145522501
GFLSKILGKLIETIKQHF,14,6,8,0.9343811257081814,1446,Rank,0.1580733040885181,0.1580733040885181,False,,1.7675166,2.01779,7.5144763,18.560781,21.09712,19.59537,20.424612,5.106361,2.1595352,2.784359,32.101055,10.485657543129344,7.977453662300053,7.977453662300053,7.977453662300053,14.560888002759302,19.366343229766155,10.59081845323322,10.59081845323322,6.988085432593085
GKWLSSLKKLLKHIA,14,6,8,0.96383258277794,1447,Rank,0.1425815495324371,0.1425815495324371,False,,2.3805602,2.9907162,4.7114577,8.426371,33.06432,17.783922,16.033964,1.7793734,10.793792,17.187521,30.001324,8.530015241459843,7.540413339413219,7.540413339413219,7.540413339413219,19.737516073110207,14.189572574683446,11.123913806739367,11.123913806739367,5.652834723198913
GKWSKILGHLIRHL,14,6,8,0.9787268239575859,1448,Rank,0.0290140916396578,0.0290140916396578,False,,4.155089,6.0468693,8.866693,14.7771225,17.371616,31.549099,21.453812,6.833625,16.088152,6.234255,39.46494,9.39731414174965,2.9843907909099556,2.9843907909099556,2.9843907909099556,15.49861729544616,23.46953572627246,10.114886498020926,10.114886498020926,3.8574368356740987
GKLGKFLPKVVDWLKKKGPAIRPVGPAVAVQTLA,14,6,8,0.9813684734129045,1449,Rank,0.1273604368126029,0.1273604368126029,False,,9.057936,9.127454,1.5359839,1.7582824,51.307617,13.502917,17.576694,23.6563,13.968502,24.328165,49.49602,5.635595919980604,4.296877393187443,4.296877393187443,4.296877393187443,9.370754887169877,10.737138555800291,7.031993207679065,7.031993207679065,17.618688896403377
GMWSKLLGKLLRH,14,6,8,0.9928752424129831,1450,Rank,0.1762366090404335,0.1762366090404335,False,,17.767172,14.276319,21.710176,20.99869,41.029793,10.910584,16.277973,3.2868762,9.747089,4.0317955,11.897316,8.895475316818576,4.3630175377262415,4.3630175377262415,4.3630175377262415,14.098979661977495,16.599095699080696,9.506158509354394,9.506158509354394,3.5599923148615833
GLNWKKILEGIKNFL,14,6,8,1.0052466684483286,1451,Rank,0.1367955425455608,0.1367955425455608,False,,13.069217,7.622726,11.810288,37.927914,18.723839,26.79444,23.09675,8.68487,12.953839,5.506574,23.866339,9.92684840947456,3.5889962639834323,3.5889962639834323,3.5889962639834323,7.528250873584036,25.91160702361611,6.225401979058783,6.225401979058783,4.800437849950474
GFWSRLIGRGQRIGKHVHGGIK,14,6,8,1.0290304177118585,1452,Rank,0.1539566010041974,0.1539566010041974,False,,22.220245,24.361698,9.9024515,7.9465704,8.051814,15.578474,17.316488,34.13689,6.369898,7.8265424,23.968426,11.60043685077533,4.389907198149747,4.389907198149747,4.389907198149747,16.730317607944084,9.67275184278453,10.616615170527266,10.616615170527266,5.635317482682519
GFFGKLWGGVKKVFKR,14,6,8,1.0300009034280329,1453,Rank,0.1137546656660113,0.1137546656660113,False,,8.837778,9.569994,11.416611,16.760492,23.99608,19.582218,16.852377,14.548919,2.6312912,4.876062,16.489824,15.303082823729248,8.134969435579093,8.134969435579093,8.134969435579093,16.2349697488065,8.746332549853145,10.066006540570882,10.066006540570882,8.514370323678385
GLWGRIKEALKNVFK,14,6,8,1.032610756846593,1454,Rank,0.1617425349343818,0.1617425349343818,False,,2.617023,1.7383436,3.9372218,7.2045546,41.41565,19.569864,18.808094,45.646286,4.923038,4.258096,31.066975,15.527061475900798,11.164012900581938,11.164012900581938,11.164012900581938,14.002022220500603,25.800918116095986,12.17917915890948,12.17917915890948,6.631512560020013
GRLKLFDKLKGMGKNFLKPRVKGIPLGATILNLS,14,6,8,1.0332639496955474,1455,Rank,0.0471993966181393,0.0471993966181393,False,,17.256378,25.233046,2.56662,2.55736,3.5429628,8.627034,16.961193,24.431517,9.97319,15.732668,33.168583,13.901514425967788,7.216265238502906,7.216265238502906,7.216265238502906,15.133275969948881,16.17052134227751,12.42050398007198,12.42050398007198,12.452968761790107
GIRGVVKKVAEWMREKVKNKRKK,14,6,8,1.0634085652197247,1456,Rank,0.1721827928245045,0.1721827928245045,False,,10.405751,6.627319,2.5100088,4.322946,49.985916,18.76472,13.088207,16.646887,23.595558,13.704208,26.181923,9.765944792694754,7.660547679530054,7.660547679530054,7.660547679530054,13.416328727573957,17.28250314678284,10.870300035114669,10.870300035114669,11.906911003074686
GIPIKDFFKKIVKSAKKKIPIYVVPI,14,6,8,1.0708284063425682,1457,Rank,0.1722382079857606,0.1722382079857606,False,,7.699185,7.636872,2.8323395,8.991156,14.246458,17.193108,19.031715,11.928466,22.159859,43.076595,58.742172,8.04777615263861,7.616329003746865,7.616329003746865,7.616329003746865,12.806450911383616,17.83297018020134,9.254540214822894,9.254540214822894,8.036921677163955
GILGKIWRGVIHVGKK,14,6,8,1.0955175093336122,1458,Rank,0.0943213780484565,0.0943213780484565,False,,5.927746,5.6124988,13.149421,12.728912,27.835043,20.410994,21.518492,18.000587,3.9913461,9.685274,20.533457,11.452205978826862,9.656187789819063,9.656187789819063,9.656187789819063,17.0786658817036,15.314663881050164,15.934780537203546,15.934780537203546,12.212333843243355
GGMRSLLHMASKYGKKIAIQLIRARQLN,14,6,8,1.0956439705229752,1459,Rank,0.1565843588943201,0.1565843588943201,False,,5.287111,3.5361142,9.425608,41.05433,37.21173,16.042215,13.275479,9.318437,36.019596,20.025595,13.1275835,12.926787429924252,6.676221249140963,6.676221249140963,6.676221249140963,19.15003011417434,14.546370831923488,14.378391805734008,14.378391805734008,7.301168191293327
GINKKLITSLLRKLLPL,14,6,8,1.0959505460392327,1460,Rank,0.1750355321183783,0.1750355321183783,False,,34.922943,33.669296,3.0823658,3.8561256,56.578846,11.98794,15.671435,18.1741,10.174374,6.395974,45.297966,8.734310527464,7.5259347663174045,7.5259347663174045,7.5259347663174045,14.616814599453605,19.406887136439995,9.576680534172807,9.576680534172807,10.765362915407252
GKFFKIWFKHVFK,14,6,8,1.1239613162564634,1461,Rank,0.0613313004755326,0.0613313004755326,False,,6.5189095,8.517116,11.758707,28.355656,22.570139,14.489919,15.451005,20.92225,18.853874,4.531901,184.09492,8.352511154287097,8.104720028818521,8.104720028818521,8.104720028818521,21.52665053239054,13.638907139153279,9.489220728366126,9.489220728366126,8.329581526625693
GLLSKILGAGKKILFAGLKQGLQAQQ,14,6,8,1.1565036512184286,1462,Rank,0.1591890790207746,0.1591890790207746,False,,7.818531,9.947708,4.9255223,8.790247,67.637794,31.82375,25.370111,30.4159,9.975551,15.700744,44.490143,11.060004225513785,8.734375259577968,8.734375259577968,8.734375259577968,17.816892581488137,14.264559681622542,13.779530602045703,13.779530602045703,9.73367228044565
GILGKLPKIAKELGKAGQKILNAASKALESEQQG,14,6,8,1.1730325820481242,1463,Rank,0.1451142507040008,0.1451142507040008,False,,5.664051,6.3846283,3.2222092,9.771583,43.172974,23.611828,13.225255,9.116315,42.818447,32.159794,43.54725,14.399435303619473,14.887421866756032,14.887421866756032,14.887421866756032,18.357704854382643,12.96475276582623,14.47557914498524,14.47557914498524,14.525862174511257
GRLKKFGKKLGSVLKAVTRVGPHIPVGPGLA,14,5,9,0.6873624898072401,1464,Rank,0.1536876195473142,0.1536876195473142,False,,8.214019,9.276442,6.957113,1.9112567,12.234619,16.196325,16.069187,23.872086,23.636677,43.63299,75.55757,1.1322327922467021,0.970962118988254,0.970962118988254,0.970962118988254,1.8638175000468922,1.5975178982244032,1.0214517184701457,1.0214517184701457,2.891789125616511
RFLPKIFKAGRKVIKRVVPVGIAIAVGPGRN,14,5,9,0.8555302874436969,1465,Rank,0.0786170949338504,0.0786170949338504,False,,19.594616,23.034073,6.465776,2.7685611,4.1870947,3.0432606,6.6298037,36.409218,17.303232,30.044697,31.792414,5.205697690749142,2.415830254287223,2.415830254287223,2.415830254287223,6.146742628475448,7.022383480953301,4.8493774903615945,4.8493774903615945,4.215617904648775
GKLKKFGKKLENVVKRASNTAKQIAPAGQTGVAAV,14,5,9,0.8622687092264251,1466,Rank,0.1559268486663833,0.1559268486663833,False,,6.737109,7.0614247,1.1455538,3.040161,70.85273,19.120401,14.404294,29.051409,66.29245,61.149906,63.352222,2.084737960002154,1.6481270202986753,1.6481270202986753,1.6481270202986753,2.4277063224461752,4.132026846795426,2.2545838139055228,2.2545838139055228,15.326611293026774
AKKWWIKWKWKWG,14,5,9,0.8815246943253314,1467,Rank,0.1575598317703629,0.1575598317703629,False,,33.598156,31.13697,7.3638453,10.803194,26.48047,51.206356,23.60849,2.5811427,10.914583,4.6071563,16.73057,3.508930589735383,2.6746969641665608,2.6746969641665608,2.6746969641665608,6.231062413105374,6.523827628250277,3.106923436654773,3.106923436654773,2.8018211907425625
GWLSKITKKIEEVAKEAGQAVLSAIPRIRQLKHQ,14,5,9,0.9097358593664474,1468,Rank,0.1394185268450135,0.1394185268450135,False,,7.3455954,4.1704698,2.0839431,1.7747648,47.228508,31.570625,16.477436,10.350864,47.06369,16.50102,32.12626,4.880237063727793,2.9490007654133814,2.9490007654133814,2.9490007654133814,6.782216748487969,12.441133711265039,5.6437648899651,5.6437648899651,6.474897897987548
GKLKKLLGKVLEALRKL,14,5,9,0.9117682345047378,1469,Rank,0.1041402389617979,0.1041402389617979,False,,3.6784065,3.9654565,10.119454,7.2774105,22.887388,17.264969,17.758911,6.8327975,19.870348,21.210258,31.426582,4.698038852459482,4.955262781882046,4.955262781882046,4.955262781882046,8.009490029117824,6.567767054347042,4.412405060810403,4.412405060810403,4.304892130221793
GKWSKIWSHARRLF,14,5,9,0.9413514973577012,1470,Rank,0.1369449766882737,0.1369449766882737,False,,5.8791013,4.1140294,31.25411,20.60139,57.10306,26.92354,27.168615,13.461691,8.524751,3.033666,30.305061,5.151774660289718,3.17066508060682,3.17066508060682,3.17066508060682,7.419539385213798,10.514839884056196,3.8043318797325942,3.8043318797325942,5.276917209355297
GIPLKLPGAKFGKKIKEVLRKAGPAI,14,5,9,0.9500505577506665,1471,Rank,0.1431531351283141,0.1431531351283141,False,,27.357698,26.802774,5.2839646,3.3710008,30.094128,13.968015,13.9312525,11.658003,35.693336,41.291546,46.5194,3.151945052218522,2.6314798562362274,2.6314798562362274,2.6314798562362274,6.78731399220199,5.945880480159725,3.4484051058612906,3.4484051058612906,5.948267062820564
GKLFKRIEKVGKNVRDVVIKAGPALTVVGQKKALQ,14,5,9,0.952236733620617,1472,Rank,0.1655207281759736,0.1655207281759736,False,,27.057346,30.536938,1.6680183,1.9252809,53.70464,8.228498,14.9700165,29.714935,11.404771,55.120556,54.240387,4.125251037895073,2.795875478778102,2.795875478778102,2.795875478778102,4.824373504977203,5.793803633892183,5.044604186657882,5.044604186657882,9.718828451523578
RLKKLLLKLL,14,5,9,0.9643818980223674,1473,Rank,0.1757569669518091,0.1757569669518091,False,,17.71788,16.076916,2.9395657,8.799183,27.684067,9.185643,16.68568,18.758017,12.192221,14.488431,29.614178,6.332800503789895,4.39508565453866,4.39508565453866,4.39508565453866,5.682436642462947,5.490050505228185,8.592104590921135,8.592104590921135,5.105237124882247
GFFGKLFGIGIHSGKKLHRLKTK,14,5,9,0.96714080155574,1474,Rank,0.0959663989028213,0.0959663989028213,False,,8.126698,12.396556,33.55727,22.55865,1.8919249,20.126434,19.023453,22.477697,6.612832,9.145646,24.724503,5.1837915749825685,4.788377896879243,4.788377896879243,4.788377896879243,9.622967754700083,9.06182242598339,6.012414585415476,6.012414585415476,6.610352860784107
HLKWISKIKSFLR,14,5,9,0.9747148983683204,1475,Rank,0.1566588684182562,0.1566588684182562,False,,17.686089,9.243753,5.3092165,16.616072,15.661283,21.940878,16.90005,6.0091968,19.512363,10.921356,34.37372,5.783867776845965,3.828671497871787,3.828671497871787,3.828671497871787,11.163893389438787,11.878292069054254,5.440821611267153,5.440821611267153,6.643531831374822
GRWSKAGKMIQEQVRKVGQHGVKLFNKNQQIQVGV,14,5,9,0.9904529657069684,1476,Rank,0.169724186082036,0.169724186082036,False,,14.374666,17.072216,10.738188,29.942486,49.816616,9.20778,13.9686365,18.85581,5.2601404,19.121094,51.572968,3.9793369952666837,3.2891217482693786,3.2891217482693786,3.2891217482693786,6.3236984249783115,8.086196456642533,4.595331002575293,4.595331002575293,8.521040697274351
GKWLSFLKKIL,14,5,9,1.0006575806181308,1477,Rank,0.1488737646777535,0.1488737646777535,False,,16.610477,16.19592,4.9127073,11.945691,30.728682,25.84827,18.714487,5.706572,13.910752,6.837699,29.273918,10.29100355877343,4.726641666500539,4.726641666500539,4.726641666500539,11.587220408933451,12.95956167820633,6.882676368743997,6.882676368743997,3.575703792100534
QGWKKILGHLIKSL,14,5,9,1.0166855499728626,1478,Rank,0.1369781842755432,0.1369781842755432,False,,10.32609,15.088849,5.134968,18.46985,17.067118,38.325417,28.169834,8.442958,17.609686,11.608231,46.954643,8.690627816162555,3.5077754638279277,3.5077754638279277,3.5077754638279277,10.421097537140426,15.129434076287689,6.8105168211391955,6.8105168211391955,3.56248401987166
GSKSLLKLFTKLCRLKLRQCLI,14,5,9,1.020281608549028,1479,Rank,0.1607429865575687,0.1607429865575687,False,,48.54717,45.385944,5.27802,3.6391578,44.35941,23.35846,27.38797,5.6362195,10.521512,9.562826,31.036903,4.954329794637156,6.781107297326164,6.781107297326164,6.781107297326164,6.8343992546764545,8.10836706821525,4.635861189895004,4.635861189895004,6.542942888230728
GYLKKLLSKLIKHKLVEVIK,14,5,9,1.0312597622170727,1480,Rank,0.1653256336007651,0.1653256336007651,False,,2.763855,1.8946087,6.91098,11.724138,32.624947,22.470448,19.312769,4.0468674,17.72983,33.3013,30.24761,10.83342943377633,8.283708570428198,8.283708570428198,8.283708570428198,15.819165995336817,11.882691253255079,11.13494203625619,11.13494203625619,6.770851615284202
GLFKKILSKVRCW,14,5,9,1.0513432612709537,1481,Rank,0.0914802614101269,0.0914802614101269,False,,22.297516,21.86573,5.6609926,10.704374,45.126953,33.727016,21.132458,6.99792,9.339287,4.7866206,27.869438,9.740126795182755,5.27150709502203,5.27150709502203,5.27150709502203,8.964141183532002,11.834568367970167,9.901319792746799,9.901319792746799,8.653080498947784
GKLGKRLKIFRIYGCAFK,14,5,9,1.0677744010694048,1482,Rank,0.1104911900270974,0.1104911900270974,False,,19.864868,21.70587,18.587559,11.335118,7.3767605,16.103786,27.285238,9.410709,13.2888155,8.849251,20.865158,8.483185146954542,8.673802590416331,8.673802590416331,8.673802590416331,10.121741049937727,10.395305075105544,8.23543620578094,8.23543620578094,8.440443290889869
GILGKILRIGSKVGNAIK,14,5,9,1.0818135273086629,1483,Rank,0.1696656577094734,0.1696656577094734,False,,3.841353,4.3696284,6.857623,12.036465,45.574875,20.388807,18.426165,18.568726,9.588222,21.290375,37.872257,12.47525147281653,7.00987506222663,7.00987506222663,7.00987506222663,15.750941328728063,11.305670595027657,15.701386028841494,15.701386028841494,6.736485734425262
GIALKKGALLHVGKHLKLNRFKRL,14,5,9,1.0899431265614314,1484,Rank,0.0496920411375591,0.0496920411375591,False,,10.69857,20.609257,6.8225574,7.0206733,7.9643917,22.39559,18.654419,28.333366,12.630087,32.405285,38.993797,7.431379349675626,9.253996612062497,9.253996612062497,9.253996612062497,13.609785790970687,15.001735377456066,8.01449762658347,8.01449762658347,5.127821787850971
GFIRLHRGFCWRKLGGWK,14,5,9,1.0969013837385144,1485,Rank,0.1444760423861644,0.1444760423861644,False,,23.272459,22.940416,11.112628,9.922808,18.972994,35.358135,33.573696,4.455976,13.475369,12.809974,19.179663,11.35071432184344,7.103086531894522,7.103086531894522,7.103086531894522,15.272596336930045,12.944185640030383,10.48753142085961,10.48753142085961,5.011145190572152
GIPAVFKVFSKLINGIKAASKAKNGFAVDT,14,5,9,1.1133147793379443,1486,Rank,0.1749142206511343,0.1749142206511343,False,,5.593999,8.418614,3.6119483,5.7488813,34.88865,13.71514,17.776558,22.73385,20.132881,50.3695,56.980854,13.307859139094825,8.109842816327728,8.109842816327728,8.109842816327728,10.499822105177968,13.707480773942839,11.649679622594467,11.649679622594467,12.186726776730458
GFFSHIVRGIKSLF,14,5,9,1.120592889491744,1487,Rank,0.164927350100951,0.164927350100951,False,,16.762444,14.457437,12.572161,34.266136,28.619745,20.093645,17.533432,14.372536,2.4386623,4.495261,33.806087,14.463072330276058,11.84166189242795,11.84166189242795,11.84166189242795,12.783629261879955,9.354430672313363,15.020239907331526,15.020239907331526,7.105652830719998
GILGKIKRIGVRAIGKF,14,5,9,1.2646487267587159,1488,Rank,0.1370012220392115,0.1370012220392115,False,,12.6225,12.755154,28.64616,18.653835,55.682545,15.184994,40.025585,25.020144,15.413771,15.570044,61.678707,12.262834311683427,15.350656279568915,15.350656279568915,15.350656279568915,13.026693334893212,14.065783052909463,14.178962970150275,14.178962970150275,11.141790533552317
GIIVPTVKLYKEWLKYFRNKRKGLLFLA,13,11,2,0.9158961073926548,1489,Rank,0.0988600250385208,0.0988600250385208,False,,1.1876653,1.0798802,5.28123,7.8668084,4.485499,9.597987,14.002945,4.398099,4.323681,2.6644094,5.888079,15.42875944840633,18.108062526757813,18.108062526757813,18.108062526757813,26.053746888337322,27.553398645143215,17.207150291214653,17.207150291214653,11.143075095646704
KHIGIHKYVHPKLNGRALWKIWKSKSVW,13,10,3,0.9086896165012254,1490,Rank,0.1231860355454014,0.1231860355454014,False,,1.4724765,2.792021,3.7620826,5.723981,3.4899569,4.763967,9.590836,1.5377557,8.05189,3.2960455,16.784369,16.710807138265253,13.519320429530413,13.519320429530413,13.519320429530413,21.581886209184873,27.27395378602878,18.997143862159547,18.997143862159547,17.591139590925245
HGFGKVVGKIKAFAKKLLK,13,10,3,0.9252644089919837,1491,Rank,0.0909506003931778,0.0909506003931778,False,,4.359794,4.1482687,3.872663,5.8707995,3.968332,2.850981,4.657445,5.6272373,5.479291,9.106506,21.668413,17.025802552169754,7.986675551597799,7.986675551597799,7.986675551597799,18.980850272945595,17.503238290239253,22.808725067319582,22.808725067319582,16.197873147897365
ALGKVMSWWKKFIKKKVGKK,13,10,3,0.99441234286791,1492,Rank,0.0759494879390043,0.0759494879390043,False,,1.5062444,1.5986264,3.4380796,2.4205492,22.300741,5.317491,6.47505,2.7487311,10.050339,2.5527697,15.290465,37.66380200252576,15.375599934734675,15.375599934734675,15.375599934734675,45.244096913538876,32.891506389400334,31.128963378954552,31.128963378954552,23.60286594648211
GKLGKLIEKIGEKLEKIGEKIRNFFAITPCVQNPL,13,10,3,1.0351054398935748,1493,Rank,0.0689433096673928,0.0689433096673928,False,,13.702538,12.127302,7.1240625,6.695,3.6025991,1.7980543,6.9231925,13.299445,2.8689754,4.022224,20.701582,19.836431014670303,15.973015121722732,15.973015121722732,15.973015121722732,22.33131948318178,19.611163341117987,23.586286198891482,23.586286198891482,22.64377747264421
VRIKRLWPKVIRTVIA,13,10,3,1.0452860530725547,1494,Rank,0.1298549492588066,0.1298549492588066,False,,1.6571885,1.2533383,4.9513645,5.5371866,13.330961,8.376455,11.795576,6.124274,10.018699,11.672594,35.94193,18.416402039241063,13.750297713592065,13.750297713592065,13.750297713592065,34.843537852274,23.811785079494637,20.719302750886087,20.719302750886087,24.444751141366876
GAGKYFKPVVSRFAKWKKWK,13,10,3,1.128536158241244,1495,Rank,0.1450507411933478,0.1450507411933478,False,,8.970307,8.946625,14.411488,15.129916,27.549505,5.881419,5.125556,9.241586,14.075543,8.797995,13.73522,17.41289863212882,14.731294263562706,14.731294263562706,14.731294263562706,23.74386109734795,18.92209394765985,18.761271242580122,18.761271242580122,18.505658336593818
GIGSILGKAKKFIKTGLPSLINKLK,13,9,4,0.8849704689649492,1496,Rank,0.059939487474098,0.059939487474098,False,,1.1880108,1.1761199,3.7933471,2.4109852,2.9239454,3.633634,5.404981,6.191705,17.75457,4.056582,26.753153,19.89142975165693,9.60176482603779,9.60176482603779,9.60176482603779,19.80103271987429,19.891806494483884,24.762251249867962,24.762251249867962,13.443069224544779
GIPWKLLSKIGKSLQGLIKNHR,13,9,4,0.8875324028698731,1497,Rank,0.0502200417751447,0.0502200417751447,False,,2.147666,2.4463165,2.6002772,2.8270633,4.0828414,10.072184,20.520813,3.9838982,1.8930341,4.178767,18.974218,20.555812001074724,10.674577898581285,10.674577898581285,10.674577898581285,21.58343835348589,27.02481286350227,18.31190216943181,18.31190216943181,5.909041476133624
GFWSKLLKGAGKLVLNVIPPKT,13,9,4,0.9345606046529926,1498,Rank,0.1559785279740715,0.1559785279740715,False,,4.60453,3.873988,3.200564,1.9225255,6.059602,9.09937,16.278992,5.714614,4.4619346,2.5358973,36.301582,20.079795696974873,8.516452939372083,8.516452939372083,8.516452939372083,18.41329340923216,16.684082074597722,21.976053379536165,21.976053379536165,11.541200125367975
GLLGSLLGKVKKIIPRLI,13,9,4,0.9472808805180325,1499,Rank,0.1217815621513203,0.1217815621513203,False,,2.9773753,1.8750967,5.362931,3.4144034,5.025355,7.959728,17.154575,9.364126,4.640372,3.8985205,32.528,20.70763583737832,11.067784822538597,11.067784822538597,11.067784822538597,19.487700191426615,20.87954274378489,18.735087488084943,18.735087488084943,5.6926638841353965
ARIKSLKKWLKKLK,13,9,4,0.9673276581820606,1500,Rank,0.1461974406912491,0.1461974406912491,False,,5.187247,5.297885,7.147708,6.30158,29.222706,3.850844,4.0999885,2.5967624,4.857492,2.2530644,27.067226,17.26566114567178,11.150620298344718,11.150620298344718,11.150620298344718,24.723267310677677,22.81838119692061,17.70073594644131,17.70073594644131,11.948769911281772
TWVINGKTIKIAIKAIKAKGKKIKSMGRFANMAGG,13,9,4,0.967348550431694,1501,Rank,0.1712917917485787,0.1712917917485787,False,,2.544837,2.947075,4.3018193,2.3624108,1.8768034,3.926321,6.2673144,7.6126127,16.058807,15.904742,19.006786,17.172130513926042,11.964057047624053,11.964057047624053,11.964057047624053,33.94870643166653,51.389251549453476,19.770222959530415,19.770222959530415,8.522472246639378
GILGKILKPGLKTVIKAL,13,9,4,0.9725916335774999,1502,Rank,0.1023613500212528,0.1023613500212528,False,,2.4195166,2.4768848,2.9968464,4.4131875,13.562067,7.436499,16.997238,6.076923,12.387597,9.002868,25.230019,16.128165716375587,9.670038742695205,9.670038742695205,9.670038742695205,18.1699260954712,20.022610781877074,19.6791721326929,19.6791721326929,5.929010776622877
GLNLKALFKAALKAL,13,9,4,0.9765619340653673,1503,Rank,0.1588833616704744,0.1588833616704744,False,,5.924701,3.3274984,5.8314734,3.3336527,12.246903,12.404178,17.127338,4.2598696,2.9757354,4.0455403,26.818361,18.81765310723439,8.758770206086677,8.758770206086677,8.758770206086677,19.825163288235057,20.299071014390464,19.57038605694781,19.57038605694781,12.714099263554939
GIRGKFKSISKSIRQVFKRVKL,13,9,4,0.9784129176111783,1504,Rank,0.1582690213059879,0.1582690213059879,False,,6.6287627,6.5044136,3.5697198,3.5690598,8.122068,1.8040652,1.9456753,22.778524,9.8309555,5.1596923,25.064522,12.559812862848327,25.06803721765582,25.06803721765582,25.06803721765582,17.493147038906805,18.47295933568685,13.82935440974025,13.82935440974025,6.672423447684917
GVLRVLGARIRKIGQHVHRRIK,13,9,4,0.9865235298529138,1505,Rank,0.1621796298018171,0.1621796298018171,False,,6.2553377,5.443729,13.597173,5.5499725,3.1643884,20.554655,32.650265,2.054593,5.9165726,8.626735,13.985705,17.498727487676742,6.208158402881502,6.208158402881502,6.208158402881502,21.55727417790492,19.930063885836528,16.01439622650608,16.01439622650608,14.559681015759724
GFLSKLRPVISKIIPKIF,13,9,4,0.9907984530673701,1506,Rank,0.1094086226821104,0.1094086226821104,False,,16.46677,13.452826,5.469964,3.5767453,5.232947,2.4714592,10.533628,9.660998,3.776625,4.2042146,26.312275,22.157699523847803,8.58005433103808,8.58005433103808,8.58005433103808,26.13799136308752,25.81748842457212,17.482293795620457,17.482293795620457,9.515901559519138
GFLGKILRFGKNAVKGLIAGKGGS,13,9,4,1.0135449202302826,1507,Rank,0.1633651406673397,0.1633651406673397,False,,4.165734,2.3821957,9.962063,9.642627,6.6565576,5.3654146,14.612454,30.183558,3.0455787,3.343073,18.727709,18.85466747951541,10.750332572337813,10.750332572337813,10.750332572337813,25.815830206326655,21.646970449714026,27.87501475951421,27.87501475951421,6.406781454129608
GLLSSVWGRGKKWFNKAFFR,13,9,4,1.0153714097086588,1508,Rank,0.1745720787285479,0.1745720787285479,False,,3.492535,2.6459825,4.8821125,5.537213,24.771095,19.97579,14.500936,9.859886,3.169172,2.7271273,13.704915,23.454311442815918,11.435422511612414,11.435422511612414,11.435422511612414,32.344135410838355,17.68417564434883,21.28073374303583,21.28073374303583,10.671460770055978
GIMHSLFKSVLKAGKKIIPHVISG,13,9,4,1.0187509030292337,1509,Rank,0.1473020080628022,0.1473020080628022,False,,2.0441175,3.4427602,6.9767966,7.7991033,5.053235,10.808454,13.814854,19.060606,12.565679,4.7935643,23.724468,16.41238044610675,8.241494422428074,8.241494422428074,8.241494422428074,26.491391022183507,27.605277482011832,22.983023480735614,22.983023480735614,8.49076794962838
GILPKVLGKVISVIKKL,13,9,4,1.02792582162336,1510,Rank,0.0596321097444344,0.0596321097444344,False,,4.651881,4.405215,5.199487,12.002301,17.4645,3.837156,11.221098,5.962672,6.635114,4.2497854,30.118101,17.46235215546016,14.031809528691186,14.031809528691186,14.031809528691186,23.368188370711987,31.86328396638539,16.49270276009316,16.49270276009316,7.604449021675594
GILSKILKPVLKAGAKLIPS,13,9,4,1.035990411887893,1511,Rank,0.1207089570825142,0.1207089570825142,False,,8.39508,9.366028,3.4694736,2.662697,18.468836,4.1599665,11.475697,5.477241,12.262242,7.9666963,40.929848,17.584086444504017,12.54905426229324,12.54905426229324,12.54905426229324,20.370840857142955,16.997561249552128,17.87035789081714,17.87035789081714,9.733503959057996
GLLSGILGRLKKIAIK,13,9,4,1.0404550183260066,1512,Rank,0.1121863335834971,0.1121863335834971,False,,4.655432,8.152815,10.428183,6.815885,21.15908,3.1172452,7.4573407,6.1987267,5.862474,4.9113684,39.080505,16.54669481786472,11.10884024310254,11.10884024310254,11.10884024310254,26.02403513714188,29.64764676961412,20.931405778688845,20.931405778688845,9.078727453759067
GFLSKIKGGIISAGKHLIHHAIRN,13,9,4,1.055638830612046,1513,Rank,0.1762436656527283,0.1762436656527283,False,,4.805589,7.852096,2.3622313,4.623237,5.161332,9.3515835,25.044062,6.4156833,3.7184677,3.0814855,63.34085,23.655687820354334,12.71920599379206,12.71920599379206,12.71920599379206,35.484529647130685,36.03681196150916,29.154227158670288,29.154227158670288,10.564988718200066
FLPWMWKWKKVIR,13,9,4,1.0623468560398832,1514,Rank,0.1315450079034058,0.1315450079034058,False,,26.03003,28.7183,3.7064602,6.89299,6.7596765,6.048139,5.320835,3.208851,5.9615383,2.983061,9.514954,29.718270665992954,14.513961281699338,14.513961281699338,14.513961281699338,34.06040504823414,31.71286545969463,25.324491308675228,25.324491308675228,12.43610449052029
GGLSSLWGKIVKAGKAIGKH,13,9,4,1.0842856900459839,1515,Rank,0.1506020120477126,0.1506020120477126,False,,9.357773,8.929535,3.1556842,3.7612653,20.498667,20.460052,15.131643,7.8149843,10.03071,4.7643094,12.3854475,21.52058891588611,13.351421329417434,13.351421329417434,13.351421329417434,19.825919712839433,19.246053686878096,27.391375708473465,27.391375708473465,11.359407203034827
GLLHGILGKIKSLFK,13,9,4,1.0869392784946208,1516,Rank,0.1402586788029328,0.1402586788029328,False,,4.787143,2.4823768,6.181519,12.772914,14.314758,13.036763,18.658133,7.8494897,4.9566584,7.0015717,39.180527,21.07315852948713,13.668646069294216,13.668646069294216,13.668646069294216,22.81881337608249,16.76904787919008,24.247097965832417,24.247097965832417,12.981083189558746
GFWGKILGVGKKFLPSLFQKR,13,9,4,1.0917749676511235,1517,Rank,0.0776849994686786,0.0776849994686786,False,,10.804119,8.243443,16.534958,28.883795,14.866351,6.9047174,11.454834,11.9750805,2.5025878,3.5173066,13.267057,40.05880304763833,8.824631768470633,8.824631768470633,8.824631768470633,28.982512389992856,19.49892062929995,27.214643611787046,27.214643611787046,8.4959645066163
GLLRKRVAKVLKIF,13,9,4,1.0920955561726315,1518,Rank,0.1021849347138834,0.1021849347138834,False,,15.306818,13.631025,4.4624915,3.1051173,49.32148,7.7183113,10.553978,5.6998725,4.7233706,9.856137,29.931679,17.270552737517967,11.412450008042441,11.412450008042441,11.412450008042441,24.906343406003398,17.9208154748498,21.25726451250693,21.25726451250693,14.547464907537023
GILGKIKGAGKAALKGVAKQFAKQALERF,13,9,4,1.1024224548277808,1519,Rank,0.1725277366372669,0.1725277366372669,False,,11.365033,11.178851,6.5374827,13.659971,20.97213,10.069388,8.485602,7.2768283,7.719879,16.521706,14.488964,18.237747075852095,11.604612086197898,11.604612086197898,11.604612086197898,18.664730509311696,20.82719078461473,17.86849890678808,17.86849890678808,11.559953702471345
GWWSSILKDWRKFIIKKHGK,13,9,4,1.1140920541202084,1520,Rank,0.122352525104936,0.122352525104936,False,,5.5171976,5.7236156,12.512533,9.033223,14.394981,19.210781,16.782843,5.648897,11.452683,6.784923,13.617394,23.37799151210401,12.176030406129343,12.176030406129343,12.176030406129343,35.393799627626215,27.946647229738446,23.016837188825143,23.016837188825143,8.738965269844845
GLLGGVLRIGINAGKGAIHALKKNG,13,8,5,0.9605122489969308,1521,Rank,0.1591699846580946,0.1591699846580946,False,,4.507147,5.1490674,2.5630672,2.772907,3.6066277,25.934427,21.3389,5.5473146,1.9942328,6.1139317,20.665247,12.71046332112103,13.22226397413638,13.22226397413638,13.22226397413638,16.67781834982205,16.63346278212038,17.062223907479485,17.062223907479485,14.862009568661001
GLLGSLIKNALKYGPKIIPHVLKTQT,13,8,5,0.9702508830064558,1522,Rank,0.174746418561713,0.174746418561713,False,,3.802816,9.826572,2.5974944,2.5940735,6.098094,21.381842,20.018341,3.9153488,9.109632,7.408291,36.37727,19.398797129276925,6.807169520683389,6.807169520683389,6.807169520683389,18.858435553646174,15.422268508617943,17.99007181400392,17.99007181400392,6.983811169893583
GILGKILKAGKKIIPHLINI,13,8,5,0.9772841993691422,1523,Rank,0.1466916110993039,0.1466916110993039,False,,1.7746371,3.062403,3.455396,2.5927408,4.7912188,8.573023,20.24927,5.314566,17.738445,8.76769,52.250813,20.91743176113747,11.611268179117218,11.611268179117218,11.611268179117218,15.80486926770035,22.402131633353036,17.690627948128682,17.690627948128682,5.535924638135419
GLLSGVLGLGKKVFCKITKK,13,8,5,0.9894916367357034,1524,Rank,0.1575606619600446,0.1575606619600446,False,,6.853677,5.840298,6.0343566,10.043761,4.5992193,36.471764,18.44465,5.183289,1.4286699,4.017806,19.485752,16.16392243312016,10.75391255391325,10.75391255391325,10.75391255391325,18.648527510074555,10.729086790851733,18.554385033776356,18.554385033776356,10.229284483452624
GINKKWYLWKKWKW,13,8,5,0.9912862564683381,1525,Rank,0.1554447160087136,0.1554447160087136,False,,50.202965,50.68146,3.5512671,4.4837704,9.379292,4.5790906,8.44882,2.714413,1.7224432,2.0766873,18.113054,12.789662608779848,11.618113053244574,11.618113053244574,11.618113053244574,32.44742831540594,24.9426239265094,16.471326199423057,16.471326199423057,5.879569413017841
GLFTKILGKALKTAIKA,13,8,5,1.0065494419796606,1526,Rank,0.1501819360687529,0.1501819360687529,False,,1.7666324,2.2435257,6.575317,9.011934,24.44227,40.932827,11.485554,4.1278315,11.477835,8.360933,30.93901,16.097179869145435,6.6337100029249205,6.6337100029249205,6.6337100029249205,18.45180662929029,10.734288960515281,18.871049585964407,18.871049585964407,12.332326721473606
GFFKLLPKFIGSVLKGIGQ,13,8,5,1.0116793892066422,1527,Rank,0.1459052139232772,0.1459052139232772,False,,2.289753,2.691484,10.861752,20.574354,7.092892,30.313814,25.98972,12.995126,2.1589446,4.919342,12.43334,16.512883212335872,11.952689929826075,11.952689929826075,11.952689929826075,17.64179178978012,12.686931640286605,16.47003318507881,16.47003318507881,7.573398672079943
GGLKGILKLIKSAIK,13,8,5,1.0197191053552366,1528,Rank,0.1476886689070718,0.1476886689070718,False,,3.004713,2.321013,4.5396,11.471268,21.792397,17.188017,11.350917,5.3063517,13.651601,11.022902,36.915306,16.149123518409255,7.99717240210396,7.99717240210396,7.99717240210396,19.648347038281734,14.56882783404638,17.224847704821972,17.224847704821972,7.766209088055624
GSLLSAGKKLLKRGGKFIGGLGKNL,13,8,5,1.0238321516487772,1529,Rank,0.1577410206684023,0.1577410206684023,False,,7.25197,7.4109917,3.5743487,2.148731,3.4497836,16.008894,16.820854,7.713891,6.012195,8.2602415,31.981646,15.502684852173367,11.897942837036005,11.897942837036005,11.897942837036005,34.407371144440646,23.887403221373262,16.37915351388043,16.37915351388043,11.079101044536884
GLLSKIGRGIKGLLK,13,8,5,1.024381559888973,1530,Rank,0.1694041479597258,0.1694041479597258,False,,5.767373,4.7591243,11.317581,5.966238,7.510004,17.502773,18.040556,12.04597,3.656303,4.977856,35.67986,16.19683722885794,8.975484167445993,8.975484167445993,8.975484167445993,19.362659690173345,9.915476097028085,18.224896016166543,18.224896016166543,11.97051843637342
GLMGKILSHIKGLIK,13,8,5,1.0321356407563198,1531,Rank,0.1287745611617342,0.1287745611617342,False,,4.411914,5.411979,4.1581035,7.295914,21.576223,9.427362,16.873013,4.828859,5.3397417,8.245737,50.03216,18.354883232462953,10.20614608219058,10.20614608219058,10.20614608219058,22.567418814275392,14.158346603226466,21.430045692786116,21.430045692786116,5.800631796632642
GFLSKIIGKVSNLLCRVTK,13,8,5,1.051587240215822,1532,Rank,0.1338118408293926,0.1338118408293926,False,,8.522784,6.767416,5.440234,11.352198,16.10488,10.409614,16.035326,7.813557,4.729555,2.9900324,24.238468,25.69716938911047,8.858173532860384,8.858173532860384,8.858173532860384,23.452869383438177,14.764521434659645,26.992452560197844,26.992452560197844,9.309041621531433
GLFSKILGKLLNHIK,13,8,5,1.0543231490346006,1533,Rank,0.0969771548403379,0.0969771548403379,False,,5.2326136,4.66194,11.276253,27.67134,7.7614217,14.300899,16.13261,4.4497795,4.7170544,7.7893686,36.179665,16.432327300445316,10.063426216799536,10.063426216799536,10.063426216799536,19.046192246043884,14.532709805488471,20.849498421656307,20.849498421656307,7.511290185032004
GKISSFKKKLKEKLKKLL,13,8,5,1.0659223078142688,1534,Rank,0.1052483346394984,0.1052483346394984,False,,3.0253603,3.406338,10.993486,23.401329,23.746494,8.538397,8.626262,7.137819,9.738905,5.380191,31.428818,18.941867124905084,12.661100929497955,12.661100929497955,12.661100929497955,16.297872059001513,13.812832650013918,18.922436749269323,18.922436749269323,12.32538584640546
GLSLLGKLLKKLLK,13,8,5,1.0742444549071886,1535,Rank,0.1325358392885606,0.1325358392885606,False,,6.1730933,5.308169,11.4954195,12.918342,11.063782,16.10384,17.068317,6.056649,5.2742643,8.385066,21.952908,15.5661592074692,14.415867285913084,14.415867285913084,14.415867285913084,20.302063335836063,16.48971063544447,19.99464471337351,19.99464471337351,5.623529020700968
GILSKILRGALKIGSK,13,8,5,1.0933171344190193,1536,Rank,0.1340080769154136,0.1340080769154136,False,,5.998609,6.5886927,10.015894,13.3177185,24.431087,25.786999,15.904398,5.2650275,9.597034,11.660842,29.95984,14.459714132381233,8.18960964426076,8.18960964426076,8.18960964426076,18.170330083779163,17.64433427874614,17.03491345457921,17.03491345457921,10.668616891701646
TFGISLKTLIKGVLKAGAKALAQAIAEKVQLQNE,13,7,6,0.9049956868800253,1537,Rank,0.119495427315233,0.119495427315233,False,,1.4489384,1.5295655,3.0434773,3.4944434,30.788534,28.687117,16.811794,3.3823724,2.7217457,4.3089433,30.046387,16.153539156293345,8.78220389085867,8.78220389085867,8.78220389085867,14.046804051265807,14.38292335199815,16.448392535080405,16.448392535080405,5.045170557087929
WLGKWIKYVTKTVSK,13,7,6,0.9977061119713106,1538,Rank,0.0750364868365124,0.0750364868365124,False,,2.5995572,2.290407,5.6439524,14.354621,16.370375,30.285303,18.096992,7.9085727,9.285076,3.0592923,42.936317,14.012810979180163,5.484328542779684,5.484328542779684,5.484328542779684,22.255110366148315,9.974863699433353,16.95570597500242,16.95570597500242,14.609815052161848
GIGSKLKGAGKLVGSVVKRFLPAIPPS,13,7,6,1.0354921204532481,1539,Rank,0.1161381402422825,0.1161381402422825,False,,5.47735,4.8888016,1.8370693,1.3810031,23.29381,8.089926,13.391266,29.152954,17.283651,5.9399333,50.262695,14.01253404328088,8.930440845804048,8.930440845804048,8.930440845804048,16.009684639138104,27.250606170690858,15.988205605667641,15.988205605667641,17.860903116745373
GILPKLLGKVSSLLSKIL,13,7,6,1.0366057345096846,1540,Rank,0.129060042638542,0.129060042638542,False,,2.2723427,1.7324988,4.980818,4.3056517,12.184751,17.147749,17.53118,6.006846,15.493636,16.7901,41.384842,18.414284070117457,11.336522058764503,11.336522058764503,11.336522058764503,22.649819725124374,22.1338889107485,15.660168944407458,15.660168944407458,8.180678867857688
WLRFLRKVTKIGKAYNSLV,13,7,6,1.0410105926266813,1541,Rank,0.1124143244248445,0.1124143244248445,False,,1.5112433,1.8466301,12.859849,21.921019,5.3975577,21.093721,24.468576,4.0121083,10.038221,8.125436,16.598322,15.14564726116341,13.064356795092326,13.064356795092326,13.064356795092326,22.676226859719154,14.481933998025195,17.986773474680025,17.986773474680025,15.475534151520911
GIRASYKCLFQKVGKQVLKLLK,13,7,6,1.0493631199238553,1542,Rank,0.1668691637665373,0.1668691637665373,False,,7.156834,15.417528,6.138511,4.742876,21.820572,35.608192,33.93964,6.5561943,8.966276,10.232955,23.44732,10.395065392064119,5.585072661893635,5.585072661893635,5.585072661893635,17.77553237149835,18.196933263338806,8.611111046263492,8.611111046263492,18.710588815053658
GILGKLLKNVLKGGVKLLPHV,13,7,6,1.0781464172385982,1543,Rank,0.127936380904309,0.127936380904309,False,,13.059585,12.313057,9.208559,7.418691,5.9783587,16.665924,20.261595,4.965021,2.7945697,16.995325,88.551544,18.202833158348977,10.161049725641522,10.161049725641522,10.161049725641522,16.301992761109748,18.73282488713767,13.782734613857784,13.782734613857784,7.125215189782933
GSWGKVLKHLIKVI,13,7,6,1.0856163862337698,1544,Rank,0.164725821555709,0.164725821555709,False,,4.2548995,6.244521,10.934431,33.47785,23.47482,15.777666,21.509085,8.188602,11.299214,14.914973,59.421803,17.322297747041233,4.783261201897044,4.783261201897044,4.783261201897044,17.845706526674586,16.400928160814622,14.291966875312752,14.291966875312752,7.16025113966281
GLLSGILRAGINGIPKLISGKTK,13,7,6,1.1572419143312183,1545,Rank,0.1532891285000797,0.1532891285000797,False,,12.832198,10.777645,16.725592,17.035217,14.69262,13.363854,29.3256,11.976744,7.466739,5.1232715,58.282204,17.272420629388293,12.643541799330782,12.643541799330782,12.643541799330782,15.209066576806592,14.166284688947467,17.159889024208926,17.159889024208926,10.401747199719662
GFWSKLLKVGLKLGHNLIPNPKQL,13,6,7,0.9573531378860023,1546,Rank,0.094438642341002,0.094438642341002,False,,16.063374,22.165274,2.1220844,2.6707528,6.029388,32.17749,28.312756,2.8822556,4.4919653,6.9107566,20.776419,16.234595421463656,5.134048270259428,5.134048270259428,5.134048270259428,11.93081332592601,17.47929006332447,14.654094929757056,14.654094929757056,6.9207109981003985
GKFGRFLKHVSKYGPHLINRIGQNRH,13,6,7,0.9755694619200066,1547,Rank,0.0786635855560278,0.0786635855560278,False,,2.0220299,3.3855593,4.6714916,6.239274,3.9514623,24.377726,20.051645,21.673529,9.40489,27.888409,24.88108,12.15928083981034,6.640080691227745,6.640080691227745,6.640080691227745,16.114509739887932,16.532049151446408,10.734751563127544,10.734751563127544,5.449397771282599
GILSKIWGGAKNALKGLAK,13,6,7,1.0164422072020713,1548,Rank,0.0792214730221561,0.0792214730221561,False,,2.3880546,3.1644359,3.5931437,8.590302,27.513926,20.538164,18.180199,22.719215,12.666419,8.316079,31.47517,14.362112922578547,5.093801052782324,5.093801052782324,5.093801052782324,11.681469834895577,14.316510569453573,17.167799289327938,17.167799289327938,12.625996624041445
GKWWGKKLLIGIIK,13,6,7,1.0347869829440937,1549,Rank,0.0707224061553583,0.0707224061553583,False,,18.319956,19.101244,7.3415036,8.895673,11.255794,41.256313,35.7565,4.5521092,5.23357,7.8017626,16.691498,11.324684897228236,5.185812481877692,5.185812481877692,5.185812481877692,18.125169031123093,19.213507243887435,11.268801712449598,11.268801712449598,6.035992965103158
GKLDSLWKGLKKFIPKIIS,13,6,7,1.0657344124572863,1550,Rank,0.1439229285107061,0.1439229285107061,False,,3.1066773,3.1005065,6.1627836,19.367167,3.7802243,19.679674,16.986675,6.7444687,30.191868,13.5618515,25.387173,15.433202637653165,11.856092757516796,11.856092757516796,11.856092757516796,21.982080370278315,23.268287767057647,12.106690928989742,12.106690928989742,10.508399828532133
TWKSSKAKKKIGPWIIRKGIKVLGPEKES,13,6,7,1.0754514765640124,1551,Rank,0.0636201334280856,0.0636201334280856,False,,16.814848,19.78672,7.550674,7.14571,10.469889,5.6105776,8.0872755,11.541719,20.52577,22.429296,25.98835,9.20361371515191,8.653892848645825,8.653892848645825,8.653892848645825,19.609758413027507,19.315160791153065,9.397081992823797,9.397081992823797,13.742505966133502
GIMLSKLKSVLKSAGKAALGAASNKVNAN,13,6,7,1.080126465772168,1552,Rank,0.1719683963391955,0.1719683963391955,False,,5.0326324,5.3882127,2.1479864,3.5451088,32.664715,19.047018,10.547754,13.463358,21.00657,21.54185,84.12796,10.227903123621692,8.976073005434051,8.976073005434051,8.976073005434051,17.118691249370833,16.658053600617787,13.762256159261517,13.762256159261517,14.431474240496051
GLLDKFKGVAKTVGKSVLQQLKCKIFNHPSLTNQ,13,6,7,1.0839340409801284,1553,Rank,0.1371303165347218,0.1371303165347218,False,,4.442892,6.129482,3.9573088,18.820824,10.81074,18.139624,25.4545,4.1959934,4.771057,17.683798,50.61284,15.644298139190461,12.043083846091418,12.043083846091418,12.043083846091418,19.849481268503133,10.654941140642908,14.063157878963993,14.063157878963993,23.01355212521261
GILGKILRGGLKVGSKVL,13,6,7,1.1405953518264664,1554,Rank,0.1350515215716487,0.1350515215716487,False,,16.782747,18.144001,10.070336,7.331827,34.476536,14.517954,17.537485,9.5090885,4.953458,9.906779,43.695732,14.3926109636547,12.535727358953164,12.535727358953164,12.535727358953164,16.20152829277339,18.738013847707087,12.934329698548394,12.934329698548394,11.191387025084154
GIRHIYIRGKVLFKN,13,6,7,1.179043624388544,1555,Rank,0.1683072598427288,0.1683072598427288,False,,12.0615835,18.80238,4.9430394,11.590633,5.609327,47.121613,40.08608,34.77483,11.377893,9.954201,46.405933,12.93390011476991,12.492371141114113,12.492371141114113,12.492371141114113,20.376477952213882,27.854187782273613,14.680610387613985,14.680610387613985,4.908523454273667
GLKWKWALRLW,13,5,8,0.9562418979465963,1556,Rank,0.1176038401253918,0.1176038401253918,False,,22.611338,17.753956,6.133548,11.721377,33.487854,13.714538,17.759064,10.220594,17.113588,7.9688277,36.106308,5.76909015121866,2.6585308151050553,2.6585308151050553,2.6585308151050553,5.62898674928475,16.08141352397785,5.903727049613853,5.903727049613853,3.2900572126272385
GQWKKVQKLEKAVRKVFQSASKAFAAQAVEAQANK,13,5,8,1.0395051229379013,1557,Rank,0.0988405155809999,0.0988405155809999,False,,9.990581,8.548821,4.7033186,12.068409,28.877302,52.204132,25.18136,15.503863,19.080849,39.889946,32.053493,5.287321591427875,3.088914851745551,3.088914851745551,3.088914851745551,8.532970599981594,8.680502558485527,6.572087943881594,6.572087943881594,17.771683101444783
WINWPKIWIRRVERK,13,5,8,1.0775342522210902,1558,Rank,0.1248366601801179,0.1248366601801179,False,,28.49256,11.978118,13.398826,31.631441,14.4486885,27.570913,24.906275,6.5434465,22.909426,6.0950007,28.313557,8.84196557165606,5.234930647894535,5.234930647894535,5.234930647894535,10.48092396756338,16.08939634153683,8.80254897277082,8.80254897277082,5.775161525958615
GMWSKILHHLIR,13,5,8,1.1092148751905473,1559,Rank,0.1535983741565272,0.1535983741565272,False,,3.736556,6.7401233,12.081959,32.291237,46.271374,37.262184,29.178661,5.768219,12.562427,35.88633,97.21806,9.622170083776778,4.259468693644594,4.259468693644594,4.259468693644594,15.40274442281876,42.24223090714775,10.46003834409635,10.46003834409635,2.3107233576068835
GRQKKFNFKKHVYKLMRL,13,5,8,1.132567163002416,1560,Rank,0.1201990130705063,0.1201990130705063,False,,7.9728465,10.975953,28.437937,44.989567,23.65754,43.748997,24.032875,9.426249,11.375114,9.370979,42.16617,8.28187382406871,7.1733488307270665,7.1733488307270665,7.1733488307270665,10.529370454860956,18.129303868276985,8.137495309875575,8.137495309875575,9.827228280822867
GLWSKILNHLIR,13,5,8,1.137819024604907,1561,Rank,0.1407076038733329,0.1407076038733329,False,,16.941977,14.788488,15.559815,36.947765,29.700844,25.82206,32.162636,9.6756525,12.422485,10.633992,62.96552,13.812172948598812,4.220450587410341,4.220450587410341,4.220450587410341,13.366800457770003,33.34751990545637,12.524370568941,12.524370568941,2.748903804315162
GTLKSLLGMGLKSGIKIIPRIKGGL,13,5,8,1.1469209783080148,1562,Rank,0.1633522727272727,0.1633522727272727,False,,24.233187,28.205534,27.943977,33.80704,2.2896502,8.359451,16.246485,7.999742,11.126974,8.901203,32.007458,15.661780984545544,10.657351341131932,10.657351341131932,10.657351341131932,21.42936335415392,15.192305930119089,15.65791666489714,15.65791666489714,11.262379033269873
GRIINHRIGKILRSWIGKITKK,13,5,8,1.1644358936401986,1563,Rank,0.0921963000106264,0.0921963000106264,False,,7.874828,7.711454,8.07272,10.3739805,6.0740986,43.654972,59.4933,33.334423,37.02657,31.194218,25.164915,14.418241684239995,8.572184725575367,8.572184725575367,8.572184725575367,16.882829898263765,13.383339737602467,14.2413676355354,14.2413676355354,6.009185727810753
GVLRLLGRRIRGGIRKVGKTVPR,13,4,9,0.8956482027503305,1564,Rank,0.1599690422267679,0.1599690422267679,False,,17.198961,16.125418,32.22889,7.0311227,21.078741,10.889586,17.04618,21.381971,7.31016,5.2071586,28.767689,5.204967569186259,2.180031505370515,2.180031505370515,2.180031505370515,3.6443943229311335,5.372543071370015,4.300712309055267,4.300712309055267,7.278215380548243
GMWSKLLKHIWKK,13,4,9,0.9065460352738299,1565,Rank,0.145878855400882,0.145878855400882,False,,18.24099,20.4051,3.4257743,4.3816996,46.291103,19.378801,19.294674,1.80321,16.081497,5.8646035,28.061426,6.48832145932681,3.5327138299442415,3.5327138299442415,3.5327138299442415,12.758715303781202,7.597067591674065,6.302590086959707,6.302590086959707,2.6595022750055826
GKLWSKIREKLKSLKESL,13,4,9,0.9906883692822059,1566,Rank,0.1331180098028797,0.1331180098028797,False,,23.424067,23.33334,21.536728,33.817585,21.88133,31.73738,14.507995,7.4162602,15.240309,4.126131,29.52133,3.5489877382512076,3.900227713563857,3.900227713563857,3.900227713563857,6.983316605774586,7.30565072148611,3.3709025729185824,3.3709025729185824,9.662925116729905
GLDWKKLLKVLEKLLK,13,4,9,1.0214365394361204,1567,Rank,0.1169324242202858,0.1169324242202858,False,,17.190353,11.051889,13.215395,28.393307,22.159695,20.58884,18.234453,6.085021,31.490267,15.463382,23.659878,6.9071720645346355,4.059618489798494,4.059618489798494,4.059618489798494,9.146332119157536,11.791173912352452,6.408046008319836,6.408046008319836,3.1539756250296893
GLFSVIRRAAKVVSAIKH,13,4,9,1.053691818168517,1568,Rank,0.1581992853727219,0.1581992853727219,False,,5.507695,4.7389593,20.680506,23.526075,45.2254,60.40864,49.564857,6.5776286,13.242357,33.772846,37.187122,4.845913865828459,5.211483700736686,5.211483700736686,5.211483700736686,5.832877420280223,11.37036303372372,5.41126618441528,5.41126618441528,4.730508242448099
GFLSIFRGIVQKRYCRVSNQAPVKRAIKR,13,4,9,1.0823089962368049,1569,Rank,0.1374727697784389,0.1374727697784389,False,,24.850353,27.57525,30.374283,25.8532,19.049429,12.067452,12.018261,17.201397,10.014784,12.448024,27.566183,7.202725396557678,6.183971996120047,6.183971996120047,6.183971996120047,10.685040406352858,7.022504918961352,8.161130390109147,8.161130390109147,5.918583111406484
FTKKKKKKVLWKLW,13,4,9,1.1013551102428676,1570,Rank,0.1623808470259284,0.1623808470259284,False,,19.378382,20.06823,10.982176,17.043547,37.578915,35.03132,12.298276,7.572507,34.06386,3.9715974,184.1848,6.52258498526789,8.191113669014324,8.191113669014324,8.191113669014324,9.487822111968482,5.240408228915988,6.885025073119028,6.885025073119028,5.665502552661411
GILSKILGKAKTFLKEQATKLASEALSAK,13,4,9,1.123047105585374,1571,Rank,0.1515328622283619,0.1515328622283619,False,,2.0220392,1.9102705,8.068937,30.319206,41.870712,31.101864,16.025637,7.7470713,33.61081,32.9724,65.87152,12.492467154186475,7.374399878357244,7.374399878357244,7.374399878357244,14.011460968365302,14.330184704533785,13.176352452697055,13.176352452697055,14.83859557846607
GKLASFAGKLLGKLGKLIGEKVA,13,4,9,1.1320176938817517,1572,Rank,0.1537538271744328,0.1537538271744328,False,,15.758938,14.253518,3.7385392,18.420162,27.354656,16.023867,16.025244,7.3547964,20.326647,18.15763,48.411835,10.774163484426218,8.143611126923943,8.143611126923943,8.143611126923943,14.859969975592477,13.232121394617332,14.982015759164888,14.982015759164888,11.913423281617979
RLFKIISRIRIQQKF,13,4,9,1.1335084245103246,1573,Rank,0.1664978614313798,0.1664978614313798,False,,21.199543,18.836319,4.820875,3.887681,65.080956,21.910828,18.516674,19.126532,12.079121,9.702765,41.810177,12.591065683478853,9.449436947233206,9.449436947233206,9.449436947233206,9.545476256292877,10.055242074002969,13.365358600142374,13.365358600142374,13.86989059009537
GDKSKFKPGIKKVLKELEKRFISAAFSHRVVA,13,4,9,1.1338026030097477,1574,Rank,0.1537237327984698,0.1537237327984698,False,,26.443987,35.554523,8.3985815,8.82694,22.413202,12.884972,14.990663,31.15985,33.875317,33.97946,29.25382,8.03700330146095,6.298334006932667,6.298334006932667,6.298334006932667,13.872502533899068,10.6943770720358,8.745367490850207,8.745367490850207,6.57492078612345
GIWLSPKKLFKKLGSSIRNQLPVEPQVGKNLF,13,4,9,1.1392233810297798,1575,Rank,0.1685110714095956,0.1685110714095956,False,,29.483253,24.294386,2.4944103,5.734541,30.73187,9.432858,17.356388,51.545258,14.725678,45.02568,24.386753,11.362859395985419,8.602166878342672,8.602166878342672,8.602166878342672,13.253833595422645,14.195213495121509,11.222133008349045,11.222133008349045,8.268072839960471
GIGKKFKIFRKVGKPVIRAIK,13,4,9,1.184475312883668,1576,Rank,0.1092724715743053,0.1092724715743053,False,,27.590158,33.76027,10.200021,4.830475,40.48077,6.5469465,12.738314,39.803833,23.14635,39.378696,103.25776,13.110403475308477,8.079675752487528,8.079675752487528,8.079675752487528,14.487973493618574,7.940853375107193,14.07080313181874,14.07080313181874,5.351233165438633
GIPIKIGKEFRKIVKGVIKAEVAGALGVKGAV,13,4,9,1.2070717279851133,1577,Rank,0.1646000478189256,0.1646000478189256,False,,7.5354247,7.254178,10.368013,8.768411,57.450592,42.529427,32.141808,40.165745,50.164616,46.100315,33.392586,8.361659355902283,11.225201464392217,11.225201464392217,11.225201464392217,11.022650528727798,11.722899808860989,9.323809802698069,9.323809802698069,8.611479785094843
GILSKILGRAKKIGLGAGKLLLGGEVQGE,13,4,9,1.2320365130811606,1578,Rank,0.1324339335051272,0.1324339335051272,False,,23.13129,30.066353,32.438496,30.975454,14.725218,8.593011,24.147264,104.39699,7.8577237,10.073867,79.75141,13.868573382278251,8.896901392598652,8.896901392598652,8.896901392598652,14.124199907575598,10.504578632821158,13.818998969189954,13.818998969189954,11.22879471894047
GPFKLFSFAKAFFRRKKWWQ,12,11,1,0.9208896259561113,1579,Rank,0.1708536591440412,0.1708536591440412,False,,1.9974655,2.3806334,5.011725,3.0061424,4.968503,4.898111,9.08093,2.912516,4.4544206,4.7663946,5.1789446,33.6665729950809,17.26079936671536,17.26079936671536,17.26079936671536,23.2776209013726,23.23136248536223,22.65750541192084,22.65750541192084,10.738152451526918
GIMGSLLGLGKKLLPKVIHKIQR,12,11,1,0.9886542208209068,1580,Rank,0.0820289669783752,0.0820289669783752,False,,6.810904,8.194408,4.64475,3.1174145,8.800498,2.3610904,6.3878317,5.0126705,1.0052077,3.617961,12.580608,26.150219749653107,21.350951238341025,21.350951238341025,21.350951238341025,36.78001978351531,32.29805527713824,27.905775043476858,27.905775043476858,10.238534852699765
GLFSTFKGIAKQFGKILAHQLSKKS,12,9,3,1.0221677620201948,1581,Rank,0.1755600044498166,0.1755600044498166,False,,1.6753987,1.9544505,3.9219742,12.420402,12.13812,21.802095,13.083865,3.3475673,4.691155,8.214228,17.126934,19.312329832380243,13.35477873155194,13.35477873155194,13.35477873155194,24.632741628350935,27.236053965621,19.98168001660756,19.98168001660756,18.4614221769699
GIIGEKFKGLFKTALKGLANKLANKQTPK,12,9,3,1.0633779308705271,1582,Rank,0.162010063559322,0.162010063559322,False,,2.3893287,2.0900984,2.0403497,2.3912315,20.552336,14.805596,11.118685,4.5932603,11.667546,11.465743,56.01645,23.90501483168311,12.005187543437236,12.005187543437236,12.005187543437236,26.087115593884896,31.219993403841137,30.265782394483445,30.265782394483445,21.14814705806192
GLFGKILGAGKKLLPKLLG,12,9,3,1.0704737726962237,1583,Rank,0.1032251623851017,0.1032251623851017,False,,4.0100136,4.5563817,5.1034045,4.0432935,19.558367,12.316613,15.439071,7.3715725,3.4651685,10.101978,24.33206,18.761544182512377,12.47546035844835,12.47546035844835,12.47546035844835,25.15473492889585,34.457188940534245,20.197178280245744,20.197178280245744,22.640191424726297
GILGKILKGAKKVLPSLSGKLTKT,12,9,3,1.0764776263164304,1584,Rank,0.1465664600047818,0.1465664600047818,False,,2.369103,3.1955707,7.509132,4.404033,15.294672,5.0452695,6.4770427,7.285246,22.120491,11.167197,33.618248,23.469671011642333,12.209655762834947,12.209655762834947,12.209655762834947,28.044601526045767,33.23859707594119,22.4723232382925,22.4723232382925,22.233874116117605
GLLGSVWRRVTKVIPKIIP,12,8,4,0.9964969152544481,1585,Rank,0.0972477966765846,0.0972477966765846,False,,3.5122721,4.8128014,2.6943088,2.1613176,6.4410114,4.693262,5.779802,19.52771,20.117912,5.9611144,31.154924,26.32441792672077,8.803353606660636,8.803353606660636,8.803353606660636,33.5545264367834,23.358594513260805,21.66023675989432,21.66023675989432,10.269010813582792
GFLHHTIGRLFKKIVRAY,12,8,4,1.0096596652002425,1586,Rank,0.1480958769459646,0.1480958769459646,False,,1.6383222,1.727551,3.7359679,5.22681,5.249529,33.756943,23.983385,7.289904,8.040015,2.773719,31.88443,17.46437022310839,11.149258357316695,11.149258357316695,11.149258357316695,24.238127910889002,38.49719371284811,22.801357347386187,22.801357347386187,10.913627145142112
RFSKLLGKVIHIIRHVRGV,12,8,4,1.0136052910110689,1587,Rank,0.1352260689522342,0.1352260689522342,False,,2.1141005,2.296449,4.2039833,2.4499164,3.9134803,20.311354,26.542269,4.37408,5.6814704,4.4036813,40.74899,31.32353075954823,12.668060471598446,12.668060471598446,12.668060471598446,32.071832952283366,28.956883486098377,28.59577085885505,28.59577085885505,8.2245205120068
GGLLSSLWGKIKSKAKGIAK,12,8,4,1.0203746542296181,1588,Rank,0.174130417817863,0.174130417817863,False,,1.3270155,1.2780228,5.3990684,21.628582,28.315119,14.805828,13.218475,6.646794,10.311797,8.018539,33.16363,17.060163335090902,7.128791283789168,7.128791283789168,7.128791283789168,20.16955523169552,14.348510722035599,20.17668728771919,20.17668728771919,17.545327802374857
GVLSSLFKKLGKHIINSLK,12,8,4,1.034607856511522,1589,Rank,0.1650221992720896,0.1650221992720896,False,,2.1250792,2.09742,6.6220064,12.092722,8.678077,20.75505,16.967974,4.887177,3.931305,9.592933,32.477135,21.47758634276161,9.230585998568465,9.230585998568465,9.230585998568465,26.717046681834898,24.33114346311595,24.513785213525196,24.513785213525196,11.424488662391624
GGIWGRIKRALKNLF,12,8,4,1.0376998489446927,1590,Rank,0.1133339670447904,0.1133339670447904,False,,2.9628522,2.4061594,6.423799,5.0187883,22.027084,12.3810425,15.9273815,48.327873,3.3010375,3.1974397,17.993559,30.18025170362073,11.6847119967929,11.6847119967929,11.6847119967929,21.632310888472833,16.16449035701972,19.772361202544516,19.772361202544516,9.409936191625349
GMWSKILGHLKRLA,12,8,4,1.0464933455522103,1591,Rank,0.1721890192471176,0.1721890192471176,False,,3.4521282,5.587628,13.885688,14.710299,30.37155,16.187841,14.447555,5.0820293,11.414515,5.010469,46.951084,21.42722236363085,4.8598952787270875,4.8598952787270875,4.8598952787270875,19.238627446535652,29.689798832546103,16.297773640202266,16.297773640202266,5.970494118904633
GILGKILKAGKKIIPHLIC,12,8,4,1.047675653406634,1592,Rank,0.1737917004277137,0.1737917004277137,False,,7.49772,8.742587,5.8542924,3.7939594,7.5995193,21.720125,21.950806,4.057103,7.391867,8.820828,31.417812,23.742609781583262,8.255135477937515,8.255135477937515,8.255135477937515,25.18796161135577,23.714427038951193,22.51294192203209,22.51294192203209,5.06816972758415
WKLFKKIEKVGKKIPKVFGVGTVLPVAQAKKA,12,8,4,1.0513482113867236,1593,Rank,0.0362674588890069,0.0362674588890069,False,,7.674055,6.6133575,2.9290435,2.7246017,5.9236827,7.588655,7.349068,32.7636,11.527206,30.579725,32.81134,11.816870981519777,6.737950376723379,6.737950376723379,6.737950376723379,22.78361448483851,26.260547408208726,17.681476958945503,17.681476958945503,31.036801582918084
GILGKLLKPFLKKIAK,12,8,4,1.0513896116358066,1594,Rank,0.136229768277456,0.136229768277456,False,,6.93409,5.6983843,7.8934383,5.617771,33.91601,2.9993615,5.145458,5.949845,3.9908774,21.430994,24.861631,27.199065370918053,10.986330657063997,10.986330657063997,10.986330657063997,28.181735983828794,27.197631963809417,27.93637756490067,27.93637756490067,4.258593068158717
GIPHLISGAGKAFKKLAKHIFKK,12,8,4,1.0532866853217384,1595,Rank,0.0535358193640082,0.0535358193640082,False,,5.3967957,6.8967185,2.2245889,5.2075887,3.0940433,37.745926,25.375307,5.5627074,6.2711773,8.894457,39.36349,16.941391158969452,15.27601752901614,15.27601752901614,15.27601752901614,19.34310561717222,21.67505803501901,21.465368711613543,21.465368711613543,6.389545833626546
GFFGKIKGMIKEYYKAGLKNF,12,8,4,1.0541126952326954,1596,Rank,0.1539146764252696,0.1539146764252696,False,,2.025624,2.0768828,10.958513,25.641773,2.1709363,13.0331745,11.68595,37.27445,6.7094655,6.28143,20.745064,18.90112215441664,15.18310524266451,15.18310524266451,15.18310524266451,22.315945326770578,23.00932645414242,17.98151120960043,17.98151120960043,8.637909288244522
AIWKSLFKNLGKALGKALGV,12,8,4,1.0636565639204245,1597,Rank,0.1515112772966367,0.1515112772966367,False,,2.6335342,1.9777638,4.896439,5.8353786,8.9579525,17.006506,17.011082,7.596285,8.849014,4.65241,34.92582,37.413529781049554,11.93230349091688,11.93230349091688,11.93230349091688,34.54851457411215,20.73338343183188,31.62738608194911,31.62738608194911,9.776069489722692
GLLSGILKAGTKFLPKLL,12,8,4,1.0724217087991879,1598,Rank,0.1264194168083523,0.1264194168083523,False,,1.9813663,2.418328,7.8361707,12.6331,10.620821,21.722355,20.106098,6.207563,4.6513343,5.703794,36.933167,23.031455087248858,13.265316578686893,13.265316578686893,13.265316578686893,24.044732502485715,35.46860810433825,22.22819298096547,22.22819298096547,9.262365025885757
GILGKVLRPGIKVIKKIG,12,8,4,1.07957438459361,1599,Rank,0.1616501763322884,0.1616501763322884,False,,6.9791126,7.166702,5.364995,4.1271276,25.64259,3.8193526,13.497651,8.082659,11.025813,24.394379,25.230019,28.599067729604364,8.947272692008283,8.947272692008283,8.947272692008283,28.41596301785129,19.568156859473444,25.056555602669228,25.056555602669228,6.798137598937445
GLWGKLLKHHLKKI,12,8,4,1.082765304814065,1600,Rank,0.1486027077466659,0.1486027077466659,False,,13.376185,17.673283,3.42035,5.029299,8.723414,12.633114,13.258426,4.33109,24.710533,9.829717,49.486473,20.053984503571172,8.899524601418795,8.899524601418795,8.899524601418795,23.163657186177286,16.37792168190532,18.489578203566598,18.489578203566598,7.973736371303505
GAIGGLLKIGKKAGKALLKKLE,12,8,4,1.0887324541356953,1601,Rank,0.1622149128632909,0.1622149128632909,False,,6.8841047,7.382619,3.9797935,5.2432837,17.135983,14.283868,16.997238,5.716624,8.759422,9.881813,26.650505,25.35941092680308,12.790940541400976,12.790940541400976,12.790940541400976,34.08554503751969,16.599701695119904,18.316361151626168,18.316361151626168,10.154098873381157
VKWFLKKGTLFRHLIRL,12,8,4,1.0922599032351006,1602,Rank,0.0539978199218957,0.0539978199218957,False,,7.7280416,8.908184,4.371219,3.3435125,10.942652,18.312399,16.739325,12.116472,11.530551,9.490989,49.183002,16.963191522279157,12.198503972529108,12.198503972529108,12.198503972529108,17.254707491311496,17.422441444249408,16.781425115556317,16.781425115556317,12.20320262862629
GIRDTLSKIKGFLKGAAKKLLTNEALKLNL,12,8,4,1.0981837323097716,1603,Rank,0.0984000999548376,0.0984000999548376,False,,2.3072057,2.5410957,3.595581,10.440189,11.542927,11.2602,14.90813,6.7715173,21.867952,23.731554,22.957563,21.360834518007106,12.732549711999733,12.732549711999733,12.732549711999733,31.6551613447997,25.713757764047283,22.365574048257905,22.365574048257905,14.89100610732616
GINGLLGSALKGGLKTVGKLAGKLLT,12,8,4,1.119503041079719,1604,Rank,0.1264984923755379,0.1264984923755379,False,,3.3524716,3.9610887,4.469807,7.007226,6.1943216,16.193502,16.997238,6.005433,9.625307,11.656461,167.40916,25.068924871255426,14.939094485568623,14.939094485568623,14.939094485568623,27.106341035568242,21.623162607485582,23.513286387303513,23.513286387303513,11.331911373276382
IGKKLKSRFRKIYLLK,12,8,4,1.1208165161758838,1605,Rank,0.1109006810876148,0.1109006810876148,False,,10.789263,10.211646,4.2873445,4.57426,30.836964,12.728776,12.29013,16.868288,14.855745,4.9234786,31.064322,15.895703721614225,9.581273971836302,9.581273971836302,9.581273971836302,28.984541087045898,27.19392934507707,18.288900625382546,18.288900625382546,17.711540058561756
GIMSKLASKLLSKIAQKL,12,8,4,1.1217843793230653,1606,Rank,0.1433013239865044,0.1433013239865044,False,,1.963347,2.9433157,12.578022,14.134978,32.190536,13.511192,6.2496405,4.8759494,16.993902,14.757654,25.344156,20.481388970613363,14.025663745564502,14.025663745564502,14.025663745564502,34.03057539290446,26.816314230840774,20.898280760513387,20.898280760513387,13.989513672804494
GILPKLWPKVVSKIKGVISK,12,8,4,1.1260830945897045,1607,Rank,0.0448458088704107,0.0448458088704107,False,,7.1639333,6.622551,9.302712,14.0215025,22.71747,14.052643,16.970713,7.295344,8.724767,5.2476573,17.194897,23.43557801789918,12.673395696268669,12.673395696268669,12.673395696268669,25.66406700371881,24.653318487257266,22.046398592521975,22.046398592521975,11.76704423462879
GIINLKHHSKKRLLLHKLFL,12,8,4,1.1325766845482288,1608,Rank,0.1023999538414536,0.1023999538414536,False,,7.717126,9.0825,3.146878,5.6779284,10.179432,17.39997,18.183107,14.949554,11.530551,8.994879,46.90183,25.083131604305763,15.090194734233004,15.090194734233004,15.090194734233004,20.595024226577497,16.95325806155622,20.164146960746557,20.164146960746557,12.489868203549866
GVLDIVKGKIKNFVKIIPKLI,12,8,4,1.1776547623090021,1609,Rank,0.1575616996971467,0.1575616996971467,False,,4.393449,3.4086542,3.5927122,4.8987246,4.638813,17.08303,22.985262,15.354929,7.8389845,15.550469,46.555695,47.57854958766487,15.821311185345937,15.821311185345937,15.821311185345937,58.101482887877054,34.04364601278645,46.79256622453534,46.79256622453534,10.467439969365262
RPKLLLFHLKKLL,12,8,4,1.1975368263056632,1610,Rank,0.0490166818314648,0.0490166818314648,False,,8.22058,13.010852,3.0344908,9.755067,112.56275,13.246174,14.947392,11.076866,11.604278,32.483868,108.43033,18.11983643436193,11.854778063574368,11.854778063574368,11.854778063574368,18.746430321203768,17.497406652705962,17.8010640141214,17.8010640141214,8.906137345093672
GIVGALWRGAIKAGKKIL,12,8,4,1.2272200476896544,1611,Rank,0.1208864101269858,0.1208864101269858,False,,9.180561,11.327772,7.0451117,8.005698,44.820713,36.15171,18.018217,6.745873,6.1171885,10.460466,15.2859335,44.48367213515914,13.352465845513743,13.352465845513743,13.352465845513743,38.145175231129954,52.70935571465022,45.45308119782847,45.45308119782847,7.047070765963516
GILDTFKKLAIKAGKAVLNSVSCKLTNQCKQPKV,12,7,5,1.0093389107739905,1612,Rank,0.1695270160326231,0.1695270160326231,False,,2.0710604,2.1532164,3.175531,2.5288703,3.826531,53.102104,26.888481,3.5635462,11.475813,19.146576,53.26654,14.69166794532769,9.70719350589723,9.70719350589723,9.70719350589723,17.50283952495818,18.761199145902488,18.56517511111741,18.56517511111741,12.386277548547056
GLGSLIGKALKGLIKGLS,12,7,5,1.0146787248520353,1613,Rank,0.1094754529514903,0.1094754529514903,False,,1.3965759,1.4912539,4.83822,7.2793503,24.715858,16.668812,16.997238,7.291628,5.6987453,6.1207137,37.59335,19.266969242617485,12.76373134515239,12.76373134515239,12.76373134515239,14.641036010757778,12.575778203401244,17.297267617656388,17.297267617656388,18.138298280323987
GIFGKFMRRGVRKFFHRGL,12,7,5,1.0468988775748111,1614,Rank,0.1737300588438446,0.1737300588438446,False,,3.9701016,5.547994,7.366184,5.409622,1.9675732,19.623634,26.326767,21.957495,4.5245576,8.113691,32.171528,12.196762948721243,16.916953218299415,16.916953218299415,16.916953218299415,15.035456983453392,17.755397576901846,12.743283735542722,12.743283735542722,14.637021768838636
GWLTKVLKNLGKSALK,12,7,5,1.0615265512902148,1615,Rank,0.170257582952553,0.170257582952553,False,,1.6483244,1.9798386,5.2857776,8.795566,30.80305,24.309042,18.032412,4.2704005,9.651994,11.54082,45.659924,13.83854001450899,9.23014261185062,9.23014261185062,9.23014261185062,25.942258524933273,22.373341378413247,20.735096522717708,20.735096522717708,14.071706936278835
IAGKLLPHIAKLIAKVGLGK,12,7,5,1.0618231472591808,1616,Rank,0.1393282437171245,0.1393282437171245,False,,5.370622,7.338842,3.58505,4.2142415,14.113817,8.39334,19.799532,4.760747,18.472061,22.930853,47.01203,16.860933800635028,10.764736477992916,10.764736477992916,10.764736477992916,18.607458391962503,14.288385629355764,18.168200518147145,18.168200518147145,7.0527155161755735
GIVSKILGGATKFLPKLSGALKKK,12,7,5,1.0928357837882507,1617,Rank,0.0921263565299399,0.0921263565299399,False,,5.132721,6.077717,4.1408286,6.4524956,35.064594,11.534143,8.340243,8.053391,17.82925,26.261103,21.223286,20.545370654274258,9.98181789347099,9.98181789347099,9.98181789347099,16.483737063776548,15.617906824653138,20.74411392498898,20.74411392498898,14.116630263058687
GLFSKIAGKILRIYK,12,7,5,1.1064200790584167,1618,Rank,0.111730248127092,0.111730248127092,False,,5.647188,11.469936,10.656968,14.816568,19.79614,13.065078,16.78922,22.59528,7.3383303,4.934428,33.908043,15.097594339374314,8.673433563723112,8.673433563723112,8.673433563723112,21.694116953524,21.20565342370486,17.276863610180836,17.276863610180836,8.063898319981126
FVRLYARKYFAIFKK,12,7,5,1.110110128955069,1619,Rank,0.1148484405717018,0.1148484405717018,False,,2.8639133,3.585052,47.13076,48.218,8.681757,20.62413,17.740423,9.079744,11.530551,10.649068,11.721355,14.010776397199793,9.923873356316546,9.923873356316546,9.923873356316546,23.711140038961396,16.887520319710987,16.099778161164707,16.099778161164707,11.572024073841174
GSLLSHGLKALGKLLPKI,12,7,5,1.120628460307701,1620,Rank,0.1655900490143988,0.1655900490143988,False,,4.3036118,5.244583,5.5412602,14.474316,25.220144,20.13527,19.508808,5.2593675,13.074541,11.844055,44.996284,18.175867124875122,12.870065442395742,12.870065442395742,12.870065442395742,19.11165424097895,14.68532183225155,17.178801511031207,17.178801511031207,12.258600589956467
GFFSKLFKPALKGVAKVLPSVIPSAQQGEEKDRLS,12,7,5,1.1451366031917798,1621,Rank,0.1637644619042558,0.1637644619042558,False,,9.850688,10.723357,3.7579834,3.5563874,92.72802,6.982412,12.771824,12.068485,20.363617,19.308466,21.73006,18.018943257295533,12.435237471294329,12.435237471294329,12.435237471294329,22.173895875051194,12.773748307205407,22.064899752476787,22.064899752476787,13.897260437452866
GWLSKIKKLGTVAGKAALGVVQDFIGQGS,12,6,6,1.0027248274325626,1622,Rank,0.1717324149221614,0.1717324149221614,False,,2.9447541,2.5123987,3.1631055,8.87161,9.855941,16.997238,16.997238,20.340155,9.251526,17.103195,44.064552,13.487451629514736,5.275538456975952,5.275538456975952,5.275538456975952,14.383938013998948,18.87133966290685,16.273875482813917,16.273875482813917,9.498630933177369
GMWSKLLPHLLKKF,12,6,6,1.0767123775010066,1623,Rank,0.1604731749110036,0.1604731749110036,False,,6.5958776,10.228987,3.5263827,7.4214673,40.151627,27.625252,19.514475,2.88627,14.689228,19.178293,37.311096,17.184649603718384,6.496699233117276,6.496699233117276,6.496699233117276,17.763046013245216,21.54117936244802,13.596690841488543,13.596690841488543,8.853207420145996
GFLGKLLKPVLKGLVGK,12,6,6,1.1314232497926073,1624,Rank,0.141428208517082,0.141428208517082,False,,9.200491,6.28912,23.229494,25.804552,24.19985,11.604278,16.360178,7.682842,5.6005516,13.169537,24.117113,17.3789293192131,11.401247074367205,11.401247074367205,11.401247074367205,23.87502711053354,17.35900075714809,15.865386583809418,15.865386583809418,7.264583230450325
GLLGKILGGVKKIF,12,6,6,1.1648720194610231,1625,Rank,0.1447790616199989,0.1447790616199989,False,,10.116077,7.439196,5.298356,11.639119,50.700844,20.445366,21.308674,28.682598,7.4423547,12.142418,55.050262,25.261507497079478,9.581081986722216,9.581081986722216,9.581081986722216,13.425321068454965,14.438959055020673,21.026161018637925,21.026161018637925,7.121928253424325
VRWAIRVKVVRKLN,12,5,7,1.0209486405599753,1626,Rank,0.1191924080813984,0.1191924080813984,False,,7.9975257,3.1538093,19.71203,35.468666,35.207516,16.876638,22.956434,4.234798,5.6600995,7.0352964,25.028358,13.398215003510833,4.3182133265524465,4.3182133265524465,4.3182133265524465,16.23849508795478,18.331988721327132,10.409573310170224,10.409573310170224,7.427245752465577
VDKLKKKLPKLLKLLGLLRLL,12,5,7,1.089610169715074,1627,Rank,0.0982712130067477,0.0982712130067477,False,,23.868593,26.284483,13.595613,11.680091,4.086712,17.849483,17.122719,3.3138356,5.247372,19.49367,42.418148,11.724135514289152,9.254979692732547,9.254979692732547,9.254979692732547,16.076633677867203,23.063276173163953,10.590934736624071,10.590934736624071,8.960859393467931
GMWSKLLHHYLKSL,12,5,7,1.1222132021196487,1628,Rank,0.1172205000398491,0.1172205000398491,False,,3.7596033,6.1945357,3.4189787,31.532494,56.49033,42.01771,28.833534,5.148134,11.530551,18.914677,62.11075,16.409474961130094,6.869479592047122,6.869479592047122,6.869479592047122,18.352258505793387,15.517415269606833,15.93653895426645,15.93653895426645,6.032890544641925
KFPGLLSKIGRHGLRIVGRVG,12,5,7,1.1446801974842695,1629,Rank,0.1429181914483821,0.1429181914483821,False,,24.200687,25.46562,17.477976,7.8434033,4.608932,14.138156,31.115082,45.12502,10.634696,8.540351,17.782331,11.675917598651495,10.358322439561018,10.358322439561018,10.358322439561018,13.941485259178984,13.803110931749426,16.09593389828606,16.09593389828606,9.691203564685459
GSWSRILRHGKLFFK,12,5,7,1.152639016552616,1630,Rank,0.1124689093964189,0.1124689093964189,False,,19.402418,19.940767,5.518223,5.7998595,16.745321,31.858229,32.24489,14.394266,12.713924,5.1890635,26.09177,15.472382551346701,9.706868439532563,9.706868439532563,9.706868439532563,30.148490377942363,30.15300910954334,14.993522576772124,14.993522576772124,7.398267249156772
GLKTKWQIKLVLCFKLKKLS,12,5,7,1.168197223301142,1631,Rank,0.0777074145900855,0.0777074145900855,False,,19.145021,19.431833,3.5488913,4.473928,60.12936,38.938522,38.051872,4.5070844,10.357168,10.707504,50.035183,14.823752706175402,11.462757314812718,11.462757314812718,11.462757314812718,23.52060653375501,21.73330516853459,13.199860708401676,13.199860708401676,8.833079839601995
GLWPKIVQAIRKF,12,5,7,1.1859409614248093,1632,Rank,0.1250622642261303,0.1250622642261303,False,,23.942236,24.25974,8.212912,11.564949,36.49053,27.283726,14.422136,27.50263,9.596445,5.7160463,36.045063,17.146192492534876,7.9390313707368945,7.9390313707368945,7.9390313707368945,15.411075622625864,35.7425736365944,14.49412690508573,14.49412690508573,12.238122366309872
GIIGKLWEKVKEVVSHLRK,12,5,7,1.1863876251219785,1633,Rank,0.1382018838664258,0.1382018838664258,False,,11.755034,10.665101,10.133589,37.26654,40.073166,20.269978,18.11394,15.307377,23.352774,9.522945,28.858301,10.24159018138413,12.67519431926738,12.67519431926738,12.67519431926738,17.671467269644822,20.325236708513046,9.0073367623981,9.0073367623981,12.845406133785481
GLKRFGPKIQRPRFKVPRFIPRIIEIISAGQAVGA,12,4,8,1.0610562279725861,1634,Rank,0.1657025397162743,0.1657025397162743,False,,17.991583,19.30864,16.506847,17.230413,7.046807,4.4263067,11.973138,94.95219,29.716248,20.684418,15.39749,6.465295209511337,5.075960638438179,5.075960638438179,5.075960638438179,10.160664836883614,18.884418475636277,6.656895683277041,6.656895683277041,6.979066332383609
GKLGKKLEKVVKEGFKAGQKILKSGGRVVAVGQKA,12,4,8,1.1085356117849912,1635,Rank,0.0980981184581053,0.0980981184581053,False,,19.843641,20.013643,0.92103183,3.1144989,45.321583,12.214906,10.434946,18.066854,37.548065,42.842735,28.694622,8.83162763080233,10.021100281072325,10.021100281072325,10.021100281072325,16.859082642323205,15.275371804198606,10.119276987193825,10.119276987193825,11.517468186810868
GLFKKIIGKFAKRIK,12,4,8,1.110237586299475,1636,Rank,0.147400800634929,0.147400800634929,False,,7.402214,8.137225,5.0061903,4.992036,25.73836,47.488876,32.477448,19.308449,17.471535,17.315533,45.673687,12.133115584372572,6.805075258011117,6.805075258011117,6.805075258011117,18.94375458090359,11.272263499199413,14.557223387976121,14.557223387976121,5.808824734904238
GKLFKKLYKSAFKRASKASPAACVAAQGLVA,12,4,8,1.1812953286140109,1637,Rank,0.1292717410073853,0.1292717410073853,False,,12.081451,14.571424,17.402563,20.859877,23.50831,29.358612,19.298372,26.05929,15.886068,18.368683,15.494661,8.027273794035384,12.498809079591794,12.498809079591794,12.498809079591794,15.458904178008078,12.879094652250293,9.143104092778891,9.143104092778891,16.1517080274129
GRINRFVKKIRQIRKFF,12,3,9,1.0682308942077063,1638,Rank,0.1429648896179799,0.1429648896179799,False,,27.878328,28.154003,6.8594856,5.8613863,89.47054,17.123098,21.964348,26.036045,16.496683,9.199216,39.784424,4.28045790602305,5.9930460457492725,5.9930460457492725,5.9930460457492725,11.153427339694423,7.505772852647733,4.226887313565567,4.226887313565567,10.065252266164455
GILGKVLKWGLKGGKKIVIN,12,3,9,1.102387980077538,1639,Rank,0.1166879333590138,0.1166879333590138,False,,16.89511,17.596346,25.41428,11.893516,29.386332,20.350262,29.643692,20.212595,14.324982,14.121521,45.247986,6.981102998041047,4.629068500965821,4.629068500965821,4.629068500965821,15.508984012181305,8.125099028856633,8.745537928851586,8.745537928851586,5.674839409659227
GVGRKIRRFVRKIF,12,3,9,1.1328913973474173,1640,Rank,0.1036676534854683,0.1036676534854683,False,,9.044372,7.1092105,27.364954,22.694752,74.42059,22.970478,30.992916,23.998043,23.480476,13.725365,51.97111,8.10375680792749,5.843410711963341,5.843410711963341,5.843410711963341,9.635387719823989,7.221991990653589,7.930894123526496,7.930894123526496,7.557143149976009
GLFSVIGRAASVISRLSK,12,3,9,1.1533920635508048,1641,Rank,0.1761867976595292,0.1761867976595292,False,,19.098082,11.293978,28.50578,30.770935,38.818497,39.27434,24.592012,12.292738,12.484778,19.343966,29.794132,7.606309070542674,6.955401911161227,6.955401911161227,6.955401911161227,11.221011814031584,13.11319633952129,8.05113678923452,8.05113678923452,7.632871064685174
KRFWGKYQRKVRNGAQNAFKGKLG,12,3,9,1.1703581800072342,1642,Rank,0.1645803308139843,0.1645803308139843,False,,13.662243,14.3777685,16.705172,24.698753,31.382465,27.827854,28.254429,26.136105,7.2379804,23.090628,35.050575,10.388456312940445,6.965495452332685,6.965495452332685,6.965495452332685,13.063460318552734,13.639929217717697,11.142182003454135,11.142182003454135,10.7389984203484
GFLGRILGLGKKIVGGVSAGKNL,12,3,9,1.18426485806393,1643,Rank,0.1507566348759364,0.1507566348759364,False,,17.177084,18.75156,17.285824,8.728964,42.561962,24.951307,26.144062,50.389317,3.2883196,10.852651,66.22043,9.848574942508508,9.146409947234075,9.146409947234075,9.146409947234075,13.250959856524345,15.630382548088493,12.974261509262865,12.974261509262865,11.476820934703218
GWKLFKKLENVAKSAGQKVLPALASQTGV,12,3,9,1.1967492646547513,1644,Rank,0.1296430433425428,0.1296430433425428,False,,20.248302,26.609138,4.122944,10.53784,149.17065,48.780838,41.46396,25.118374,13.536602,45.40749,60.080444,6.336293686351863,6.137074053887323,6.137074053887323,6.137074053887323,13.073547433137158,10.542095026100162,7.043210866503657,7.043210866503657,13.123826178116108
GGLGSLLGHLLKKLL,12,3,9,1.2010117350926763,1645,Rank,0.1503361438021359,0.1503361438021359,False,,23.33601,15.267537,19.169872,32.4766,25.490032,20.933125,20.10602,7.072209,14.061178,24.256285,39.520786,14.934162247993827,10.86160578473578,10.86160578473578,10.86160578473578,12.961034469197736,15.906366604447696,13.877369828484378,13.877369828484378,6.078608572847232
GFFKKLFNSAKNRFF,12,3,9,1.204797537652913,1646,Rank,0.1605485146246214,0.1605485146246214,False,,30.816553,24.58699,23.325392,35.451817,40.00003,15.930822,12.749102,16.123964,23.027023,11.542182,31.264286,15.42292890995711,9.074402345142849,9.074402345142849,9.074402345142849,11.780494886997063,10.701947455248952,13.458014572450274,13.458014572450274,6.949609947523934
GFFGKLMRGALKLGVKIVPVLNRK,11,11,0,0.9692708057213961,1647,Rank,0.1724403591732639,0.1724403591732639,False,,4.47361,4.469268,2.855598,2.0116098,3.8192856,6.992879,9.016977,3.3518603,1.6777333,4.649781,7.262191,25.687507768337138,18.65205983424111,18.65205983424111,18.65205983424111,37.08279852355414,38.127316822833876,32.51586652535278,32.51586652535278,18.559697777056638
GVLSKLEGKIKGTFKKVRIHVLHLNMRFG,11,11,0,1.0752184690357136,1648,Rank,0.1042730693108761,0.1042730693108761,False,,1.7531853,1.7358665,3.6355894,4.737711,3.5143158,9.085326,9.581567,3.009227,3.9715838,4.9126554,10.329016,38.607396684308085,37.12860103028612,37.12860103028612,37.12860103028612,59.009031740254116,56.49043777076564,48.712434237434366,48.712434237434366,21.01361183709742
GVRDWVLGRIATKYLVRKYRRI,11,11,0,1.1186399449991309,1649,Rank,0.1377608455980022,0.1377608455980022,False,,4.0796385,3.2502213,8.600134,8.170328,12.979219,8.7159,12.618707,6.0697455,2.81599,8.508882,4.891682,33.880423523309304,24.494131608519254,24.494131608519254,24.494131608519254,50.394197998412025,34.343736601303554,42.22869005920997,42.22869005920997,16.226816714120975
GLLSGILKLGKKILPKL,11,10,1,0.950935060397337,1650,Rank,0.1069583178364592,0.1069583178364592,False,,2.3756106,2.7580302,5.037984,2.8834302,4.6960697,5.206687,12.165378,5.8333583,2.5635161,3.8804815,27.324444,23.93153213916315,18.59866526473634,18.59866526473634,18.59866526473634,23.232401921447273,18.27192045450364,21.334214031695566,21.334214031695566,7.818078436531286
IPVIKNIFGKIIQKIKGKLKNH,11,10,1,0.9769711488788294,1651,Rank,0.1067729779900111,0.1067729779900111,False,,1.6357605,1.7672617,4.887981,5.686367,4.3812184,2.055214,9.239452,10.1976385,4.8589892,4.0161314,44.474174,27.707008670736816,17.623453143937457,17.623453143937457,17.623453143937457,30.812604111551266,16.40417884252376,22.208189374492704,22.208189374492704,15.48126984155974
GVLRKLASAGKKIIPTLIKRI,11,10,1,0.9802774930062679,1652,Rank,0.1659437098188194,0.1659437098188194,False,,2.7764535,2.861269,3.4971511,2.4059834,10.055595,1.7491645,3.397577,4.9246154,10.996827,3.505516,36.37076,22.232305709247786,28.95202744448868,28.95202744448868,28.95202744448868,28.666438398336837,20.68652475304573,21.776239933012846,21.776239933012846,9.63592463183704
VPKLLGKLLKWLKK,11,10,1,0.9854166554915015,1653,Rank,0.15059121958185,0.15059121958185,False,,11.008802,12.124952,3.9099724,7.862124,3.341732,5.8003078,14.914564,2.2127573,1.431285,2.3924234,24.99749,28.067088549390125,16.09636688431693,16.09636688431693,16.09636688431693,24.743267771518305,18.133713409930607,22.145690717452588,22.145690717452588,8.82812779503706
GIKSKLKNLLKKLLKNLRKA,11,10,1,0.9870933234676553,1654,Rank,0.0690028757770575,0.0690028757770575,False,,5.936196,5.7908683,1.7781084,1.5327588,6.7383018,3.2986355,5.4748597,3.3329868,9.387628,5.5157847,23.833817,29.82485772320975,18.728238816392256,18.728238816392256,18.728238816392256,34.0808111668521,22.079246405554436,28.42336607233731,28.42336607233731,9.881434557170435
GLFGKIVRSLKRFLK,11,10,1,0.9872487630170024,1655,Rank,0.1219349396950215,0.1219349396950215,False,,2.7113874,2.595026,6.57467,4.0704117,5.0089626,4.020719,8.636591,9.058985,2.3059096,3.17522,24.887947,27.222802221688088,19.407180122957946,19.407180122957946,19.407180122957946,31.678404287703195,22.233880219084167,26.550480479059523,26.550480479059523,10.406570701118028
RVAKIVIRIVTRRQW,11,10,1,0.9894522541733413,1656,Rank,0.1723264156394452,0.1723264156394452,False,,2.8605106,1.4019078,6.8012137,6.577004,10.961146,5.907458,9.080796,2.4457972,10.472653,3.7645042,16.075941,17.8771185710328,22.104011455956883,22.104011455956883,22.104011455956883,26.71934951566971,21.86507670189053,17.010704806500435,17.010704806500435,11.529044814501523
IKWVQRIVAKYKNKKAFFK,11,10,1,1.0059323478588915,1657,Rank,0.0599073176239307,0.0599073176239307,False,,3.1878042,1.4535712,6.4196234,10.895163,7.274261,5.9693375,5.8666153,5.3872986,2.7658646,2.8561585,54.730377,22.100116579847974,16.22046642276903,16.22046642276903,16.22046642276903,29.704047644821806,42.496600653470345,20.488614420875617,20.488614420875617,13.673535669710196
GIMSKLLSSVLKYGLKAGKK,11,10,1,1.0505613469853783,1658,Rank,0.1761633448010201,0.1761633448010201,False,,2.673666,4.7408304,12.617868,23.256035,3.9361594,13.826963,12.428767,4.9266405,7.1237526,6.0017085,9.785001,20.919177285251354,17.177981050814697,17.177981050814697,17.177981050814697,24.481790587762553,19.70769769924421,24.270197149940447,24.270197149940447,6.5665016223849975
GILGKVLRVGVKLIPKL,11,10,1,1.0652304940721975,1659,Rank,0.1455127417512353,0.1455127417512353,False,,7.9976983,8.788976,3.513012,2.3540597,5.2301884,3.3076093,14.756921,4.304476,2.141105,2.8549259,23.73803,41.46435812153731,27.24517622727202,27.24517622727202,27.24517622727202,40.28754893053182,48.7375515489071,39.6570028134253,39.6570028134253,8.401684230276341
GVGLKFLGKILKRLK,11,10,1,1.0702980821412331,1660,Rank,0.1388212053690027,0.1388212053690027,False,,7.2884173,7.133541,6.0440955,4.48648,11.8617735,5.7415104,7.220099,4.8432274,3.48214,4.593525,21.963125,28.48140128171772,17.500365461513717,17.500365461513717,17.500365461513717,42.79879874136368,27.693672213531343,33.71648429065053,33.71648429065053,10.496548559903886
GILHKILGMGKNFLKGLIKNQRES,11,10,1,1.0722041908354862,1661,Rank,0.0934202071489293,0.0934202071489293,False,,4.3839755,5.3529744,3.3826501,4.043589,6.3184404,10.151713,13.145347,8.053136,5.514885,13.119666,30.819084,23.03725299310916,19.410264740331744,19.410264740331744,19.410264740331744,26.894599950137703,16.58533233607552,30.29158029907191,30.29158029907191,8.29608040327586
GTLKSLLGKLLKKIGKAALGA,11,10,1,1.0881150130610344,1662,Rank,0.1523910708118591,0.1523910708118591,False,,1.3556955,1.8918054,5.676862,3.5115476,8.2204485,9.7957115,13.518386,5.9140396,10.428154,7.9909496,96.81297,26.309060405915293,18.00365667823369,18.00365667823369,18.00365667823369,30.648833912416798,24.638624774668486,34.959898322925746,34.959898322925746,15.375051287161535
GFLSKIFRGAIKGLPKVIPQI,11,10,1,1.1033693968063083,1663,Rank,0.1570621330561606,0.1570621330561606,False,,3.331441,4.238401,4.5987453,3.0632977,2.7204363,4.7278857,10.914544,13.509034,7.385647,7.6634226,17.618317,43.90756793773698,20.843759073757425,20.843759073757425,20.843759073757425,47.59398879211119,64.11336073346274,47.263562441125444,47.263562441125444,11.454944303948784
GKLSSLLHKGRKFLEKLSKF,11,10,1,1.10920980209345,1664,Rank,0.1689382040008501,0.1689382040008501,False,,13.103723,11.20474,7.601444,9.034133,6.2550297,10.684622,14.326806,4.7758327,7.408257,3.0296159,20.57092,18.133250506988038,25.535272299932057,25.535272299932057,25.535272299932057,25.666976554473468,17.808116205571064,19.846653711470346,19.846653711470346,13.207123645905245
GFVGSLFGLGSKLPKLISRFK,11,10,1,1.1301773129521675,1665,Rank,0.0998832338212634,0.0998832338212634,False,,4.5933332,4.535372,14.010027,21.223473,3.7036545,3.401696,9.211075,11.835625,2.612209,3.8501453,13.158942,31.94690161721331,29.889036027872034,29.889036027872034,29.889036027872034,55.01356807153153,32.93482594569131,44.23975873689965,44.23975873689965,11.784233547779921
GLFGKILRPVVLGVLKK,11,10,1,1.1622732062802108,1666,Rank,0.116850858084055,0.116850858084055,False,,12.356174,10.58428,9.5214615,8.946569,42.820915,3.5224457,7.0147057,6.186141,5.48803,5.9530735,9.027299,33.98129044194998,20.019731086506788,20.019731086506788,20.019731086506788,47.65317959464914,49.025328047748665,35.28062368628736,35.28062368628736,10.320816940866475
GKLGRILRKIRQIFRKGGKQ,11,8,3,1.0003946788369746,1667,Rank,0.1403574713750597,0.1403574713750597,False,,3.2203033,2.7585075,10.594674,9.188786,35.26944,1.8510752,4.5280933,16.819563,4.9511404,6.837437,21.855848,11.257674897312304,16.575419954090815,16.575419954090815,16.575419954090815,20.509332125875186,13.478658154945014,17.718143385948476,17.718143385948476,7.1941756811739
GLFGKILGRVKSIF,11,8,3,1.0549198906328314,1668,Rank,0.1385067710270442,0.1385067710270442,False,,4.3107724,3.2423728,9.896851,19.462704,15.123086,6.5298686,13.565657,31.982883,2.4308472,2.7165666,29.45504,21.24172602981042,16.898287259831292,16.898287259831292,16.898287259831292,16.385206121663884,16.296820798014203,14.345139748375125,14.345139748375125,9.92559234877803
GIFDKVKRIVVRVVQRIK,11,8,3,1.0635636714130816,1669,Rank,0.1382108084055044,0.1382108084055044,False,,4.093711,2.2040615,3.5953457,3.6696367,44.626617,2.7357488,7.476292,16.392206,4.115573,5.182506,26.49539,27.08189544774635,14.335369976597383,14.335369976597383,14.335369976597383,34.59894509983245,41.47937308057223,27.581328265253582,27.581328265253582,21.30116486446226
GWLSKIKKSVGKVVGKAALNPVINQVQPE,11,7,4,1.0401542387725438,1670,Rank,0.1408806984219754,0.1408806984219754,False,,4.9516683,5.2090635,1.1963407,1.3240682,14.66634,6.480584,12.195428,24.957102,19.398062,24.398859,30.743,14.636680267534521,7.59523065080525,7.59523065080525,7.59523065080525,23.631681519690027,21.25187958511044,19.96949659121353,19.96949659121353,28.768384330012815
GLGSVIGKALSLIKKF,11,7,4,1.064745596871186,1671,Rank,0.1332888213298974,0.1332888213298974,False,,5.5592647,4.337207,6.372137,18.135357,10.696453,21.966236,18.61275,8.671573,6.5601854,7.802508,29.878069,17.269050037148006,8.692025823608484,8.692025823608484,8.692025823608484,20.397843715958995,26.42475794551463,16.7414668262435,16.7414668262435,7.122833427216022
GILSSLWGKVSKAIKK,11,7,4,1.0706188817673374,1672,Rank,0.1427911724270761,0.1427911724270761,False,,1.4487947,1.5916456,6.3704824,18.96748,24.311403,17.016869,16.323902,7.4433117,11.611615,3.6653848,15.134385,24.75057679321408,13.486444678415658,13.486444678415658,13.486444678415658,26.310367541054788,21.924977894181154,24.941535358482202,24.941535358482202,13.14908132701033
GILSSILGKGLKSVIKAAL,11,7,4,1.0866121611097788,1673,Rank,0.1271103421709792,0.1271103421709792,False,,2.558828,2.3928418,6.495421,15.855604,25.05311,18.346132,16.997238,5.430671,7.1580186,11.797862,42.80296,18.20933474898779,9.88833990050284,9.88833990050284,9.88833990050284,24.224020766395675,32.682094627950256,21.861361943709124,21.861361943709124,8.379445295294543
GIMSKLLGSLLKKIHEKYKL,11,7,4,1.0955180683466872,1674,Rank,0.1085991877424153,0.1085991877424153,False,,3.2024083,11.067852,14.491434,25.636925,18.388937,17.173412,11.144354,4.2836676,9.987773,3.7631283,28.865519,16.538998097255035,10.365859795942802,10.365859795942802,10.365859795942802,22.3481886932472,24.252722578639855,16.346447023223984,16.346447023223984,14.157557702662515
GIWGSLKKAALKAGLKVLPHVAGQSLSQ,11,7,4,1.101485353693956,1675,Rank,0.1495947844163434,0.1495947844163434,False,,6.8937817,10.325526,3.3994277,7.2524405,34.01791,22.522535,25.328342,3.793822,3.8221781,6.412055,30.76093,19.855083090954416,12.273303733423514,12.273303733423514,12.273303733423514,25.023632769796357,17.194133402653087,23.788443093256152,23.788443093256152,12.300203462696999
GMWSKIKGSLKKIL,11,7,4,1.1032258596069309,1676,Rank,0.1138820997821582,0.1138820997821582,False,,3.5546405,1.9222417,12.987947,32.765,39.35972,23.71793,15.3201885,8.117619,4.7038574,2.5933387,32.829414,18.492232721445372,11.194511602400947,11.194511602400947,11.194511602400947,29.330743015591217,25.073177787290046,18.382094674574844,18.382094674574844,13.311823091164595
GSLSGTLKKLFKKIGAAAKK,11,7,4,1.1098991117475412,1677,Rank,0.1601473254609213,0.1601473254609213,False,,2.6838055,3.1775057,5.799832,11.026966,19.508947,12.854598,9.141689,5.307349,22.609705,20.817259,28.654802,22.36354209317852,13.071767632539494,13.071767632539494,13.071767632539494,24.98652111895378,19.9544776756806,26.684564151819465,26.684564151819465,9.939194046790146
RLWATVRGVVTRFR,11,7,4,1.114381931737056,1678,Rank,0.1526395050741193,0.1526395050741193,False,,2.3836122,1.5898852,27.258162,31.321836,24.055468,8.65781,10.407285,5.704749,11.180244,7.3899093,25.332132,21.571776306696513,13.709117585259703,13.709117585259703,13.709117585259703,27.80694698424255,13.870674883066123,21.93652379658528,21.93652379658528,22.45094134500312
GILSGVLKKVTGLLKKTIGI,11,7,4,1.1234509159450048,1679,Rank,0.1552965271505234,0.1552965271505234,False,,1.9303219,1.8067789,3.8528676,3.5903797,10.49025,17.011875,17.784536,7.823025,16.601921,7.2385507,69.69844,26.238139330854626,15.701101580254191,15.701101580254191,15.701101580254191,48.376726050972856,32.575488339307135,38.31795085132345,38.31795085132345,12.488647774819446
RQIKIWFNAYKKFLK,11,7,4,1.1237510599357567,1680,Rank,0.1540767709606291,0.1540767709606291,False,,7.423375,6.9552093,20.473524,29.159773,13.622553,24.910036,10.662873,8.964237,13.819511,2.16188,18.71424,20.49003169526425,9.162486839197099,9.162486839197099,9.162486839197099,22.259002008686117,22.695730021805073,22.06863092367408,22.06863092367408,13.773128593295198
GGLFLSGVKGVLKGVAKNLAAELGNKIPCKLANLK,11,7,4,1.1242140604700883,1681,Rank,0.1639605942165666,0.1639605942165666,False,,8.744858,8.65203,2.5720184,2.4971488,8.420085,27.04133,21.093472,5.64308,4.7013464,30.54829,60.462208,23.513860813759095,12.719642412393315,12.719642412393315,12.719642412393315,20.818548707130795,27.132417315560645,24.775740128376054,24.775740128376054,15.894582417662095
GILSKILGGGSKFFKGKIRQRIRQ,11,7,4,1.1246295590758024,1682,Rank,0.1573192843100792,0.1573192843100792,False,,7.232677,10.658396,16.69486,16.960876,27.50463,2.6400332,3.0414038,27.680237,6.693667,7.646974,14.951783,21.557416192279657,11.41951933790669,11.41951933790669,11.41951933790669,27.918608230703395,28.02040192151735,27.86493203855613,27.86493203855613,15.611302028669884
GKLSSLWKKLLGAL,11,7,4,1.1291795495176191,1683,Rank,0.137147127875777,0.137147127875777,False,,1.6773094,1.5287359,14.236267,34.815742,15.396264,22.72846,20.228453,12.568987,11.201609,8.893554,30.957886,19.612503768633193,10.44834199520428,10.44834199520428,10.44834199520428,34.80780525808211,31.051168408384566,22.002907015892358,22.002907015892358,9.390924402387686
GIGGVLKKLPKVGKAIPKLIPSIR,11,7,4,1.1514355128215537,1684,Rank,0.1290787219063811,0.1290787219063811,False,,10.601586,9.567465,8.112575,2.3107812,32.570667,9.381007,15.277246,7.782772,48.523857,48.271393,25.268276,16.016910812435523,11.281555870482423,11.281555870482423,11.281555870482423,21.976964260104335,17.009093987928292,16.795618597168602,16.795618597168602,10.775118765391852
GLHSSYNLRKLLSCKLKTLHLHKH,11,7,4,1.1555703560644972,1685,Rank,0.1412019818288082,0.1412019818288082,False,,7.748494,7.9314632,2.1455138,5.0541015,51.51937,37.06273,37.66189,11.700397,11.530551,10.182263,57.590923,17.39258737978533,9.099642074555089,9.099642074555089,9.099642074555089,20.333255405884575,15.24647633969276,20.4682996872191,20.4682996872191,20.02742585419859
GLVSKILPKVIKIAGKVL,11,7,4,1.165331003929761,1686,Rank,0.0989301760666277,0.0989301760666277,False,,8.558342,8.989113,8.104354,16.235981,37.45396,4.550461,15.757237,7.192061,12.543589,21.026386,32.321373,21.36310374549779,12.399224343050015,12.399224343050015,12.399224343050015,20.987078422829228,40.74167467038162,19.04207304297908,19.04207304297908,9.626904251487236
GLLSGLLGKVLKAIPKK,11,7,4,1.1829601341086895,1687,Rank,0.1591544186015621,0.1591544186015621,False,,4.643318,4.5881414,8.387575,10.058842,49.994312,10.518486,12.583565,7.228634,21.93216,22.579618,57.638176,28.166957144829624,11.961998151515001,11.961998151515001,11.961998151515001,22.566861314338922,20.673593778016283,28.496204310774008,28.496204310774008,10.178851403444929
GLLSKVLKPVLKSLAKKV,11,7,4,1.200404564649345,1688,Rank,0.1380252610116359,0.1380252610116359,False,,8.955864,7.1366444,21.510862,26.735893,35.49437,6.457802,8.507768,6.018848,10.723372,15.612043,33.158787,25.316964161194978,14.146560423025871,14.146560423025871,14.146560423025871,32.27612952987796,20.89965179536425,31.051347396535505,31.051347396535505,9.124911931097046
GIAGKILGKLGKIIPKLIG,11,7,4,1.2175342987434026,1689,Rank,0.1681329200095637,0.1681329200095637,False,,2.258637,3.3219812,8.70467,14.118026,39.603905,9.829437,15.5193405,7.6769214,27.186697,17.508211,25.19092,39.59548257682082,14.097772266707974,14.097772266707974,14.097772266707974,40.10083974265398,46.79627830789848,60.42209227204379,60.42209227204379,5.752987327262955
GFFSKILGKIGKHIIR,11,6,5,1.038975963419975,1690,Rank,0.1651301239307157,0.1651301239307157,False,,2.010407,3.1071906,18.251392,19.505306,7.1808624,23.562103,17.868107,13.202857,3.766863,9.86644,60.65262,16.741067034922303,7.956912044006001,7.956912044006001,7.956912044006001,17.66679672757634,14.294858415326974,16.059886747967386,16.059886747967386,5.475858235046772
GIISSIPGLFKAGLKAAAKTAGQAISKQVNKNGLE,11,6,5,1.0434597321189858,1691,Rank,0.1572198690956909,0.1572198690956909,False,,3.083031,4.597215,4.091121,8.096316,25.999445,17.602732,16.997238,11.809523,3.855594,18.2206,27.50728,19.09402025461987,9.011342972911565,9.011342972911565,9.011342972911565,20.05400652201863,14.926285526644023,17.813234825209918,17.813234825209918,6.690078715115899
GLFGKILGKVSKIFR,11,6,5,1.066774134582068,1692,Rank,0.1601649669916582,0.1601649669916582,False,,3.1898315,2.3632634,10.911039,24.321642,17.781202,10.109177,16.047966,33.402515,4.8502245,3.0313928,29.451288,21.09808650658383,9.8624148979311,9.8624148979311,9.8624148979311,23.15695027591473,12.550018782890444,20.39383522974327,20.39383522974327,10.603346602702038
GLNWKLLKNLLKHIL,11,6,5,1.0875940270684072,1693,Rank,0.1567744723314383,0.1567744723314383,False,,11.576729,17.083462,3.0145764,5.3740516,16.519579,36.93642,23.069874,2.0593143,11.198437,7.904256,48.61092,20.12419179213856,9.364378066024775,9.364378066024775,9.364378066024775,14.208022964852494,29.156555987966474,17.911638828854567,17.911638828854567,6.434592261555675
GILGKVLRFGIKGGIGLIK,11,6,5,1.1036705395783748,1694,Rank,0.1317193477365708,0.1317193477365708,False,,8.903576,10.059585,35.51078,20.807444,5.1234236,28.382895,25.476309,9.473817,6.907227,11.905875,26.047976,17.778113654421528,6.819986380107837,6.819986380107837,6.819986380107837,19.94146786502006,15.721003855198157,18.67436987438933,18.67436987438933,3.8601515616195123
GKWLSALKKILRA,11,6,5,1.1084115154052117,1695,Rank,0.1632806688672228,0.1632806688672228,False,,2.932155,2.6278248,5.5449004,14.473561,46.22825,27.434357,16.059242,4.604103,17.076073,13.300844,26.307817,14.066068763167616,10.165959730720218,10.165959730720218,10.165959730720218,33.40749287596028,29.714583770597027,19.106807598706798,19.106807598706798,7.938634769698956
GKTSKEGFKKILNGALKIPGVPALRINLAK,11,6,5,1.1127016301330959,1696,Rank,0.1289380047553265,0.1289380047553265,False,,5.272523,4.80312,1.2582048,2.148873,50.191956,14.604819,21.810463,13.72205,20.727886,35.29286,28.322145,14.147329294306818,14.345009808470161,14.345009808470161,14.345009808470161,22.012777882924773,24.60594038887461,17.94944767103049,17.94944767103049,7.913204413892626
GLFSKIGKIIGKIF,11,5,6,1.1169841120967756,1697,Rank,0.1427594176717496,0.1427594176717496,False,,6.332239,4.3724384,10.553453,29.482737,20.15158,36.266743,22.636406,25.64271,8.475293,5.231363,26.616823,12.604499854902032,10.176968429605152,10.176968429605152,10.176968429605152,16.257860208952078,10.96180780049456,16.520717426448208,16.520717426448208,7.84403845052001
GKFGRLMKRVERFEKKIDGIAQIFGRGGNPLIS,11,5,6,1.1784764359952664,1698,Rank,0.146845403737846,0.146845403737846,False,,6.6240063,4.5147543,26.864542,43.073875,3.797859,7.3934054,11.587586,136.17842,45.377724,25.944487,20.438358,10.703912871744146,9.279822473540923,9.279822473540923,9.279822473540923,18.514504050215216,21.028042599147135,12.707532992079429,12.707532992079429,18.70540231463001
GKWWSSLKKILK,11,4,7,0.9776984074404634,1699,Rank,0.1089177730327825,0.1089177730327825,False,,23.273724,18.715504,10.082307,7.9123464,21.22307,22.035164,19.93548,5.9050145,19.334192,2.2896986,27.683693,6.625239201016411,3.467291108561777,3.467291108561777,3.467291108561777,19.980643423474916,16.40019887196524,7.746268825006704,7.746268825006704,2.8126702707027236
GSIWRSLLGKLLK,11,4,7,1.0522796350139996,1700,Rank,0.1675619570559481,0.1675619570559481,False,,21.537249,21.847954,17.82718,29.32601,17.347525,26.459146,19.994123,5.440538,3.8848045,4.6884046,9.629954,13.364357095932716,5.11519068255541,5.11519068255541,5.11519068255541,18.26702101594683,17.936711136723023,13.636118340057461,13.636118340057461,4.7310159734182955
FGKWKKFFPKIIKH,11,4,7,1.1381332128407644,1701,Rank,0.161176760666277,0.161176760666277,False,,18.93029,22.811537,8.647236,7.8009014,8.824172,23.58613,18.58361,21.28341,49.732277,5.4821153,252.08815,8.451012254506402,5.587638033475213,5.587638033475213,5.587638033475213,21.074084047641783,20.36124237188093,7.465049452910653,7.465049452910653,9.965006312854424
RFGRKIKGFIKAIRRIGKK,11,4,7,1.1619299772178615,1702,Rank,0.1332635005446044,0.1332635005446044,False,,12.927771,19.415215,7.322143,4.6532464,42.32765,6.4495645,18.360426,26.767717,22.058414,16.336233,52.798977,13.23051974479807,10.709955334984162,10.709955334984162,10.709955334984162,20.40515731372599,17.437918983793647,15.338614338634862,15.338614338634862,5.831662339434265
GKWFKALIGKVHCAAK,11,4,7,1.1726276049905004,1703,Rank,0.1561061696376388,0.1561061696376388,False,,15.187174,18.170036,29.13366,35.229946,44.135788,42.88594,33.853065,3.010752,10.768162,15.941829,18.255787,9.455061917446981,6.899870844516878,6.899870844516878,6.899870844516878,19.391945364774937,24.403332950298392,12.426730919233334,12.426730919233334,7.2942673498988855
GLKKILGIAKKIL,11,4,7,1.186655779881055,1704,Rank,0.1555736029568035,0.1555736029568035,False,,18.065392,14.622024,6.617077,8.75669,51.377487,16.977236,17.176641,7.6677685,23.517443,36.79463,47.820797,15.786693693850317,8.703755510814862,8.703755510814862,8.703755510814862,14.47153876628447,11.258311478778586,17.883066943732267,17.883066943732267,13.706701946149876
GWLSKVLRIGRKFGVAVNGLKQER,11,4,7,1.2249543034941275,1705,Rank,0.1550775646219648,0.1550775646219648,False,,29.242765,27.559973,9.036927,14.549861,24.364092,21.658674,35.03926,38.155487,10.303784,14.54166,34.231945,11.367332902234764,9.945763005386754,9.945763005386754,9.945763005386754,19.59771568923737,16.825796524843113,12.532637788242859,12.532637788242859,14.208030764761814
GLNWGKILSGLKSLF,11,3,8,1.1176126251724097,1706,Rank,0.0967826829073906,0.0967826829073906,False,,21.136436,17.098831,11.940164,38.796116,23.87514,22.864546,19.350163,21.718874,8.876719,9.087311,25.52586,13.194405261323901,5.357892699151822,5.357892699151822,5.357892699151822,11.60244306928797,23.51596501253148,10.341010150928657,10.341010150928657,4.805594024256251
GLGWRIRGKIKKLGKKF,11,3,8,1.1814306971226958,1707,Rank,0.1207218250225811,0.1207218250225811,False,,17.054422,12.479313,28.339136,16.006218,25.953989,10.254667,16.81867,29.144041,24.662584,10.645294,34.746338,13.116072603593812,9.534088095171512,9.534088095171512,9.534088095171512,18.214328707186628,13.838300708911758,12.573796957699365,12.573796957699365,8.170871869017809
GKLFKKLERNARKVGRKIRNGIIRIFPVAAV,11,2,9,0.8461282068532874,1708,Rank,0.0508902123957281,0.0508902123957281,False,,21.048273,23.499247,1.7659063,1.6859423,20.210749,48.440147,46.552563,36.625103,20.36141,30.368357,30.898247,2.499410438378775,1.4710846406162355,1.4710846406162355,1.4710846406162355,2.7065804417904835,2.4827981857537615,2.5332881188812446,2.5332881188812446,5.191919834329418
GFRFCKRFKKLEKVAKKIPQIVPPIGVTALFASQR,11,2,9,0.8752467903616846,1709,Rank,0.0533627248153658,0.0533627248153658,False,,8.461806,8.824825,45.78932,30.914095,27.993435,16.997238,17.285381,33.253563,18.572071,28.795246,24.684643,2.187171862993083,1.2166032582988953,1.2166032582988953,1.2166032582988953,3.344867322793244,2.9390181164107565,1.9790651537942874,1.9790651537942874,5.526561479614034
KWRLVKLGKKILESAVKAGGVGAVGS,11,2,9,1.2605663880256575,1710,Rank,0.1310095355586844,0.1310095355586844,False,,18.45213,23.244272,13.360656,14.629077,34.58829,24.803442,31.183388,37.29845,30.877892,44.246643,48.416264,9.261523522349076,9.59564958389172,9.59564958389172,9.59564958389172,15.370164967211595,13.459987357958255,10.919770009945129,10.919770009945129,14.564329664008035
KVFGKLLSKVRQIFRTFRKT,10,10,0,0.9399124049034893,1711,Rank,0.0948047559906487,0.0948047559906487,False,,3.652065,2.8545883,3.8843424,3.7357295,4.8918715,4.1546717,5.799113,5.3949604,3.6247075,3.1882167,19.15637,18.055298444451033,16.611060238820894,16.611060238820894,16.611060238820894,20.747752737032048,17.991815042960923,21.661794539076347,21.661794539076347,20.35850955976278
GKMDSAIKTFFRKVIKVGKMIQNLKQ,10,10,0,0.9909486429802323,1712,Rank,0.1100999631395781,0.1100999631395781,False,,1.2931309,1.705674,3.203298,4.1053066,4.0449247,4.7407928,6.3470216,3.3172553,7.697996,6.343166,32.85856,22.384619551443848,18.047127865493795,18.047127865493795,18.047127865493795,33.50077179100912,39.469239598350775,30.161270373059462,30.161270373059462,22.164707160937407
GVIPVYLKRLGKKLGSHIRKIAKN,10,10,0,0.993912222972328,1713,Rank,0.1140145150363955,0.1140145150363955,False,,3.7570739,5.216592,1.7171078,2.0371842,5.4408035,4.979763,8.977299,4.6035466,3.5233078,3.893732,35.21199,19.646750696514317,16.31612559490895,16.31612559490895,16.31612559490895,34.22604470647898,45.40439944013225,25.479757065238193,25.479757065238193,23.66332510166014
GIGSVLGKAFKFAIKAGKNLLPKATQS,10,10,0,1.0362132574300311,1714,Rank,0.1475871782184793,0.1475871782184793,False,,2.4703693,2.1312475,2.4806056,4.7993994,1.1511377,12.096185,11.307741,5.4707923,3.785796,4.8373313,31.492756,30.7021499814466,28.64732398517749,28.64732398517749,28.64732398517749,28.99245834154879,24.897648857058137,33.69702701633291,33.69702701633291,28.767476233001613
GLIHKIRGVFKKIVQSLKNKVDGLIA,10,10,0,1.0406337533103933,1715,Rank,0.1358022205913606,0.1358022205913606,False,,3.8307157,3.0122302,3.4456806,3.563929,4.3817253,5.666262,9.795132,10.525161,4.6423216,3.894646,32.638554,27.160315330056235,20.65076011479761,20.65076011479761,20.65076011479761,29.925107152141532,17.63153838270439,28.191167247705074,28.191167247705074,30.261678698320072
GALWSKIKSSGKAFLKNAAKAGLEAFYN,10,10,0,1.0485494876154189,1716,Rank,0.1184450298204133,0.1184450298204133,False,,2.5758283,2.492394,1.3550413,5.3155365,14.359074,13.612962,13.429678,7.2932215,2.3330982,3.3239086,36.130978,22.248177963926306,23.322326123618783,23.322326123618783,23.322326123618783,31.449796582226437,21.24032089410546,32.386414023625875,32.386414023625875,19.068476468832174
GLLGVVWRGVKNFLPKI,10,10,0,1.0872162821021434,1717,Rank,0.174836701689602,0.174836701689602,False,,2.6660001,2.593273,6.396858,12.07445,3.515843,12.253245,19.78349,15.128433,2.026896,2.795605,10.7598715,39.46302143355446,23.065631286984047,23.065631286984047,23.065631286984047,44.69021120297362,30.416508142895083,32.915187307326086,32.915187307326086,18.539183612695442
GIMGSVLKKALKAGSKLIPHFLPQRLQEGE,10,10,0,1.0955866857210421,1718,Rank,0.1503284645475798,0.1503284645475798,False,,2.5777595,5.216606,6.952459,7.3210006,10.735303,10.257255,15.099414,6.294186,3.5132892,9.705226,17.916252,21.07237187101391,20.30636591909087,20.30636591909087,20.30636591909087,28.112155285330996,28.101415979759395,24.28253815321158,24.28253815321158,22.691438136573893
GLLPWLGKVIKVARK,10,10,0,1.1418571684306094,1719,Rank,0.1482571412916423,0.1482571412916423,False,,6.500162,6.4035797,11.061061,6.4811034,22.624027,6.2261786,8.513149,5.655922,5.9009223,5.6540027,10.289803,30.5018376377052,20.12876608458228,20.12876608458228,20.12876608458228,40.76429330277804,37.8653680695228,39.78261238642138,39.78261238642138,16.277824797441152
GIIDTAKIVFKKIIKGLAKALAKKER,10,10,0,1.1523769265768078,1720,Rank,0.1209852026991126,0.1209852026991126,False,,3.2125385,2.779795,3.0729768,4.438276,11.584349,11.8523445,13.995344,1.3651032,11.560436,6.423637,38.09843,47.79226880096661,26.142648096532987,26.142648096532987,26.142648096532987,64.19404754481195,57.887787543009445,42.824545961481796,42.824545961481796,21.210112571584858
GISGSLLKTALKNALKGVAKGLANKL,10,10,0,1.1594934635109124,1721,Rank,0.139817017892248,0.139817017892248,False,,1.8512629,1.890811,5.584983,3.279136,8.6096325,9.307981,15.774314,5.165705,9.107667,10.058226,130.60524,32.03378970765391,26.05112242707038,26.05112242707038,26.05112242707038,36.99365776562095,32.85769446212987,37.10805064089469,37.10805064089469,32.611757885973965
GGLFSVLSKVFKGVLKHVAKT,10,10,0,1.172303392666744,1722,Rank,0.1022146139950055,0.1022146139950055,False,,2.8819182,3.04126,6.5887876,9.947401,13.091394,8.872628,14.655193,4.6360164,8.716342,5.038541,50.423214,36.8621998415276,25.677553753204155,25.677553753204155,25.677553753204155,41.19879328745095,35.945370340937636,41.90689512972246,41.90689512972246,17.140860913358956
GILSGILKSLVKGGMKSIGK,10,10,0,1.1858883717945663,1723,Rank,0.1752084191196004,0.1752084191196004,False,,2.24966,3.3475204,9.344622,11.570538,20.63089,5.2315335,9.681042,6.007041,12.2623,10.829342,13.767716,46.57664337342461,22.572474108931765,22.572474108931765,22.572474108931765,43.5002855076668,46.460153548988366,46.55124690003984,46.55124690003984,23.81800824621071
KFISGFLGGVKKILPGVFKK,10,10,0,1.1916618467214555,1724,Rank,0.1554789613330853,0.1554789613330853,False,,3.8514707,2.9435906,7.1691337,13.947882,6.7454395,4.3060145,7.8464537,40.591816,6.7046256,8.031702,15.517036,37.18007273336383,34.359087180748595,34.359087180748595,34.359087180748595,35.40935712508788,31.308041028347414,40.77817048538643,40.77817048538643,27.95792596642718
FHPVVGRLLSKLFKK,10,10,0,1.218426992343181,1725,Rank,0.1167738579910738,0.1167738579910738,False,,7.450058,6.0923133,7.169532,10.122607,14.859346,9.836447,11.775606,11.991794,5.5864816,4.963135,25.260723,31.730584777118555,36.45120648017247,36.45120648017247,36.45120648017247,50.36211639721359,35.900042056658044,29.723850820115103,29.723850820115103,19.986940595737583
GLLRGLLGKVIKIAKKI,10,9,1,0.9448207035197159,1726,Rank,0.1051792213484937,0.1051792213484937,False,,1.9048948,1.5322273,4.153707,2.5020401,13.786012,3.9410272,16.84091,5.301184,4.1042686,3.3735878,17.47186,16.228865725495435,17.923029195889054,17.923029195889054,17.923029195889054,30.507263458224816,18.21156411466662,21.53782113779086,21.53782113779086,9.190937921759069
GIDFKLKELFKLLKLIKIAK,10,9,1,1.0251001799348356,1727,Rank,0.130877535399288,0.130877535399288,False,,2.2891004,2.409108,4.685881,6.199277,15.4749775,8.809165,15.113276,1.6035225,22.822453,3.5375335,16.472542,20.055602923873185,17.208269721913766,17.208269721913766,17.208269721913766,38.48588860100908,42.092676630325776,23.167186245683958,23.167186245683958,5.079562197747169
GIPIFKVLSKTLKKFAKEAGKAVLSA,10,9,1,1.0893812009633639,1728,Rank,0.1026104069257744,0.1026104069257744,False,,2.4880972,1.7435615,2.1108675,2.857817,15.840679,16.137386,14.445679,1.4198401,12.541031,8.119777,34.698986,33.21361679843055,24.141922400400393,24.141922400400393,24.141922400400393,35.710976690221415,39.25395273361479,37.339343789840946,37.339343789840946,13.848263878717358
GIGSIFLSALKGGVKLAKKL,10,9,1,1.0987736162244413,1729,Rank,0.1367309952978056,0.1367309952978056,False,,5.4725413,6.1412144,3.9834166,6.827246,8.329133,15.325038,16.954123,5.8850527,4.3001776,10.779059,17.289349,29.30168532285798,16.675259507547587,16.675259507547587,16.675259507547587,24.45530126750954,32.87145145839057,27.742289209843175,27.742289209843175,12.052244118371137
GYLKLLGKSLLKHIAKAGLN,10,9,1,1.102595877278728,1730,Rank,0.14561049658626,0.14561049658626,False,,2.0576024,4.612057,4.6518207,7.5954266,10.632372,13.432483,16.740828,4.942867,6.6721888,8.679048,38.99896,27.755207202241134,19.243734659716083,19.243734659716083,19.243734659716083,23.84336876528867,20.903822818349013,31.08715723954492,31.08715723954492,13.21851536324101
GFVSKFWGKSLGKIAKDWIKKK,10,9,1,1.1135591590584144,1731,Rank,0.1681864672440359,0.1681864672440359,False,,2.6986222,2.7357256,5.920058,12.105073,6.978415,16.355581,13.4950695,9.85143,9.507788,24.000145,13.078475,23.83740723873935,18.595796397935576,18.595796397935576,18.595796397935576,35.93592921809943,23.243877069495017,21.717400829449836,21.717400829449836,12.905387817743069
GVLGKILKSGIKIIGKF,10,9,1,1.1191088880563527,1732,Rank,0.1760960994367993,0.1760960994367993,False,,1.5102218,1.5226533,6.194158,6.5723305,6.9227877,15.552147,16.966808,6.2802773,11.354709,12.121621,18.773201,33.505149187905886,28.397272844182925,28.397272844182925,28.397272844182925,33.72421295271126,31.503961191438137,31.27682698562852,31.27682698562852,10.89469593022568
LIIGRIQRIVKKFF,10,9,1,1.1400099283791514,1733,Rank,0.110995322711333,0.110995322711333,False,,3.2225945,3.0567596,8.903984,9.062743,18.035278,5.6646123,10.611442,14.143164,3.1490464,9.389173,26.740934,32.63166333452204,23.363750080649513,23.363750080649513,23.363750080649513,24.719562280480847,45.65401971482163,34.936088849196025,34.936088849196025,11.427609311569196
GISGALLGKALKFGLKPAAKPLPKLIQ,10,9,1,1.1774414588219984,1734,Rank,0.0900257690877211,0.0900257690877211,False,,7.636872,7.7047048,1.8751531,3.5940626,34.399296,15.369127,15.353906,9.389219,4.345083,11.309345,19.274067,32.12553447749417,23.549050192296836,23.549050192296836,23.549050192296836,41.301433731144364,36.492342169142766,39.51232782603285,39.51232782603285,12.522084634840894
GILGKILRPGVKAFKKI,10,9,1,1.20545660045476,1735,Rank,0.1536002420833112,0.1536002420833112,False,,7.3857574,6.77131,4.945199,5.581099,15.917513,10.071443,14.109742,7.1704955,7.6302705,19.983923,25.230019,36.29807507150156,19.161040353143708,19.161040353143708,19.161040353143708,61.026006471724244,33.142490932978596,46.27577020674523,46.27577020674523,13.497058463460204
GILGKLWRKGVAAAKKL,10,8,2,1.1133682165844776,1736,Rank,0.1732014355639976,0.1732014355639976,False,,10.807468,12.558217,3.452011,3.164632,44.04137,17.325378,14.141835,5.6269045,4.905313,5.1454415,22.610817,13.58564070789969,20.98326516381518,20.98326516381518,20.98326516381518,26.75409210012971,14.124506189554365,19.326754024467117,19.326754024467117,20.333484239069293
GLWSSIKGVGKAAGKVAINQVKTYVNKNSPELPLS,10,7,3,1.0409422313900623,1737,Rank,0.1301986477870464,0.1301986477870464,False,,4.176004,5.7962904,1.1959233,6.641856,6.04643,17.211964,16.997238,14.476954,1.6931556,18.207392,31.935722,18.207595433477014,9.25752297756758,9.25752297756758,9.25752297756758,32.545386843771816,31.93057774334988,22.400120951328752,22.400120951328752,18.04681082842569
GVWGRIKRILRVGK,10,7,3,1.0850701318175702,1738,Rank,0.1293912883215557,0.1293912883215557,False,,5.242503,2.2512646,19.279823,10.044304,22.946512,7.4526668,7.576278,22.132795,8.915091,6.4000564,31.967857,17.713591786246127,8.697930470917939,8.697930470917939,8.697930470917939,28.44180017424279,16.25040935400539,20.44519890677749,20.44519890677749,18.677225229582742
GILSAFKKAAKKLLIKAAPKAVNAIAKQKEQAEE,10,7,3,1.1051925439334649,1739,Rank,0.0792079824398278,0.0792079824398278,False,,3.009821,2.7890635,2.4904363,3.1473377,21.175402,10.554891,7.6917243,5.1432347,34.064266,28.023363,42.3332,24.186733957009874,12.319175875584861,12.319175875584861,12.319175875584861,26.737661905803417,25.639240050389912,29.961205360214535,29.961205360214535,19.414127862725476
GISSSLGKLLGSLLKGVAKGL,10,7,3,1.143609411366337,1740,Rank,0.1169527638674884,0.1169527638674884,False,,2.4424028,3.214422,4.7446656,8.210236,19.896147,16.797085,16.997238,6.329462,9.592517,11.793239,124.28883,19.78729192907055,15.962627412554308,15.962627412554308,15.962627412554308,28.504848832042683,21.588765071381662,22.522046264523418,22.522046264523418,19.182237355370738
GLFGKILGAGKKFLPKVFG,10,7,3,1.1814077858257526,1741,Rank,0.1469732529488337,0.1469732529488337,False,,7.845129,8.283059,7.6514597,19.230787,28.957933,12.952798,13.15562,42.143036,3.2376552,10.011889,18.197643,20.322274441025844,12.091098742275673,12.091098742275673,12.091098742275673,28.541403827001364,30.844040631312257,23.170219758885263,23.170219758885263,21.331280368175406
GALIKNLGKGAGKGVLKSLSCKLSGHCTTNCNL,10,7,3,1.1870987620013795,1742,Rank,0.1455515531188565,0.1455515531188565,False,,8.256947,8.048057,5.2047434,3.2736292,7.4598956,46.71018,35.03551,4.166229,9.148398,31.086193,58.00823,19.504477055935617,15.338521712554607,15.338521712554607,15.338521712554607,21.042766294324327,24.24550068054184,24.388440122679704,24.388440122679704,27.205143258922988
GLLSGLLGKGLKIGTNLLK,10,7,3,1.2184369276338631,1743,Rank,0.1592094186679772,0.1592094186679772,False,,7.9898734,7.7551317,6.6525626,11.265826,6.423797,21.29107,20.77277,7.309487,13.226272,16.464727,173.98819,24.45936280289869,13.465693068942604,13.465693068942604,13.465693068942604,18.1904361006148,22.297135742541588,32.83380255562909,32.83380255562909,24.49679421279456
GLLGSLLKKAGKLLPKILP,10,6,4,1.1006388282325985,1744,Rank,0.1110849831969608,0.1110849831969608,False,,1.674345,1.920092,6.363203,4.7340164,28.142073,12.819059,16.848839,7.0626383,27.997684,19.199774,34.322567,24.10789838820924,12.32371466414588,12.32371466414588,12.32371466414588,21.228191617198167,16.546476808363266,25.250068955571198,25.250068955571198,13.287061365524767
GVLGKILGAGKKILHGASNLLK,10,6,4,1.1079846340691717,1745,Rank,0.1750160226608575,0.1750160226608575,False,,4.880352,5.179288,5.4320874,3.3537602,3.9670677,16.433685,17.065033,7.411145,24.25942,16.671389,105.47372,17.672369510377294,9.315304051531053,9.315304051531053,9.315304051531053,19.343912674972692,49.51945083675638,22.328028069639586,22.328028069639586,13.072915863253144
GLWSKIKEVGKAAGKAALNAVNGIVNQSSQQPKE,10,6,4,1.136341096607552,1746,Rank,0.1637030278678072,0.1637030278678072,False,,2.421565,3.028461,1.9056479,9.23802,15.690185,16.97655,14.323633,21.687109,33.134586,32.303066,68.47615,13.709143926350002,8.829637595591937,8.829637595591937,8.829637595591937,24.574385347841208,36.6766638483283,18.787873210566804,18.787873210566804,22.67872297624668
GILGKILGMGKSLLKGAAKELLSTAITEQ,10,6,4,1.137308073000155,1747,Rank,0.1655560112374475,0.1655560112374475,False,,5.7861304,5.7250943,8.65233,18.097445,53.345467,57.910847,23.737644,6.800276,6.919036,6.088181,34.772766,18.228688338417783,8.875958156688517,8.875958156688517,8.875958156688517,17.685321254037664,21.53616586759042,17.641312390061973,17.641312390061973,9.736480738038429
GKWSKILGHLIRA,10,6,4,1.1406786448768744,1748,Rank,0.1480298768662664,0.1480298768662664,False,,5.261399,9.113438,10.781267,14.3379,16.657646,19.999348,21.572979,7.4227886,25.657087,9.717653,48.66184,16.928380151261518,6.761758374269248,6.761758374269248,6.761758374269248,30.017609489464995,44.19745939456209,19.00819663807186,19.00819663807186,5.409044578033984
GVNWKKILEKIKNLA,10,6,4,1.1570251912151284,1749,Rank,0.1763401752032304,0.1763401752032304,False,,6.7700834,4.973248,6.48394,12.705189,38.21063,18.369146,18.91069,11.323143,40.417084,6.3192406,41.120148,17.776030056618623,7.184423201907426,7.184423201907426,7.184423201907426,25.369032705610522,56.25472748758191,24.271276404179496,24.271276404179496,5.695853996600942
GIGSKILSAAKKLVPKVICK,10,6,4,1.159841159136137,1750,Rank,0.1218359395754742,0.1218359395754742,False,,8.998161,8.198232,4.873541,4.187069,28.557743,37.639793,26.876888,11.316006,10.791633,19.051405,27.94648,21.99546752650043,9.983760674823893,9.983760674823893,9.983760674823893,20.762240281955428,24.21727937510172,23.53709488762514,23.53709488762514,9.126179393679536
GLFSRIKVWKAKFR,10,6,4,1.1698098714373752,1751,Rank,0.1571314538945858,0.1571314538945858,False,,13.260282,15.765592,28.604069,25.855635,16.641304,24.285065,13.26831,10.477901,12.300345,4.168475,31.43063,19.770624540834795,8.839611668847866,8.839611668847866,8.839611668847866,28.098932328175213,17.301631505521275,17.604017306360394,17.604017306360394,8.645037129648506
GLWSKILASGAKHGVNALLNKI,10,6,4,1.1976201286507808,1752,Rank,0.1491765763641677,0.1491765763641677,False,,9.301407,10.76936,2.4981942,7.168476,29.697044,71.191864,47.492733,11.270633,3.9254017,23.182026,56.649895,15.993319136508616,8.666339400910882,8.666339400910882,8.666339400910882,25.61128746696015,26.801250910497426,24.17962462736808,24.17962462736808,20.49868932031531
GILGKIWRGGIAGAGKLFKK,10,6,4,1.198194800268419,1753,Rank,0.1474717818527177,0.1474717818527177,False,,15.827874,17.873188,10.124984,12.200611,49.848663,62.918716,53.219658,18.205761,7.710107,13.126445,15.004227,21.854594184937888,6.783611265818147,6.783611265818147,6.783611265818147,19.326563045709946,18.76148238444413,22.256863659331042,22.256863659331042,4.656769487238265
GLLSGILGHLKKFL,10,6,4,1.198644694868801,1754,Rank,0.14455989154402,0.14455989154402,False,,20.027958,19.761547,6.5319986,28.123602,10.349765,13.590774,19.596575,4.761345,2.7504542,11.036344,35.39273,34.55126481320665,13.959444470090537,13.959444470090537,13.959444470090537,27.69656098098546,42.433994786312155,33.0533214291126,33.0533214291126,7.593688047106121
GLWSKILNGLKSL,10,6,4,1.2042456615062995,1755,Rank,0.1224612799532437,0.1224612799532437,False,,15.543888,10.620299,11.684436,35.35499,18.526766,26.983757,20.731892,9.216055,4.1104994,7.2174172,29.008173,28.71561229742587,12.084625340804054,12.084625340804054,12.084625340804054,23.984878873245957,45.68063194991886,20.90571640469606,20.90571640469606,8.938367003252463
GYLSSVIGKALKTALKGL,10,6,4,1.2116855264649307,1756,Rank,0.1582914364273949,0.1582914364273949,False,,3.8814898,3.874444,11.5971985,41.891266,29.749578,25.945583,17.945694,6.165078,11.530551,9.128663,73.20774,22.812112387974764,14.035495979557634,14.035495979557634,14.035495979557634,21.13478249434666,41.4805230475413,22.594666361208606,22.594666361208606,12.62019636838068
GILSKLLGKVLKTAAK,10,6,4,1.2590462897439458,1757,Rank,0.1501217473168269,0.1501217473168269,False,,4.6110826,5.020116,15.101706,19.91081,70.081665,14.18291,10.080869,4.9349174,16.523548,24.051903,77.034096,30.41756848604279,14.118149292742693,14.118149292742693,14.118149292742693,28.081383334743467,35.01825303393512,38.14778246261147,38.14778246261147,11.751721739439356
GIIGPVLRKVIKVAGKL,10,6,4,1.2590838444053076,1758,Rank,0.1397232064582115,0.1397232064582115,False,,12.509837,11.332602,10.722587,16.767868,49.894005,14.469843,20.950851,7.515554,11.546419,18.776045,36.392254,31.791576475374125,15.11939991527327,15.11939991527327,15.11939991527327,22.147690719898563,45.773827889127595,27.496703405807423,27.496703405807423,7.8915132796122025
GIGKSLKGLGKGALKQLIPHIAGKLSPS,10,5,5,1.1171900153274699,1759,Rank,0.0804873047393868,0.0804873047393868,False,,5.8904223,6.7199583,2.6299174,1.8450515,36.99056,23.026278,26.692059,11.680389,25.607252,23.782234,61.084816,13.209494750775264,9.395823329608792,9.395823329608792,9.395823329608792,18.87233424627566,19.796668754324816,16.708596378640003,16.708596378640003,10.177599773704124
GILGKILRAGIKAGLK,10,5,5,1.1375478748349146,1760,Rank,0.1566873024148557,0.1566873024148557,False,,19.525806,19.56719,6.6067686,9.053701,46.546825,22.046507,24.243519,6.3724823,6.903581,14.732188,27.93275,14.160810743212007,9.583117750770482,9.583117750770482,9.583117750770482,23.473813698337906,17.066903267497178,17.00346432495614,17.00346432495614,3.7930925519556133
GLFGKILRTWKIKF,10,5,5,1.1801673773094759,1761,Rank,0.1336933312523245,0.1336933312523245,False,,26.536848,27.918257,8.673357,16.8962,8.575749,28.752666,28.02011,7.3672457,13.819538,6.5202317,34.934517,23.636670279446044,9.617921355456879,9.617921355456879,9.617921355456879,19.480314387991765,14.912419159928604,21.606212011849358,21.606212011849358,8.086598209930955
AFFRLLGNHVKNAVKVIKK,10,4,6,1.2262451768587408,1762,Rank,0.1610437227697784,0.1610437227697784,False,,5.2554255,5.84385,16.195784,23.683035,14.946708,29.750265,43.86549,4.0828466,21.27977,38.325344,59.87855,18.930884095844846,14.093647779633983,14.093647779633983,14.093647779633983,15.675819191773876,13.010344815999986,23.05702868974498,23.05702868974498,12.721657114757523
CRKKVQGKKFFKKLLP,10,4,6,1.2538545191072599,1763,Rank,0.1643202738961797,0.1643202738961797,False,,34.407047,33.40222,5.0071244,13.129191,63.293144,16.427435,14.533615,21.414276,16.366503,10.048002,64.20654,12.516744394350113,12.719778578061701,12.719778578061701,12.719778578061701,21.248898917300156,16.103923923762352,15.029956598064695,15.029956598064695,23.23321182106055
KKWLEKIKSLLRHGL,10,3,7,1.188473327651458,1764,Rank,0.166117842104564,0.166117842104564,False,,17.57053,17.248375,24.276693,19.678955,27.84043,47.7697,24.83345,5.3304214,15.03119,5.9759502,38.63286,13.30288486270906,8.02559938268965,8.02559938268965,8.02559938268965,20.06727703276339,26.097328665459735,14.30921098839473,14.30921098839473,9.017031388492224
GLWLKKLKSLL,10,3,7,1.2289410723961711,1765,Rank,0.1657417661787365,0.1657417661787365,False,,32.68588,34.33935,8.24374,17.473318,42.61134,17.669008,8.29088,12.137676,33.673172,22.608545,72.298325,12.813835036522358,7.787560078170706,7.787560078170706,7.787560078170706,33.572003051342676,19.6602967539062,9.631334074309825,9.631334074309825,15.177055088179424
GKWSKLLGHLLKH,10,2,8,1.104226372874462,1766,Rank,0.1468574414882312,0.1468574414882312,False,,22.270718,19.743307,14.602181,23.949125,45.85927,24.942562,19.585733,3.4156287,24.197035,42.000233,31.430681,9.518438164473816,3.3075371125626023,3.3075371125626023,3.3075371125626023,13.150720044593205,17.442663076509724,9.804684436051842,9.804684436051842,4.256084095025336
GRFKLFKKLENSVKKRLSSAIPAGPMATAKGQLA,10,2,8,1.2701953221211997,1767,Rank,0.1435097015966208,0.1435097015966208,False,,21.510515,31.628124,13.406536,21.563625,48.706005,16.550201,15.251378,41.5967,19.44093,41.974094,33.914375,10.86315025823201,10.972130180831382,10.972130180831382,10.972130180831382,11.9854715045846,12.959152599299031,14.60729282811889,14.60729282811889,19.14732321685072
GVGMKLLSGLKKLL,10,1,9,1.1698006779916792,1768,Rank,0.1372597223513628,0.1372597223513628,False,,37.9991,35.075203,19.636177,47.177654,38.583878,17.477928,19.260534,18.455372,5.178984,65.16395,24.835747,9.356616034548003,5.8676774746776745,5.8676774746776745,5.8676774746776745,10.638724501080794,9.33250775924575,8.2721385127635,8.2721385127635,7.812492299431257
GLSSFLGRAAKFLPKVCVGKKLAAKSKERS,10,1,9,1.2265820571367196,1769,Rank,0.161735478322087,0.161735478322087,False,,28.27695,31.4354,29.584993,26.700413,48.530807,22.97331,21.719755,24.378489,10.626957,32.289803,27.60496,9.247084973616674,7.33335051281755,7.33335051281755,7.33335051281755,13.253877251957684,10.900750343403015,12.525955498995312,12.525955498995312,10.47858530562917
GLLLSPVKQFLKGVAKIIGEKLKCKIAN,9,9,0,1.0570200378403236,1770,Rank,0.1614293458769459,0.1614293458769459,False,,8.500503,12.385438,2.7931018,2.6675355,15.178355,15.3321905,23.372763,1.8558608,2.2648642,6.1736584,22.039804,18.607468607070437,20.601967426315312,20.601967426315312,20.601967426315312,20.264866218840332,26.806688035777817,19.909390300030914,19.909390300030914,16.16049756516152
GLWGRIKSWLKK,9,9,0,1.0838088568003041,1771,Rank,0.1740195874953509,0.1740195874953509,False,,3.1644492,2.0033443,15.022252,8.778856,14.967514,24.468443,19.667507,7.8868585,1.6207126,2.4636998,10.755468,27.960266682610808,19.24851564790715,19.24851564790715,19.24851564790715,35.76939705662897,19.475042818983532,28.911406916306177,28.911406916306177,20.033479316837123
HFMGKLLGKIHSYRKLKNMWH,9,9,0,1.085984376355264,1772,Rank,0.1282414756123479,0.1282414756123479,False,,1.3597004,2.0463428,4.78303,3.8043282,4.4545426,10.923119,11.065841,2.5075147,16.85291,7.683467,25.504877,27.726797077188564,28.553518250741273,28.553518250741273,28.553518250741273,37.81172291811286,30.864688540454303,34.40699336798498,34.40699336798498,26.0490201883301
GIMRKLLGKARMVGIRAIGRV,9,9,0,1.104959589572297,1773,Rank,0.1747090600260347,0.1747090600260347,False,,6.988705,7.7010965,7.179419,2.5198493,4.292661,5.936361,16.953854,8.339749,11.176701,12.801517,47.485004,18.392365527294523,16.890491903015654,16.890491903015654,16.890491903015654,22.42154060667213,19.445983937049807,25.52269394779663,25.52269394779663,20.944302544027572
GLISGILKAGKKLLPNLI,9,9,0,1.112046380756221,1774,Rank,0.1484557641729982,0.1484557641729982,False,,2.9506216,3.396957,4.7142725,3.912664,12.1733675,9.402293,18.653631,5.9804964,8.644993,3.9338853,41.226902,27.749250163763087,23.709812350343697,23.709812350343697,23.709812350343697,29.765457595794246,21.450043151660868,33.34711715190113,33.34711715190113,20.036954973904646
GLLGRIWGRGVNVVKAISKL,9,9,0,1.1457234817105768,1775,Rank,0.0664402877769512,0.0664402877769512,False,,7.723565,9.54328,8.33619,6.8076677,5.246199,13.751558,21.740381,5.354484,4.4859114,3.05299,23.164694,31.756149369101944,20.246962902380634,20.246962902380634,20.246962902380634,33.960365957698684,35.29112287973321,32.85874971298025,32.85874971298025,21.605120794461595
GKVLTKAKTLFKKGLCKWKAKCC,9,9,0,1.1621293897505267,1776,Rank,0.1412497177355082,0.1412497177355082,False,,5.154776,5.008541,7.3190002,4.4051113,7.2264795,33.33189,23.518204,1.2421341,9.834224,3.8833888,9.334793,42.48157895380508,36.38587931245548,36.38587931245548,36.38587931245548,40.96885423462142,30.736764033212324,39.66704045200587,39.66704045200587,20.64772773409526
GLILSKIKGTFKTFLKGAAKELLSTAQRQP,9,9,0,1.171099750241869,1777,Rank,0.1259376992455236,0.1259376992455236,False,,1.9011077,2.5288293,4.8661556,8.507542,34.0527,8.692837,10.707043,6.864771,11.272917,14.585673,48.334213,30.537047289149598,25.807016509274,25.807016509274,25.807016509274,26.959302188147202,19.71822750869224,34.636069970847885,34.636069970847885,22.93920791666833
GVTLSLLPSLIKAAIKAKLKNRGKQLIQ,9,9,0,1.187652719611048,1778,Rank,0.1579504360156208,0.1579504360156208,False,,2.53351,3.1698866,2.787257,2.6765027,29.706682,3.4189684,9.302554,8.967208,6.1924286,3.7605157,29.939314,51.56304625249807,44.7479278524096,44.7479278524096,44.7479278524096,55.64152164494959,55.687267847779545,55.1184815840964,55.1184815840964,36.79405552628143
GIKNAFKTFIKPTVKEKISKNKWF,9,9,0,1.2062155900002371,1779,Rank,0.1157838567956006,0.1157838567956006,False,,4.4219837,3.121716,5.641677,7.928661,44.349586,6.724357,8.783822,15.28358,4.7006664,7.240838,24.722221,30.46712853995334,35.08995603956216,35.08995603956216,35.08995603956216,36.20204514839243,42.01899202274994,32.60511648537167,32.60511648537167,30.066179512033642
GKLGKFLPKVPGVAKAFPKVAAAAKALTQKA,9,9,0,1.2161573485137755,1780,Rank,0.1143150437011848,0.1143150437011848,False,,8.39279,10.464289,7.1767445,8.009195,93.91051,9.971038,10.1075535,7.833159,12.770996,58.624935,6.761356,21.2778716795662,22.62731243993096,22.62731243993096,22.62731243993096,22.697823311087028,19.37295728692319,19.472990180126214,19.472990180126214,27.024864789750005
GFLGKILKGGKKFLPKLV,9,9,0,1.2243083448259842,1781,Rank,0.1685316186042187,0.1685316186042187,False,,9.127121,6.8033853,14.265069,11.879831,16.668835,5.3527937,10.96771,11.088874,6.199421,11.648823,24.767662,28.11610640706454,28.471872920983525,28.471872920983525,28.471872920983525,35.358026819521655,27.20130522076514,33.482275329279894,33.482275329279894,21.43411664708533
GLLSKILPWLKGKI,9,9,0,1.227332460340559,1782,Rank,0.1714459994819616,0.1714459994819616,False,,12.466854,10.205642,11.048583,14.9152565,4.2763467,20.99616,22.0935,6.8232193,9.721356,4.02218,6.0200567,35.848364519905,30.412025053264703,30.412025053264703,30.412025053264703,45.21706875930034,58.3577926947881,31.627143004062965,31.627143004062965,19.803071015861597
FVKLFPKVVSRISKFL,9,9,0,1.2335060951487469,1783,Rank,0.1546118282105095,0.1546118282105095,False,,10.044913,8.212325,3.7146313,3.4471128,6.1773334,7.273621,10.016205,24.581564,2.9253712,6.8230505,25.927586,65.264193182202,36.1111853693218,36.1111853693218,36.1111853693218,70.12786886613337,57.65126292224032,47.16291868882245,47.16291868882245,27.993118764116918
HFVGRLIHGVIRGVRHV,9,9,0,1.2350637644227356,1784,Rank,0.1618722520721534,0.1618722520721534,False,,4.7912946,2.0935807,5.998092,9.841624,8.385307,14.299454,22.758238,3.6500506,6.7523384,7.3179064,69.09039,43.89715609941854,31.044103462260868,31.044103462260868,31.044103462260868,60.2118100073772,47.783650738330444,53.4478436334132,53.4478436334132,23.12719630873044
GVLPKVLGIAGNLLKRKKKF,9,9,0,1.3062946834062632,1785,Rank,0.1011911976648424,0.1011911976648424,False,,12.35339,10.088738,7.3955345,5.341285,59.72007,5.5207453,7.132199,9.359482,4.1163197,12.187436,25.69592,47.27860094946627,41.74483289773579,41.74483289773579,41.74483289773579,49.299401741522,49.28108258810932,53.39918783481805,53.39918783481805,40.152486017785975
GVLPTIIGRVGKSLGKLIK,9,9,0,1.3194722956864422,1786,Rank,0.1417726334612932,0.1417726334612932,False,,5.7590923,5.0341396,7.8838305,9.706037,19.178188,6.713675,13.703775,5.6821036,7.803665,4.754958,30.36578,56.57202736051658,68.6490476426351,68.6490476426351,68.6490476426351,58.97153057220238,47.3305653652376,65.23707650952754,65.23707650952754,44.994766517993185
GLPLSLGAGSLIKGAAVKGLFKKGGKIFG,9,9,0,1.3300805284150221,1787,Rank,0.1648254443175176,0.1648254443175176,False,,11.387173,8.924099,10.582667,7.691328,22.45708,7.501089,12.700409,8.2539015,5.201938,19.327406,10.955918,51.81272237630798,51.79774872176544,51.79774872176544,51.79774872176544,59.84604775258856,43.67049332343933,48.58601480300548,48.58601480300548,55.908322097619134
RLKKIFKIWGRR,9,9,0,1.3475593056762274,1788,Rank,0.1340785392646512,0.1340785392646512,False,,10.168893,8.395172,5.80961,3.5901284,4.4339995,12.042069,10.096701,7.1333656,19.238558,4.8871527,31.033522,60.9595579553454,70.89455466998004,70.89455466998004,70.89455466998004,80.16446971212147,64.73138618252129,72.79795807121724,72.79795807121724,74.88244091310389
GINGLFKIGIHAGKSIHKLIKNKRQ,9,8,1,0.9666086416090292,1789,Rank,0.1739127005738271,0.1739127005738271,False,,2.6761422,3.4552085,1.8287169,1.9995282,3.135644,64.622154,26.300367,5.1073933,1.221144,2.8146174,29.836739,18.83181638162017,17.50907667743226,17.50907667743226,17.50907667743226,22.867997399504212,19.716387362559725,19.306425385069662,19.306425385069662,13.401929964922676
GLISGIRASLKKWWKKWG,9,8,1,0.984862111464105,1790,Rank,0.1199125976303065,0.1199125976303065,False,,2.4041903,2.388556,3.260363,2.403374,23.872683,25.8877,16.819788,2.4588737,2.93341,2.9810588,11.112765,18.52845950022203,19.116071840556533,19.116071840556533,19.116071840556533,30.81018529362383,28.446211457993318,20.232040745702296,20.232040745702296,9.596223792442979
GILGKILRAGLKIGTNLL,9,8,1,1.0493677773174435,1791,Rank,0.1560343582301684,0.1560343582301684,False,,3.5585248,4.151295,4.680365,3.8493004,3.6270757,26.652802,21.921873,5.1379657,2.1027422,3.09982,32.751198,25.569022686353936,24.976022902545466,24.976022902545466,24.976022902545466,32.35323677091221,30.8746108867755,21.53330491481491,21.53330491481491,8.509377393681083
IGKFKKSFKKKLKNLGPHLV,9,8,1,1.0494836810523185,1792,Rank,0.1401194144838212,0.1401194144838212,False,,2.4679585,2.711286,5.007613,6.00091,1.8386233,5.545387,8.313205,4.1199026,22.397827,27.555622,36.482464,15.704847232772273,22.674197800367555,22.674197800367555,22.674197800367555,18.37743809022648,20.727391572945336,18.85448116571654,18.85448116571654,24.914028851886087
GVFKVLGRAAKQILPHVFKNF,9,8,1,1.0737815471566285,1793,Rank,0.1709250554566707,0.1709250554566707,False,,5.16272,6.394625,2.6937973,3.4240196,18.4984,15.032197,18.55311,5.77477,2.9196043,13.997526,30.506996,15.841261476010835,16.594389731092722,16.594389731092722,16.594389731092722,19.814902709900448,24.3486077037597,21.006996963536913,21.006996963536913,17.150852511541213
GVGLKLLGKAALKAAIKAAGKLLEAEQEK,9,8,1,1.084827681219372,1794,Rank,0.1682202974735667,0.1682202974735667,False,,7.092816,6.521844,4.4910913,4.2309732,24.313112,14.7253475,16.589758,5.5162725,3.1546736,7.6805964,26.070566,19.443774246918238,18.436304642131397,18.436304642131397,18.436304642131397,20.224567137718157,10.453775324646692,20.32183376392568,20.32183376392568,25.692140661544205
GLLSGILKAGKKIGGLLSKL,9,8,1,1.0992027933410757,1795,Rank,0.1169552544365336,0.1169552544365336,False,,3.0924127,3.4789238,5.2351394,3.2862704,6.084738,16.199745,16.997238,6.7062755,6.154911,7.41247,62.143917,23.68383326081647,23.458734740441432,23.458734740441432,23.458734740441432,24.99938418848959,32.142469735791074,23.165380317437116,23.165380317437116,12.400398591417751
GILGKILKPGLKFGKKIL,9,8,1,1.12290513348157,1796,Rank,0.0942301609571755,0.0942301609571755,False,,8.242858,7.76748,10.864537,8.1194725,18.841764,7.2372704,10.431066,8.453033,7.0645585,16.80157,24.910896,19.592014388801235,17.54226027293267,17.54226027293267,17.54226027293267,22.04207824086101,26.781115934811382,17.000808854005935,17.000808854005935,7.924787960891533
CRITCRWWWGKGFLKGRF,9,8,1,1.124456194427019,1797,Rank,0.1150530823282503,0.1150530823282503,False,,20.044485,19.551582,7.0544,6.1294174,5.6591773,10.043998,20.487629,4.991529,11.546447,9.277498,10.20849,23.192089334259055,16.932404639868412,16.932404639868412,16.932404639868412,25.01765082519348,18.958694473609658,20.84536112555588,20.84536112555588,12.338780399848678
GLRTLVRKGLRIFHMRGQFQ,9,8,1,1.1610058649114947,1798,Rank,0.1677751082567345,0.1677751082567345,False,,2.8540907,5.0753093,4.360523,3.9631271,10.3710985,59.131237,56.987175,11.315699,8.894194,12.742616,17.09136,15.974400660257889,22.206458201959396,22.206458201959396,22.206458201959396,20.771605879658008,27.575628052568714,20.422606290560193,20.422606290560193,20.71515148764115
GIIGSKIKGAFKFGLKAGLKAVFQPSEERQ,9,8,1,1.1613802733832117,1799,Rank,0.1349811629961213,0.1349811629961213,False,,2.9786668,2.9057336,17.043533,28.53198,25.238365,4.961909,5.6759453,15.950806,7.344057,10.277922,13.245662,25.336450380930085,21.295494081039063,21.295494081039063,21.295494081039063,27.913374642507293,48.723105506679246,33.80339709424604,33.80339709424604,9.309223044947933
RKILSSIKKGLKKIL,9,8,1,1.1642862017895055,1800,Rank,0.1521227119972371,0.1521227119972371,False,,8.673258,4.249075,7.7944827,20.220175,17.73021,14.373688,15.291657,5.271969,8.424521,3.0195644,39.69526,24.440846333191267,18.363757688420506,18.363757688420506,18.363757688420506,22.433341846016788,13.454328381404219,33.74825254193593,33.74825254193593,30.79484798124666
GIPHIISKIAGHVGKHIYGLISR,9,8,1,1.1804613286391628,1801,Rank,0.1574523222065777,0.1574523222065777,False,,4.089708,6.184578,4.749132,7.8158245,16.23317,13.710319,25.728895,6.58564,9.519941,5.669659,66.410484,27.78045119319759,22.681767240798152,22.681767240798152,22.681767240798152,31.40257699489607,40.52260606511863,28.293084889762344,28.293084889762344,9.703850105423802
GILGKVLRVGVGAIKKVL,9,8,1,1.1874760650419378,1802,Rank,0.1711436028903883,0.1711436028903883,False,,10.712211,8.293648,2.6557107,4.422752,20.957214,12.342733,16.997238,7.437915,7.93599,13.765215,25.17429,31.86781478793832,17.965644884739817,17.965644884739817,17.965644884739817,47.141368977241136,45.92050088945132,33.93483392415541,33.93483392415541,12.993510349923595
GILRAHLGRVLFRLK,9,8,1,1.2133112054426753,1803,Rank,0.1304053650177992,0.1304053650177992,False,,9.951513,11.67352,5.8034425,3.4564507,10.115777,45.487465,34.328964,2.247412,8.487095,6.8666067,27.422777,26.319707141546722,26.92740467362153,26.92740467362153,26.92740467362153,36.39720694913487,38.23289266969854,35.892346762436866,35.892346762436866,15.156418552575255
GILGKLIRGAIKGIPKL,9,8,1,1.2348772356243292,1804,Rank,0.1553071120689655,0.1553071120689655,False,,2.8002634,3.2376685,11.7357235,11.171253,35.185276,9.037814,17.084349,7.1063514,12.393297,14.033967,24.06365,37.24317605451865,35.26029280645866,35.26029280645866,35.26029280645866,34.67140737673996,44.40627738245752,38.96586259107393,38.96586259107393,6.7985220094343
GLLSGILKAGSKLLPKL,9,8,1,1.3328883393807098,1805,Rank,0.1555196406274905,0.1555196406274905,False,,5.8668213,6.315496,6.4498425,10.547039,19.063086,15.163485,18.452732,6.900389,14.091072,14.325163,56.443615,43.890577669194904,47.29326777761844,47.29326777761844,47.29326777761844,50.32309290421161,43.968413243952696,51.45139698442323,51.45139698442323,15.820499105520163
GILDTIKDVGKGALKGAVKSLLKTASCKLSGN,9,6,3,1.1471679939328565,1806,Rank,0.1712504898119122,0.1712504898119122,False,,2.4882321,3.1232915,6.8583984,6.522329,11.605676,17.128443,16.997238,6.702921,24.672592,18.601768,105.175415,20.34721335893204,13.318098412454797,13.318098412454797,13.318098412454797,22.06946083160143,25.75508822303784,21.755812960247276,21.755812960247276,17.85994222692601
GFLSGILRNAGGMAKKLFCKTTK,9,6,3,1.1786719963891474,1807,Rank,0.1613556665426916,0.1613556665426916,False,,3.4238787,7.8693037,7.985551,26.298302,45.46496,24.341244,22.058632,5.983164,10.014479,8.339649,20.941706,17.723839395309255,15.230251371045089,15.230251371045089,15.230251371045089,19.725297431703947,19.92266901508272,25.541321925804354,25.541321925804354,16.139817393537108
GVWKKLLSGAGKAAIAHILNPK,9,6,3,1.1884132031905952,1808,Rank,0.1428766819642952,0.1428766819642952,False,,9.1068125,12.756219,2.4748607,2.8507895,36.887623,21.888016,21.189135,9.030139,6.9914556,18.471,26.350914,27.80422223817338,9.684201962460017,9.684201962460017,9.684201962460017,40.5232623292745,55.337338757730116,36.48247698836507,36.48247698836507,18.060002292005368
GLFKKIWGAGKKVFK,9,6,3,1.19879796788643,1809,Rank,0.1546794886695712,0.1546794886695712,False,,11.899988,15.171466,4.7230554,4.3392096,45.68857,53.586575,24.026234,16.973587,3.4474952,6.304059,22.010815,29.674424634385446,9.599772531298107,9.599772531298107,9.599772531298107,37.56498380872457,27.9071385288687,29.76978817326682,29.76978817326682,21.950961712567143
GMWSKIKGPIKSVLK,9,6,3,1.3097562236042133,1810,Rank,0.1265495490409648,0.1265495490409648,False,,13.594317,13.063141,15.876055,28.255173,31.003994,23.710054,18.90849,15.388761,6.24565,7.1005425,21.247051,36.73258027938686,15.265429412055175,15.265429412055175,15.265429412055175,42.85394327095721,46.159944183652804,45.23442352261661,45.23442352261661,18.455580311826676
GVWGKILGALKKL,9,5,4,1.1001805576520627,1811,Rank,0.1038410593552414,0.1038410593552414,False,,6.8703265,4.957676,5.4055095,28.311846,27.887337,20.01417,18.940363,23.695883,4.5912085,4.4078712,27.285643,24.237076741922223,7.701597624495271,7.701597624495271,7.701597624495271,24.46969086731558,23.219606704547594,19.337053756856868,19.337053756856868,5.945224419410255
GMWSKILGHLKRL,9,5,4,1.1093408888073355,1812,Rank,0.0898908632644386,0.0898908632644386,False,,7.02094,7.6500287,17.436491,16.27393,33.807922,18.346706,15.893173,4.2618384,16.853168,5.083445,43.865925,21.935753077814557,5.804368330604123,5.804368330604123,5.804368330604123,21.303667504695664,29.244129871836115,19.894460276530534,19.894460276530534,6.040625545138743
GGFLSLPKKLFKKKPLKKL,9,5,4,1.1498079952737887,1813,Rank,0.1717911508421444,0.1717911508421444,False,,30.375168,25.471128,16.958595,23.691057,5.8512287,11.613398,9.051032,6.9132094,19.75089,5.6324797,23.03557,16.611803464080882,12.174436284478325,12.174436284478325,12.174436284478325,19.217980037250747,16.236386923363025,17.071541737153954,17.071541737153954,10.736018665990446
GVAGKILQAIKKLF,9,5,4,1.1529332696445462,1814,Rank,0.1490205007040008,0.1490205007040008,False,,8.531369,5.5911417,6.235203,17.947058,44.63115,42.622627,19.410473,38.203045,6.079542,5.460526,32.092693,21.66985872879799,10.700646189722729,10.700646189722729,10.700646189722729,16.279129532746506,19.91452252057933,16.659205900731777,16.659205900731777,5.972864349214375
GMWGKILGGLKKIW,9,5,4,1.16415086584845,1815,Rank,0.1036468987434249,0.1036468987434249,False,,21.795221,20.961529,15.095908,21.770432,40.012722,24.448967,20.514286,8.161838,12.272142,4.9511514,15.754733,23.387195321416613,6.804750247356796,6.804750247356796,6.804750247356796,24.930152741999954,28.453794218331357,17.62718321521398,17.62718321521398,5.017882822280541
IAGKLLSGLGKLIKKVG,9,5,4,1.1659286794679224,1816,Rank,0.0958138515488018,0.0958138515488018,False,,4.86037,5.598826,5.8246026,8.176736,31.516294,28.399355,19.212837,11.071121,30.482613,21.69014,41.596024,16.124996286760414,11.770678467514006,11.770678467514006,11.770678467514006,18.369479727987525,16.55943519244353,19.137324155743748,19.137324155743748,10.475119983060393
GLLSGILSGLKKRLF,9,5,4,1.1704815595087172,1817,Rank,0.091167487447532,0.091167487447532,False,,21.173576,17.20235,11.079375,19.136673,9.44733,16.207466,19.035875,10.453038,7.5540066,5.9098463,17.064022,21.154980582148237,14.614985167796307,14.614985167796307,14.614985167796307,25.13173204961764,18.06812910448375,22.567517926817082,22.567517926817082,9.381708457166708
GLFLHKIKGVLKTVAKTVANTATQSI,9,5,4,1.1748512362741217,1818,Rank,0.1313968190452154,0.1313968190452154,False,,3.81908,6.0967884,5.8030477,6.565505,40.08969,27.468332,45.650036,12.67302,22.595596,39.897083,57.31504,14.762377708514737,7.514546426315139,7.514546426315139,7.514546426315139,18.1152214235189,16.888855381379948,18.507304203263136,18.507304203263136,16.384225681266425
GKLIKNFGKKIVQNVLKGAGQAGLAEKMFSAV,9,5,4,1.1856960981338702,1819,Rank,0.1232960356782317,0.1232960356782317,False,,11.210289,9.795865,1.7597855,3.8680227,45.255848,36.034508,24.035837,22.510662,6.2255087,35.282047,23.492764,19.3109516131372,14.704453160234355,14.704453160234355,14.704453160234355,16.87604685086795,15.494584830728071,18.926789830976585,18.926789830976585,26.439616919917707
GYWGKILGALKKIG,9,5,4,1.1929732226182284,1820,Rank,0.1162313290340577,0.1162313290340577,False,,10.828304,12.798442,15.144654,33.632202,34.29518,30.897882,20.710188,30.806524,11.382407,4.6520247,18.332903,22.534463274635115,7.213504546459534,7.213504546459534,7.213504546459534,20.33908308233127,48.88954750878458,18.686173468886697,18.686173468886697,5.318167474929223
GSWGKLLGHIIRAL,9,5,4,1.19550656579804,1821,Rank,0.1458670251979172,0.1458670251979172,False,,6.570743,7.9382057,20.54141,26.944965,39.81018,36.493423,22.80666,4.038446,12.995818,14.417098,20.471872,26.231823854063034,9.113432636481896,9.113432636481896,9.113432636481896,21.19936796710943,29.22385215183025,22.498424622477543,22.498424622477543,8.813000437764343
FGVWGKIKGIAKKVF,9,5,4,1.2057037092955496,1822,Rank,0.1579882096461399,0.1579882096461399,False,,10.867278,13.589098,11.292102,17.277826,56.11822,29.028858,20.057678,108.04315,7.788178,8.494737,24.785984,20.066946540034742,7.130452782404407,7.130452782404407,7.130452782404407,20.665832266117064,17.117112491248427,17.837483907835498,17.837483907835498,9.521644501579742
AAGGSLPSLIGAAKGLKIYKKLFYLTLLKGAC,9,5,4,1.2067801163256977,1823,Rank,0.1551477156500717,0.1551477156500717,False,,4.9023733,14.943106,20.43616,35.188263,69.14921,23.539892,19.19296,3.0587797,8.356845,6.012207,24.707365,16.84911764824706,13.611709834990592,13.611709834990592,13.611709834990592,29.296803624956834,37.273008084437635,18.290110512342412,18.290110512342412,14.086751826925175
GHVSLLRHGVTLYRAIRKVK,9,5,4,1.211192138527257,1824,Rank,0.1466241581876627,0.1466241581876627,False,,8.1350765,8.64188,28.589422,31.594162,27.263857,34.55793,26.954693,2.4448302,10.7617,17.162611,9.849072,15.918172636097328,20.958346288325167,20.958346288325167,20.958346288325167,21.243323682909402,23.264060022429188,15.715813465244937,15.715813465244937,13.05079788760377
GILGKLISGAGKLLPRII,9,5,4,1.2297404447196814,1825,Rank,0.0934920185563997,0.0934920185563997,False,,6.7052474,6.201078,5.2082853,5.959013,62.93808,35.080296,23.410194,16.004082,23.537443,6.9855413,49.838104,23.292788036888982,13.724426522379023,13.724426522379023,13.724426522379023,30.486846291569655,40.62535720178304,23.90258713471216,23.90258713471216,10.55409042276375
GILSKILGGGIKGLIKGIGQ,9,5,4,1.2331208355932926,1826,Rank,0.1763244015992774,0.1763244015992774,False,,5.8599386,7.700492,36.415176,36.673843,61.710766,20.568527,25.687586,9.471849,9.084021,11.7673,44.273617,20.03874253232152,10.676086986092745,10.676086986092745,10.676086986092745,17.390735134143743,20.383873411699447,23.226306260364957,23.226306260364957,11.191092124784138
GLNWLSLKKILIRK,9,5,4,1.2804188242546344,1827,Rank,0.1331929344216566,0.1331929344216566,False,,41.37312,39.67282,4.3460565,7.5216827,53.994633,34.526016,24.082006,7.5238113,11.598256,3.2871168,34.810974,29.43826726349025,15.05002848950564,15.05002848950564,15.05002848950564,34.46939209856093,39.280359869944924,39.51640602735702,39.51640602735702,7.952706600191382
GLLGGLWRRGIRGGIKVGK,9,4,5,1.210205438592301,1828,Rank,0.147292875976303,0.147292875976303,False,,21.561127,20.21087,22.634903,15.581784,30.692932,6.720062,17.211334,31.305214,10.1226015,9.390399,32.901203,14.65563156546538,10.782278673876817,10.782278673876817,10.782278673876817,17.943427965477202,16.205246536722363,19.800679436571247,19.800679436571247,14.301059346519875
GILGKILRAGLKIGTMAGK,9,4,5,1.2241972225421174,1829,Rank,0.1664018707494288,0.1664018707494288,False,,19.385117,19.690832,21.864164,23.48555,41.490658,34.671795,39.323143,11.532146,8.8241205,13.17543,14.166775,14.658311006804112,10.567210335525584,10.567210335525584,10.567210335525584,17.506505625038187,16.795235953142416,19.489716932760317,19.489716932760317,7.490735704628425
GLFSKILGRVIKGGINGI,9,4,5,1.2395727225913202,1830,Rank,0.1243086595425322,0.1243086595425322,False,,14.974401,17.417727,27.828167,15.444997,21.474445,30.534164,41.138504,35.666393,7.4238276,10.692314,49.36158,16.00046765150117,9.741907550809895,9.741907550809895,9.741907550809895,14.16273493612405,18.720267279113244,17.49944318172527,17.49944318172527,12.188897958799641
GIPDKFKKLEKAGRRIRNAAQKGLSKALPVA,9,3,6,1.2277490763981185,1831,Rank,0.1682688635699484,0.1682688635699484,False,,16.480322,17.946419,3.1648657,5.054059,12.732676,39.83189,26.616686,52.83226,42.053875,47.559082,51.221596,14.989325288065233,8.424664341716731,8.424664341716731,8.424664341716731,16.90798430330773,15.673685124298382,17.303431514397968,17.303431514397968,14.600870942699
RLWKILVSHVKKF,9,3,6,1.3218737210655238,1832,Rank,0.0955961343047659,0.0955961343047659,False,,10.799349,15.52863,12.35788,51.71183,55.053345,48.64075,35.675972,24.610952,28.898315,58.794548,65.82155,17.934736946149563,9.807163421264141,9.807163421264141,9.807163421264141,17.73564096802534,19.324027451086955,14.695301865546703,14.695301865546703,7.76099020351687
GSWGKILRHGISFFK,9,2,7,1.1835351211415959,1833,Rank,0.1399124897056479,0.1399124897056479,False,,25.795847,26.728416,30.479818,31.62531,8.780119,27.92267,30.207859,18.478436,18.05575,8.65667,44.008186,13.615244807124196,5.3438572445465224,5.3438572445465224,5.3438572445465224,20.2630084311177,16.827847266039942,13.67800275772237,13.67800275772237,5.6496562986203
GWLSSFRKKLVEKIKNFN,9,2,7,1.213557163161092,1834,Rank,0.0869169162770309,0.0869169162770309,False,,29.227646,30.110249,12.598879,29.698536,39.879074,34.63474,21.637787,18.145046,27.782763,6.411673,32.88788,10.142889397124774,6.69232128228249,6.69232128228249,6.69232128228249,15.689417784425524,17.816516013077216,11.35266177155832,11.35266177155832,16.294481426515524
GKWSSLLKHLLKK,9,1,8,1.1501736430466827,1835,Rank,0.1716776224031666,0.1716776224031666,False,,26.960398,25.00241,18.895655,26.180477,30.111084,42.943768,24.344559,4.668758,22.766754,35.066647,27.737295,12.936016219099162,3.447362164287341,3.447362164287341,3.447362164287341,15.769686062809757,18.779381428436555,13.181264943012424,13.181264943012424,3.406090056074639
GLFSKIGGRIKQIL,9,1,8,1.300165818722696,1836,Rank,0.1519979759975559,0.1519979759975559,False,,32.168877,34.89209,21.924515,23.305016,59.92194,26.370834,24.770403,51.132084,16.696255,12.455085,58.35981,12.309934364149225,10.512251269249338,10.512251269249338,10.512251269249338,14.197602212283378,16.828881969067552,13.616276325041497,13.616276325041497,11.419005285158082
GLFGKILGAGKKILPSLFNL,8,8,0,1.1340235762719602,1837,Rank,0.1616713461691727,0.1616713461691727,False,,5.3085055,3.1496627,6.773242,7.4205413,5.759065,17.540682,20.588846,9.204481,2.4987338,3.395189,20.79165,33.27934086389043,25.814526383019487,25.814526383019487,25.814526383019487,35.30869955282078,33.90783187817707,35.798579198013016,35.798579198013016,19.222939303323432
GGLSSLLKKGRKILVSAKKF,8,8,0,1.150014740714045,1838,Rank,0.1743060029355507,0.1743060029355507,False,,15.003885,13.591706,7.242638,9.538717,34.23341,7.958489,5.060247,18.186537,4.5091105,8.157919,18.020887,16.440389544402752,16.39001022797574,16.39001022797574,16.39001022797574,23.638837376992214,26.34000131299628,23.345870775857794,23.345870775857794,17.396808181389527
GIMDSLIKGLGKIGKGLFEKLK,8,8,0,1.1540609730958291,1839,Rank,0.1612880060836299,0.1612880060836299,False,,1.8402859,1.8670434,4.6961613,10.6234255,8.714215,14.654075,16.72365,7.346792,18.981167,8.075161,24.174946,30.321128592922253,19.175877899137124,19.175877899137124,19.175877899137124,32.32943657411063,30.185438035354736,39.23940944950547,39.23940944950547,37.658705555891025
GLLSGLLGKGLKGIAKALGK,8,8,0,1.2104145830897888,1840,Rank,0.1387647524706445,0.1387647524706445,False,,4.3510528,5.0725584,5.840678,9.077297,17.914015,14.202669,16.997238,6.8780174,10.742301,11.068091,71.57386,27.641983862834955,21.97488316454761,21.97488316454761,21.97488316454761,24.231389244928042,26.116949546061907,31.287336988921155,31.287336988921155,30.014734034852165
GIWGKIFKIGLNAIKN,8,8,0,1.2134233411299071,1841,Rank,0.1519952778810902,0.1519952778810902,False,,5.1922016,3.230378,6.2674108,10.09983,10.310369,42.683933,29.735659,10.268128,4.2877417,4.2095203,24.714392,41.30210260842487,20.45156389752198,20.45156389752198,20.45156389752198,37.05412564312004,38.73218007557657,52.03277680686122,52.03277680686122,21.23864767947861
GLLNSKLSSLLGKVLKWA,8,8,0,1.2141770810971835,1842,Rank,0.1462673841719356,0.1462673841719356,False,,9.844065,7.108661,9.07345,12.30069,12.974037,20.013653,18.747345,4.4147334,4.034619,8.78859,80.44209,20.045173560974604,21.034207974878537,21.034207974878537,21.034207974878537,47.598652887109665,47.4341708339407,19.5026515041669,19.5026515041669,25.04753360324539
HSFVHLIPHVIRGVRHIHHLIK,8,8,0,1.2187996084591888,1843,Rank,0.1398124518489985,0.1398124518489985,False,,2.1539836,2.7105565,3.1981163,3.3650594,5.764194,16.436455,20.468569,1.8305631,7.1468782,4.7418246,80.11423,46.84281349610348,55.42928127271605,55.42928127271605,55.42928127271605,56.636444876400965,65.31042854363233,53.93837160040727,53.93837160040727,45.717134595509755
FFKLLPKIFSGIVHAKKRH,8,8,0,1.225514022403228,1844,Rank,0.0945789443972158,0.0945789443972158,False,,3.312731,7.774894,4.546898,8.980993,4.111862,30.296785,17.86438,12.323702,13.941907,11.021141,55.92154,26.95879898969707,33.5177695912775,33.5177695912775,33.5177695912775,29.790763616147604,24.900382664739396,28.381282512359842,28.381282512359842,21.537265425752203
GKLFKKGLKILRTAKSF,8,8,0,1.2341399377044335,1845,Rank,0.1635525559879921,0.1635525559879921,False,,12.782113,15.51167,8.24689,9.055448,23.594828,3.4055026,4.2976375,15.919099,19.54876,13.901538,33.743248,24.46080632089415,18.508894330753716,18.508894330753716,18.508894330753716,35.548394654902616,32.49853827958053,34.64367659693185,34.64367659693185,30.01084560603228
GILSSLLGKVLKTVAK,8,8,0,1.2360307289296415,1846,Rank,0.1636158579512247,0.1636158579512247,False,,2.9110193,2.8477473,8.017846,23.295544,27.493029,13.245432,10.015152,4.566839,11.959644,13.567459,67.88111,37.89735242908629,16.47216716532522,16.47216716532522,16.47216716532522,47.228780712275494,43.25314390711105,46.346117678359754,46.346117678359754,24.894163687562976
GFLGKVLKLFKK,8,8,0,1.2459452890986606,1847,Rank,0.1755861554247914,0.1755861554247914,False,,10.322922,7.895888,13.18065,30.551838,22.477839,8.109817,8.474186,14.007035,6.56083,11.093226,25.654495,27.57560534491426,22.231121848937576,22.231121848937576,22.231121848937576,42.166513599937275,18.602647699420867,36.5818112359847,36.5818112359847,19.67234013453254
AWWSLIKGRIKKSF,8,8,0,1.2489537577881333,1848,Rank,0.148870651466447,0.148870651466447,False,,12.230987,7.471419,6.231514,8.083193,6.575715,39.862175,18.027992,9.056092,13.552318,4.389651,21.064045,39.10728072646635,26.12195386828652,26.12195386828652,26.12195386828652,48.672952154932574,48.49876679813953,36.60023166088222,36.60023166088222,17.5144266374828
GIFGKILPKLTGFLPKVISHVNKKAQS,8,8,0,1.252070066288694,1849,Rank,0.1670206733834546,0.1670206733834546,False,,5.8803287,6.5905275,5.8156548,13.4646435,10.247737,36.589252,36.674004,6.408588,6.2783184,15.193019,42.807293,27.938333035360788,23.335024218503147,23.335024218503147,23.335024218503147,35.79985664439235,28.493302529987314,30.12259935870303,30.12259935870303,30.65804729556253
GIKSKFLGLIGKIHHLHHLKLH,8,8,0,1.2532986215992412,1850,Rank,0.0509437596302003,0.0509437596302003,False,,7.636872,7.636872,3.8824854,5.769945,7.1023526,31.947674,23.223488,4.497775,11.357552,13.029429,48.988457,35.75334769676539,29.357500575288118,29.357500575288118,29.357500575288118,47.2693618857788,42.44252175011707,40.913339004805515,40.913339004805515,17.068866263941597
GLLGKIWRGAIKVGKKI,8,8,0,1.2971345489580464,1851,Rank,0.1753829665001859,0.1753829665001859,False,,7.824014,8.652482,5.0789666,4.556841,35.53629,39.439705,24.900362,10.939591,4.689487,8.562973,14.685157,35.33829152883135,36.72966649211423,36.72966649211423,36.72966649211423,54.64448342036413,41.616397538931096,47.75906435582248,47.75906435582248,27.35404102375061
GKLGTKLLVSIGKLKPLVSLLK,8,8,0,1.3088496830528062,1852,Rank,0.1733905112640136,0.1733905112640136,False,,15.882388,20.484852,9.968088,10.791748,4.248792,15.787127,17.02834,6.0596247,9.743437,11.334948,47.375526,32.64275404676682,32.72673734084548,32.72673734084548,32.72673734084548,45.70190279933578,60.37807452271294,37.262686383812074,37.262686383812074,27.05280073070835
GFFGKIMGAGKKFLPRLF,8,8,0,1.327583548313294,1853,Rank,0.1429159084267573,0.1429159084267573,False,,7.3018646,12.301248,14.477467,13.13706,16.658287,9.51366,10.442046,21.586632,10.2398615,12.569898,22.639587,42.74227034116648,31.84604124947697,31.84604124947697,31.84604124947697,44.81303736655635,58.62133134062555,49.34535132609723,49.34535132609723,22.681823274036656
GILGKILRPGLKVGKSIL,8,7,1,1.208705686243794,1854,Rank,0.1515903528638223,0.1515903528638223,False,,16.711752,15.278399,20.531681,8.8045,28.401249,3.5763614,13.392641,10.127215,7.2968545,12.867914,45.622463,17.53255076949297,21.0266573701527,21.0266573701527,21.0266573701527,31.989872725351113,23.7851588916289,17.56581742664189,17.56581742664189,14.325701232342638
GLLGKILRGGLKSLF,8,7,1,1.2232088647841188,1855,Rank,0.1219814303171988,0.1219814303171988,False,,28.989737,26.714376,6.7099104,13.673521,10.523081,15.411452,19.026001,8.855839,10.680906,11.429332,28.408102,26.103819552392604,17.561791824416524,17.561791824416524,17.561791824416524,27.149164607138736,27.803214836650604,19.46642212084233,19.46642212084233,10.693546359338313
GGLKELEGRIKKKGQRILKFARRVGRNFV,8,7,1,1.2357694667056607,1856,Rank,0.1661400496785505,0.1661400496785505,False,,13.156283,14.161304,4.0086703,2.7641835,6.534654,22.928537,38.164894,51.182693,14.032588,14.160943,27.533281,23.697775430466148,19.98616156966913,19.98616156966913,19.98616156966913,30.5905971302502,25.046048585535488,28.00445469045747,28.00445469045747,13.81765625204308
GLPWKLLKVAIRTK,8,7,1,1.242974729131466,1857,Rank,0.1649815199776845,0.1649815199776845,False,,10.330657,21.828665,7.2807093,6.6678553,23.189981,13.267064,26.459692,6.99254,10.435161,5.539293,71.861115,29.668910765783593,16.23709110011867,16.23709110011867,16.23709110011867,35.865637881582835,63.25969244651257,29.6065459912439,29.6065459912439,11.066998010815453
GILGSLLGVGKKVLPHVVKKF,8,7,1,1.2452270375329806,1858,Rank,0.1741856254316986,0.1741856254316986,False,,14.72432,16.099297,14.060413,22.231934,18.302866,6.4750614,15.812837,6.696464,1.4594572,9.329564,51.961426,32.66705390259796,26.961130061538963,26.961130061538963,26.961130061538963,33.603367679446876,48.757033733690605,34.254691706739784,34.254691706739784,9.912580637022293
GRLSRILGHLIRGY,8,7,1,1.2762799858232117,1859,Rank,0.1343655773471122,0.1343655773471122,False,,15.86894,19.01715,9.558764,8.417059,17.176802,11.81547,20.801235,4.87265,13.292423,9.076672,54.258972,28.904281375566132,28.628206600973048,28.628206600973048,28.628206600973048,39.88743943761594,35.206308333677605,37.11437654412719,37.11437654412719,7.820033669401089
GALKKLFKRLL,8,6,2,1.241541164300827,1860,Rank,0.1754767779342224,0.1754767779342224,False,,23.070127,21.153065,9.710317,19.40686,51.551186,7.505734,11.4165325,13.269785,9.946972,14.515009,25.866035,20.191657296596084,17.902280149373073,17.902280149373073,17.902280149373073,22.474827755355154,15.427048589947237,25.66051681234076,25.66051681234076,12.721440614973046
GGIGSLLKNAAKFGLKPVAKVLPPLPS,8,5,3,1.1269365506071325,1861,Rank,0.1700919601110461,0.1700919601110461,False,,6.1550326,5.9309783,3.021538,3.1118827,30.89907,12.073542,17.602365,26.091991,23.42714,23.086666,80.02159,16.76844490644701,8.233603111039647,8.233603111039647,8.233603111039647,17.350588046491566,16.609336813731424,17.44368770188993,17.44368770188993,16.54898409105852
GRIVIGIIRYYKKLKNYVG,8,5,3,1.1916416162440775,1862,Rank,0.1601365329950587,0.1601365329950587,False,,1.7792686,1.5974337,25.57348,24.937845,10.427808,25.738134,32.84891,28.026648,3.0749912,9.632165,17.563908,28.996254616339552,15.362505264328231,15.362505264328231,15.362505264328231,40.2949588139105,41.1033009052879,32.18918493444086,32.18918493444086,16.1879790485063
GIWLKAKLSGVLKAGVKILPAANKATQQ,8,5,3,1.2424226363039104,1863,Rank,0.1348358798018171,0.1348358798018171,False,,11.052487,22.85859,2.71775,3.1105158,105.577644,32.22787,24.782228,24.35159,11.2816305,10.238577,64.987915,19.919322534935553,12.05829305258651,12.05829305258651,12.05829305258651,25.970629364923532,25.339072397188065,20.818245842227004,20.818245842227004,21.512580275215623
GKWGKWLPHLIRKGK,8,5,3,1.2778770660779033,1864,Rank,0.0939606606317411,0.0939606606317411,False,,18.617317,18.404774,7.206178,9.200999,38.228703,12.707282,17.794615,5.2383785,24.53718,8.319366,41.30063,27.062611873120638,13.945913560409783,13.945913560409783,13.945913560409783,48.8858438204178,44.88807294246165,34.480586855575396,34.480586855575396,21.73604353527288
GVLDILKGAGKLIAQKIANKIT,8,5,3,1.3948393175995606,1865,Rank,0.1709520366213272,0.1709520366213272,False,,13.629974,12.492388,12.036194,36.925827,49.45345,34.66323,22.903772,7.1473866,11.599755,20.516342,68.67611,31.529784579383676,15.73725485363687,15.73725485363687,15.73725485363687,53.6156625954445,69.43529288196744,46.708743929258546,46.708743929258546,22.76018705666567
GILGKIWSGIKGVIK,8,4,4,1.1756283544970247,1866,Rank,0.1674206172626321,0.1674206172626321,False,,1.618019,1.4716727,16.438156,30.424358,23.770136,19.95662,20.04333,43.813988,3.942015,3.8784864,23.551357,32.54234964036673,15.910584846354135,15.910584846354135,15.910584846354135,33.628853399306976,25.385653139628587,40.78270397566709,40.78270397566709,9.791296376884453
GSLSSLWKLIPKIGQVLNHL,8,4,4,1.1849650124877291,1867,Rank,0.1535769967722225,0.1535769967722225,False,,20.94677,20.16117,11.9445305,23.490765,26.956476,47.899307,29.651781,4.183944,2.9252198,4.146543,20.63772,17.357876285662943,15.355439454347287,15.355439454347287,15.355439454347287,24.577994408017734,19.46596259996192,18.62573707947714,18.62573707947714,10.095625327084383
GFFGKIARFLKSKLF,8,4,4,1.2044276418743927,1868,Rank,0.1454336661840497,0.1454336661840497,False,,23.990826,22.956366,14.0400505,17.684666,26.700954,8.234962,9.557163,27.708431,16.231659,10.346018,28.907995,25.002149755374294,10.311715834696685,10.311715834696685,10.311715834696685,24.35877533523413,16.740134225633543,17.871206515097576,17.871206515097576,8.885118712476086
GFPWKLLGHLIKK,8,4,4,1.2134215778134902,1869,Rank,0.1542915825407789,0.1542915825407789,False,,18.477427,16.993563,6.497088,11.343974,26.185537,26.422037,20.721025,2.7005496,12.938573,22.538929,37.772633,21.667836452368,12.094218892034275,12.094218892034275,12.094218892034275,24.539778794905377,55.03897322671683,24.28247816556264,24.28247816556264,6.158253460803988
GILGKILRGGLKFGLKGLA,8,4,4,1.2467959165172413,1870,Rank,0.1234384132086499,0.1234384132086499,False,,22.05,25.450644,18.177254,11.317786,17.736118,21.688992,22.365114,15.144745,9.57082,11.857203,26.5945,25.888388122438563,13.66387823578206,13.66387823578206,13.66387823578206,21.58751474479051,24.44440223278396,24.34638890345893,24.34638890345893,9.200022023771837
GLFGKILGRGLKIL,8,4,4,1.2625895179591127,1871,Rank,0.1373293545109186,0.1373293545109186,False,,25.20353,25.821201,21.832117,15.996449,21.879072,8.446615,22.883802,21.52489,13.476483,13.170136,24.934362,23.657999526279134,13.586863913068191,13.586863913068191,13.586863913068191,26.398390786203244,29.77491214170929,22.225783056120576,22.225783056120576,8.46465854163176
GFLGKILKPVVGKLF,8,4,4,1.2663678924345585,1872,Rank,0.0811728338690824,0.0811728338690824,False,,17.952961,14.420454,10.587601,22.654919,68.95414,19.104673,17.99228,38.65262,7.1518736,12.085942,22.956636,27.384602246116287,11.028667067313707,11.028667067313707,11.028667067313707,29.66770550705677,22.30339159761978,29.80404643501394,29.80404643501394,8.718228691447859
GILPKLLKLAGKLAPKVIP,8,4,4,1.2709209495624747,1873,Rank,0.1380130157138303,0.1380130157138303,False,,17.255379,16.792469,4.7001348,4.54938,46.885815,10.200248,18.4738,7.508463,42.66319,50.191338,75.15361,20.382295637674513,14.876184309643463,14.876184309643463,14.876184309643463,30.06543676456634,27.48908142954186,23.088897784386255,23.088897784386255,13.40183064067428
GILGKILQTGKSLFKTVIKPSAANAGIKLALESE,8,4,4,1.2773530109257352,1874,Rank,0.1278353053105573,0.1278353053105573,False,,13.75635,16.988796,2.6483867,6.865589,69.309044,43.23412,28.207468,16.900396,15.296532,24.707819,33.705738,27.61985259111427,14.000373495311946,14.000373495311946,14.000373495311946,26.205980096504415,35.86425964415749,24.588129593275426,24.588129593275426,10.582126978747107
GVLRGILGKVIKRGTIYRGW,8,4,4,1.2817373117058082,1875,Rank,0.114295534243664,0.114295534243664,False,,21.904682,26.442215,21.836935,9.973328,7.101334,17.075802,37.3604,46.374355,11.443047,10.821896,53.22924,17.81046266806771,12.041017960515482,12.041017960515482,12.041017960515482,32.17189831970582,45.57946779991167,23.785420044148893,23.785420044148893,9.570652197815031
GIFSKLFRGAVKAGLKGI,8,4,4,1.2981199362612088,1876,Rank,0.1542980165108124,0.1542980165108124,False,,8.430844,8.651814,22.884178,25.166573,44.95378,48.813534,19.480104,14.539122,7.9896193,22.956398,22.716908,23.03043728490901,14.242853173423278,14.242853173423278,14.242853173423278,33.52229643318988,38.491720356229145,29.326580953248957,29.326580953248957,11.416394630574064
GFLSKLFRGAAKHLRPHVVSS,8,4,4,1.3398571741103602,1877,Rank,0.169244751540832,0.169244751540832,False,,11.359997,15.93273,23.60683,28.264652,51.8243,41.58016,37.244034,11.405156,10.807216,42.606895,49.212387,18.661052361644145,14.513722247840404,14.513722247840404,14.513722247840404,29.420382479844257,22.061732386384843,24.37414513612083,24.37414513612083,11.374408628417152
GIWLSSLKNVAKQVLKQGAKYGANRRA,8,3,5,1.2474208761929881,1878,Rank,0.1407335473008873,0.1407335473008873,False,,5.958057,8.523789,24.533691,35.703754,65.953186,40.513798,39.907127,28.164312,21.304457,14.542873,30.641533,19.192554897613615,6.714834419131125,6.714834419131125,6.714834419131125,16.775843177551522,13.925215587672152,19.971661868623723,19.971661868623723,12.930950218230702
GIFGKILGLGKLSHLSLVK,8,3,5,1.2636426267746335,1879,Rank,0.1326379526194145,0.1326379526194145,False,,18.29484,29.186007,54.73415,44.402245,5.413867,37.897934,36.45818,10.592802,12.895565,32.97164,34.955715,16.29463349782148,10.140626162565553,10.140626162565553,10.140626162565553,16.80578259954179,15.53244107161682,18.65726227155654,18.65726227155654,7.94373325597845
GIGGSLLFSGKGALKGLIKGF,8,2,6,1.2380453931399913,1880,Rank,0.1288190800834174,0.1288190800834174,False,,22.503538,27.553165,24.970415,29.49606,16.996292,26.162195,23.23355,65.06445,7.8596034,9.665617,34.926003,15.32452055943479,9.55705640375366,9.55705640375366,9.55705640375366,16.016093089077323,13.72227184659747,16.75059109621327,16.75059109621327,8.582756096294702
GLFPILSLLGKKLF,8,1,7,1.237233712710342,1881,Rank,0.1758677972743212,0.1758677972743212,False,,36.325275,45.668594,27.645786,28.706493,44.900272,17.390911,16.125912,9.70224,16.853737,20.316612,29.584864,16.413556300180762,8.0481340235069,8.0481340235069,8.0481340235069,10.824042675051171,26.522451718203474,15.26901245399381,15.26901245399381,5.953064344998857
GFFSKIWGGVKKVF,8,0,8,1.4114124744514225,1882,Rank,0.156678377875777,0.156678377875777,False,,26.282303,24.76618,36.44895,62.07961,53.210278,82.80721,42.510544,58.044434,43.60562,40.77818,70.558464,14.342367952334806,12.425850910441635,12.425850910441635,12.425850910441635,16.681819902660237,11.953070518925387,12.310860230755242,12.310860230755242,10.124036195806248
QILGKILGIGKKFIHGLKNR,7,7,0,1.0742582651372963,1883,Rank,0.1401586409462834,0.1401586409462834,False,,3.2039523,2.7137454,6.3811846,4.6879125,2.3695292,23.731789,21.235634,16.465038,1.4114374,4.5486903,25.277252,25.05372212484479,16.01265559058904,16.01265559058904,16.01265559058904,36.43168102503402,56.691318122409804,28.938202916549706,28.938202916549706,20.698066143970475
GKLPKFLPKIAKAIAAKLKK,7,7,0,1.089565646896171,1884,Rank,0.1376873738111683,0.1376873738111683,False,,5.6545153,6.726744,1.8173238,1.9198325,22.584188,3.5168557,2.6995184,6.113732,21.259418,19.072962,37.764236,26.641252158600622,21.754833616448337,21.754833616448337,21.754833616448337,29.131204971496683,18.893647493935113,27.470088512726953,27.470088512726953,20.379744601904424
GLLSSLWGGVKKVVSGIKG,7,7,0,1.1393994352483623,1885,Rank,0.1590491920594017,0.1590491920594017,False,,1.7258526,2.1681995,5.694068,4.8661156,10.387903,16.980814,16.997238,20.615782,4.810992,7.388856,38.6545,30.15332362522849,18.57165828648098,18.57165828648098,18.57165828648098,30.644224053441512,31.289192061962538,37.82699339532646,37.82699339532646,26.30088686797925
IKLFKLKKKIWEWAK,7,7,0,1.1484264708623073,1886,Rank,0.1543899600180649,0.1543899600180649,False,,7.9066157,6.3566008,3.6686895,4.056553,18.858326,26.867712,20.843788,4.088625,14.056941,2.270954,28.171806,24.204778862438967,21.053980534506472,21.053980534506472,21.053980534506472,31.23205310536677,34.80011483330626,26.090466988745717,26.090466988745717,19.159998999448312
GFFHKIIQRVRFWKK,7,7,0,1.1844115134640578,1887,Rank,0.1383158274002444,0.1383158274002444,False,,4.7081394,4.704202,5.7606406,10.035844,5.5843415,20.602747,18.270777,2.9546003,28.181976,3.8880336,45.774982,32.67708028353195,22.65470070464397,22.65470070464397,22.65470070464397,35.59323009056443,24.816741321669472,40.26744957388054,40.26744957388054,22.472384922552283
GILGKLWSGIVKAGKKIG,7,7,0,1.2149632411797373,1888,Rank,0.138245468824717,0.138245468824717,False,,3.4755464,4.3317113,7.1468763,8.387341,28.015934,22.688305,19.384584,22.870358,7.097597,3.9172912,14.142907,42.386719881330336,16.932116480714132,16.932116480714132,16.932116480714132,45.0246772396415,38.86737272083621,50.54357674362767,50.54357674362767,21.653988931954594
GFLFKLKKSIAHHVAKKIR,7,7,0,1.2151982222741355,1889,Rank,0.1438996831996174,0.1438996831996174,False,,2.4529552,4.332598,3.421208,9.343724,4.7487855,26.813944,16.342836,4.3820724,8.883512,48.074253,40.67405,30.048878262096945,32.66361084653806,32.66361084653806,32.66361084653806,31.992700295350716,28.540549899265475,35.8543182147521,35.8543182147521,30.44002805266775
GSLAGKGKWLEKLIKVMMNSW,7,7,0,1.2198951372367757,1890,Rank,0.1267452662584347,0.1267452662584347,False,,5.0149884,10.293586,4.685589,12.501784,17.985367,21.522556,25.80191,2.3116937,4.08697,5.54614,30.039997,29.644652148374895,29.695919767216978,29.695919767216978,29.695919767216978,43.26841468255829,45.560942645979445,39.31060436915411,39.31060436915411,22.234258606282694
GLLNTKLRVGIRAWQLLKW,7,7,0,1.246524082473146,1891,Rank,0.1281428905876414,0.1281428905876414,False,,5.5093713,7.542257,6.614791,10.493003,15.255121,42.773727,38.698185,20.127466,4.6640224,3.4270017,45.80349,25.929145182262825,24.266719879390823,24.266719879390823,24.266719879390823,31.68190002750928,45.93401511267299,26.21839861728344,26.21839861728344,21.420865353143014
GFIKRLWEKLLIAK,7,7,0,1.28015506607602,1892,Rank,0.1515509188539397,0.1515509188539397,False,,6.4417973,8.13583,11.183854,13.796793,50.43689,26.333416,23.25202,8.046279,6.710951,6.345441,35.935436,23.81164128604191,29.28316009572845,29.28316009572845,29.28316009572845,48.78834731275447,27.01731427743764,29.63191211495353,29.63191211495353,18.84177994246475
KWFKARLSGMKMLW,7,7,0,1.2862079456853113,1893,Rank,0.1645308307542107,0.1645308307542107,False,,9.05615,15.549397,4.8842883,13.993485,19.808626,41.74929,23.161673,9.355089,12.73807,9.23275,28.300938,21.96889432847646,27.39406751597188,27.39406751597188,27.39406751597188,33.07880764628258,33.9580169541629,24.288237655677637,24.288237655677637,30.842940023328822
GIIDTLKKLFKGVFKAATKLIPAEKQSP,7,7,0,1.28841768936309,1894,Rank,0.1423289643217682,0.1423289643217682,False,,1.6604575,1.5444634,3.096034,2.8685105,39.691467,10.471309,10.356665,4.7206926,27.421423,34.695454,37.060726,61.31332382998395,38.87159775050578,38.87159775050578,38.87159775050578,67.57435202557443,71.7190175496487,63.37744383805766,63.37744383805766,51.28003362875318
GLLSSIRGGVKNFLPKIF,7,7,0,1.2904919077879673,1895,Rank,0.1700460921311301,0.1700460921311301,False,,12.6950445,6.613255,6.870535,20.383928,13.943977,11.218311,17.300552,36.782574,2.4482048,7.182266,32.683315,36.67334176987981,36.39048386111183,36.39048386111183,36.39048386111183,37.8750353952816,33.97179636477816,41.247539713606734,41.247539713606734,24.801446429164557
GFLTKTLFKKVGKLAKN,7,7,0,1.3388538479093008,1896,Rank,0.1703910359438924,0.1703910359438924,False,,6.1275277,5.948815,5.2946014,9.542924,29.342726,16.767763,13.800478,14.947027,12.598294,17.624348,39.876358,41.316367010621455,42.9934904707468,42.9934904707468,42.9934904707468,34.33744937038741,26.835054005475953,53.039652827776806,53.039652827776806,42.48929907088943
GKMLSAGKKLLPSLLGKLAK,7,7,0,1.360147514132381,1897,Rank,0.1578317188911322,0.1578317188911322,False,,9.89248,8.200161,10.886107,12.720442,39.281944,12.914541,13.496955,8.175561,19.194492,27.55693,28.487257,44.08402785372283,29.484831548796976,29.484831548796976,29.484831548796976,54.533301588061384,41.37997037793907,50.78367434615188,50.78367434615188,25.608672429187568
GVWPKILGRIKKF,7,7,0,1.365047758729734,1898,Rank,0.1494530295281866,0.1494530295281866,False,,12.52082,10.2242985,4.3110948,3.760447,5.773199,24.636684,12.804556,17.064884,16.027655,7.13514,34.547222,67.10364421427735,44.5283842977863,44.5283842977863,44.5283842977863,67.4278669635641,67.45465371153796,76.63677195948564,76.63677195948564,49.582329178975804
GIPDILKAGAAKLFKKKLSGVLSKIPSP,7,7,0,1.3948172232587557,1899,Rank,0.1231409977551671,0.1231409977551671,False,,7.1400046,12.474714,9.471061,13.020677,46.00783,11.72867,15.132969,10.549772,47.581856,49.519505,48.657658,37.484992358007744,27.68338152821025,27.68338152821025,27.68338152821025,43.78000063304334,49.19590823327601,47.08152154691282,47.08152154691282,19.122558432623414
PFTLKKALPKFLKKAAKK,7,7,0,1.437316319135021,1900,Rank,0.1566717363583231,0.1566717363583231,False,,14.370777,11.123065,11.256868,17.89951,38.07146,13.648262,5.3373404,14.584224,24.233591,14.618756,48.042923,51.86629607263527,47.87051891663305,47.87051891663305,47.87051891663305,49.32465923816323,43.09110314944687,62.11881217366627,62.11881217366627,53.89302656299833
GILGKIRGGIKSLFK,7,6,1,1.1597546795457656,1901,Rank,0.1555713199351788,0.1555713199351788,False,,1.5774325,2.0680296,9.886686,12.367599,20.418066,22.023445,20.680841,67.98036,6.7908287,4.1397862,35.68599,21.342976434250946,17.490184649653568,17.490184649653568,17.490184649653568,25.78267404418842,23.19584557001542,25.35931347449023,25.35931347449023,14.104205160264861
FIPIASHLFKKLFK,7,6,1,1.2254066963123074,1902,Rank,0.1757196084161309,0.1757196084161309,False,,2.786659,6.8217893,9.950548,29.970903,6.613211,40.4285,18.1855,13.824466,14.95668,24.416353,66.25596,24.3601661105406,16.80371148504556,16.80371148504556,16.80371148504556,19.443587448877544,30.75053617116525,24.554170922550135,24.554170922550135,8.387158677978025
GLWGVIKKAGKNLVGLSK,7,6,1,1.2288315313008822,1903,Rank,0.1409101701556771,0.1409101701556771,False,,4.809088,4.626237,4.8962975,7.002992,38.207054,33.967293,20.330397,18.249609,9.882566,13.781997,35.397667,29.398247551129767,17.183126078175423,17.183126078175423,17.183126078175423,27.283448212230006,40.75617062819398,30.37050650589646,30.37050650589646,13.925265277997827
WSLSLLGKLLKKKVL,7,6,1,1.2580356480438222,1904,Rank,0.093781547207906,0.093781547207906,False,,26.19218,23.579165,11.922705,19.185507,23.482933,13.828588,14.011077,5.691715,10.039632,8.964551,46.606083,24.006074251900227,16.55225048734911,16.55225048734911,16.55225048734911,22.64837117818994,33.48519804668715,26.876253846916313,26.876253846916313,15.820182101713092
GINDIIHRIVVGRIYRLL,7,6,1,1.347177882342178,1905,Rank,0.1746802109345943,0.1746802109345943,False,,18.531542,26.203117,10.222222,14.974566,14.331778,61.970936,60.19834,9.030337,5.537516,5.620523,45.6866,32.88891534805664,27.71084199895907,27.71084199895907,27.71084199895907,38.56249015782013,66.21953880069377,37.02510906292922,37.02510906292922,7.024149357761962
FFWPWVWNPIKRF,7,6,1,1.416547503769067,1906,Rank,0.1508193141969077,0.1508193141969077,False,,29.44445,32.168324,9.230422,33.64179,4.565048,13.319308,14.009662,7.482832,61.16827,36.344795,13.954418,60.789072442673415,53.604317036680115,53.604317036680115,53.604317036680115,41.14021100031026,52.97724674998191,41.427634807063605,41.427634807063605,10.518546435315951
GIADKIKGFAKGVAVNLLGKLKCKLT,7,4,3,1.2312781879272219,1907,Rank,0.1637136127862494,0.1637136127862494,False,,5.713549,5.07757,3.671221,5.167085,23.499355,24.556955,30.518654,22.55855,28.980085,17.390816,49.869495,23.662026070305927,13.929000204538792,13.929000204538792,13.929000204538792,25.964200104198405,29.367123794151397,29.92984707974122,29.92984707974122,17.592477159457474
GKWSSILKHLLKHH,7,3,4,1.2058086017134102,1908,Rank,0.109235113038627,0.109235113038627,False,,17.92477,19.993711,12.47782,22.70866,41.87515,37.758682,22.151442,5.8558555,16.219011,13.611631,52.636963,18.839380346958368,5.286019922633,5.286019922633,5.286019922633,24.063457467485065,35.313158093782675,18.619761444071514,18.619761444071514,6.585792536356112
GFLSKLFSGGLKFGLKAGPKIL,7,3,4,1.211687302311968,1909,Rank,0.1654595016869454,0.1654595016869454,False,,19.385681,23.68639,39.82228,31.100395,21.932255,3.5030878,7.365149,18.747442,16.244638,12.251265,19.263494,18.75067085664467,10.556199640289808,10.556199640289808,10.556199640289808,20.359588110503555,25.407270404479686,20.3891783134602,20.3891783134602,15.614357631777898
GKWFSSLKKILEKIK,7,3,4,1.2625149000801765,1910,Rank,0.0941341702752244,0.0941341702752244,False,,19.6649,19.788122,11.514715,25.642006,22.388916,42.29234,26.25974,5.5744,37.899952,5.750271,31.193096,23.23515059308284,11.494356103137177,11.494356103137177,11.494356103137177,31.977695955639543,33.032578468088744,23.411223156330948,23.411223156330948,8.04619243375052
GILGSLLGSALHGGKSLGKHIYK,7,3,4,1.3008858832333814,1911,Rank,0.1593588528106901,0.1593588528106901,False,,15.170458,12.927274,26.98052,32.906956,22.614578,24.822859,21.487446,6.8597674,22.747782,31.928097,80.89953,19.896147741816197,12.393490843515588,12.393490843515588,12.393490843515588,21.733639242730288,24.408799505409394,20.750332750988353,20.750332750988353,14.223369764781085
GVWGNILGGIKKLF,7,3,4,1.3401289447337488,1912,Rank,0.171444754197439,0.171444754197439,False,,21.973207,21.874292,12.982095,37.440918,73.842316,26.967333,21.652914,121.516304,8.155108,11.538301,40.854397,32.243826396678976,13.502994860220236,13.502994860220236,13.502994860220236,16.123880937375212,27.81347372217704,23.739155970946054,23.739155970946054,6.723002702438045
GVLDKIKGAGKKFFATVKVKPGPPSSFS,7,2,5,1.3466591062200974,1913,Rank,0.146177308591467,0.146177308591467,False,,8.987231,9.811466,29.915203,33.278236,43.64062,31.118515,26.094893,34.77544,53.00849,61.614628,76.25225,12.317441295993754,12.117639041893957,12.117639041893957,12.117639041893957,14.310181170257756,16.522177684992155,17.318461056933277,17.318461056933277,20.475975770489764
GFLSKILGAGSKFLKNLAQKA,6,6,0,1.1804336148359262,1914,Rank,0.1365176365495988,0.1365176365495988,False,,2.3880718,2.4185686,8.674485,16.516447,25.765907,43.835495,17.591927,5.772235,4.11505,10.255073,31.773474,26.071238127701513,17.549156947180673,17.549156947180673,17.549156947180673,39.78963450867297,18.089358360153636,31.580818715548,31.580818715548,31.55212134499385
GLIKVASKLLEKLLK,6,6,0,1.1977155532374157,1915,Rank,0.134863068513894,0.134863068513894,False,,7.7174826,5.0690904,5.659961,33.87009,20.567326,19.712852,18.768997,3.7302086,2.908146,6.3387403,26.46861,26.07186788812169,27.259336736136973,27.259336736136973,27.259336736136973,26.536484249961788,21.990963993502827,30.70210784438145,30.70210784438145,29.831956359822893
GWLTKAKEKLKGVAKRIVQVLASTQVGIAEG,6,6,0,1.2112885218613265,1916,Rank,0.1655126338265766,0.1655126338265766,False,,4.3371615,4.1363745,2.7363203,6.0381823,29.036095,18.052776,17.403913,9.942377,15.261345,16.665956,45.23707,24.092908099783006,17.732024228725834,17.732024228725834,17.732024228725834,36.192725364876,37.216085105197806,30.16213139646341,30.16213139646341,33.02895182837145
QFKLLSKLRKVAKIKKLKK,6,6,0,1.218454299125845,1917,Rank,0.1359348433930184,0.1359348433930184,False,,5.7022557,6.8956904,1.8511147,3.5372176,32.471207,4.376381,2.1076646,20.109531,29.864147,47.3966,16.761965,30.819777107580936,30.344649712882507,30.344649712882507,30.344649712882507,37.79021353263938,35.711417795964955,39.98673601364819,39.98673601364819,34.21629440628404
VLGKILGGIKSLFKK,6,6,0,1.2317687015902892,1918,Rank,0.1638488299306625,0.1638488299306625,False,,2.21413,2.1899266,5.9107385,25.89327,9.130716,19.130596,18.65257,44.521774,4.3085966,9.034082,29.937695,48.10856096040733,21.128854421218634,21.128854421218634,21.128854421218634,53.90902024623353,30.05650047542921,48.610252999395804,48.610252999395804,19.8163712898356
GVPIKVFKTVIKSALKAALGAVKEAVSEGVQPKVS,6,6,0,1.2461126477519104,1919,Rank,0.1491122366638329,0.1491122366638329,False,,2.741494,2.4345167,8.789091,13.696491,83.89455,18.11812,17.623762,3.2693524,15.860575,28.00524,31.263805,27.18415267478797,22.94981379575164,22.94981379575164,22.94981379575164,33.129247958927536,32.0554364435074,29.077128873034866,29.077128873034866,29.00165143467708
GFVASLWRKIAEKFLKNKA,6,6,0,1.2461426461547476,1920,Rank,0.1652581806891238,0.1652581806891238,False,,4.381168,5.3662133,11.307222,25.320864,25.547318,45.10309,24.437265,4.6429515,8.9510975,9.528272,31.40343,25.317944023232315,23.283685291860778,23.283685291860778,23.283685291860778,26.63379420292342,31.70064620551051,27.187130082214217,27.187130082214217,17.810795108589787
GIIGSEIKGALKFVGKALFKTMAKESMQ,6,6,0,1.291479983526198,1921,Rank,0.1447975333404176,0.1447975333404176,False,,2.7936907,3.188801,12.012281,29.489786,33.979507,41.011406,21.60141,8.598265,7.5868316,12.905477,17.93013,32.825286814437,29.0475569913411,29.0475569913411,29.0475569913411,38.97254799041016,41.059525854845546,40.79143656225487,40.79143656225487,21.989539475335707
WSKALKHAKWLLK,6,6,0,1.3031576980398167,1922,Rank,0.1579765869905956,0.1579765869905956,False,,6.3493347,11.39236,2.9448693,7.985277,49.40695,30.775185,20.133705,4.452449,12.062359,21.535604,38.23493,30.385398941682958,31.00071787816815,31.00071787816815,31.00071787816815,40.44636276393358,52.416267268714314,35.08561235506292,35.08561235506292,21.25745123001849
GILGKLLKRFPKKILSAS,6,6,0,1.3295275844995733,1923,Rank,0.1213249578263641,0.1213249578263641,False,,13.331203,13.407294,16.968853,16.282087,20.040194,7.2132907,9.868623,11.497723,22.669947,11.964573,45.171864,25.33412765419977,39.023287409095055,39.023287409095055,39.023287409095055,34.18338184224676,34.731339692587234,29.20914416367414,29.20914416367414,25.73993566956709
RKILRKNLWKLLK,6,6,0,1.349127371462171,1924,Rank,0.0991547423755379,0.0991547423755379,False,,28.454998,36.724754,4.6854644,8.78888,45.011578,15.109012,12.399534,3.2961323,21.751663,5.697865,27.986534,49.80718193341802,23.35447857114375,23.35447857114375,23.35447857114375,57.326320552955416,30.190633545346778,59.921610858092954,59.921610858092954,58.7251292475521
GVFDILKGAGKQLLQKLFCKITK,6,6,0,1.352653255651271,1925,Rank,0.1465247429732745,0.1465247429732745,False,,6.0366235,13.698973,5.065584,22.236559,52.27969,52.719673,50.916454,6.0947857,5.262538,11.717752,35.798355,41.688998528727936,17.859344148141513,17.859344148141513,17.859344148141513,49.93887604400586,55.72901309882962,52.55572555902089,52.55572555902089,35.19514845638773
GLLEKKLSSKLRIWKKLK,6,6,0,1.3529396471692692,1926,Rank,0.1392309039769406,0.1392309039769406,False,,40.284584,37.970352,5.9985704,4.8808565,34.301105,17.730968,12.404583,7.309487,15.263318,7.488132,29.245928,30.47456407224154,46.05524071440448,46.05524071440448,46.05524071440448,37.63106444265994,20.398202054760734,39.272640682403335,39.272640682403335,39.35273086859881
GILGKILSAGLKGLPKVIPKVPGSVQNT,6,6,0,1.3702947342810343,1927,Rank,0.1313644416476276,0.1313644416476276,False,,4.606252,5.497326,2.725939,2.6427808,29.27383,12.838641,15.803325,54.14938,24.27994,34.36367,94.13036,40.76945192957231,37.41470053631146,37.41470053631146,37.41470053631146,43.36483032421541,45.3205260171353,48.38881136377777,48.38881136377777,56.236278119594395
SWRLGKGHLRGIVKRGRK,6,6,0,1.3866793796231216,1928,Rank,0.1349560497582487,0.1349560497582487,False,,10.373895,9.395908,17.039463,9.688364,30.894592,21.749813,22.55449,15.503919,6.191088,2.8644207,23.544765,59.206938289448,42.75832314927896,42.75832314927896,42.75832314927896,63.09255820160109,46.745542041708156,69.64078837309646,69.64078837309646,51.80953673505089
RVKYHVHLYHLVYRL,6,6,0,1.415283398780123,1929,Rank,0.1561134337973539,0.1561134337973539,False,,2.7835958,2.8785393,13.055359,29.442623,96.40126,44.940765,56.677006,4.082917,11.530551,11.530551,44.03969,43.77444906086747,46.97880238950683,46.97880238950683,46.97880238950683,52.6454451963503,67.2623476376145,53.010848728234436,53.010848728234436,24.756569627520275
GIPGKIWKTIKQKIKEKAKEKIAGLPPR,6,6,0,1.4269452625200092,1930,Rank,0.1558986222172041,0.1558986222172041,False,,2.2226095,2.4334662,13.704208,15.594595,36.328987,9.683596,8.272423,43.705677,50.941868,37.37515,37.29119,65.65384207172708,51.45658033876406,51.45658033876406,51.45658033876406,57.965317064101136,46.48021807539544,63.79761513000471,63.79761513000471,33.77815923562076
GLFSVFRMRVSRIKDFLRN,6,5,1,1.2007619603785848,1931,Rank,0.1206944287630837,0.1206944287630837,False,,16.371408,19.158121,11.776522,9.196367,44.547882,21.675861,24.015942,8.980956,3.9517546,4.7026873,21.888298,16.479249258421152,20.688955180182727,20.688955180182727,20.688955180182727,22.173573292774428,21.606040022841544,19.968778538392396,19.968778538392396,12.910000838833819
GLWSKILNGIKSL,6,5,1,1.245263125324541,1932,Rank,0.1503162192497742,0.1503162192497742,False,,14.514977,9.825651,11.675626,37.29155,22.458302,33.006187,20.624554,17.460642,3.8858876,5.5223355,30.326448,30.112257443312114,16.401729515585277,16.401729515585277,16.401729515585277,25.600723510633056,35.281185372149956,25.03905781022834,25.03905781022834,9.906014560953642
LRPKVVIRIRARFR,6,5,1,1.294500045545556,1933,Rank,0.1758752689814569,0.1758752689814569,False,,35.568493,24.870647,3.303986,3.0111065,9.189245,25.338322,30.431223,22.796825,10.937508,12.65739,29.17163,25.764223639601756,29.15166646146957,29.15166646146957,29.15166646146957,48.03402204548272,41.17048618822738,25.97773048683685,25.97773048683685,15.873209881097369
RKIWSLFKHKVKKF,6,5,1,1.3192033665343832,1934,Rank,0.1398093386376919,0.1398093386376919,False,,10.334562,17.266514,4.3676214,11.593128,18.21056,47.52694,28.631516,12.675974,28.36932,13.038842,106.35554,25.23010898459165,22.69689501314694,22.69689501314694,22.69689501314694,28.73644445096543,28.461714933026528,27.046690061092097,27.046690061092097,12.287039654763083
GLWGKLRNGIKSLF,6,4,2,1.1646289256854474,1935,Rank,0.1549399606822166,0.1549399606822166,False,,19.351814,18.103336,6.3160653,14.160737,28.04889,21.732536,20.053978,26.555853,4.2500916,2.7341337,17.50531,24.241181881868336,19.53286198915377,19.53286198915377,19.53286198915377,14.375175590282351,19.628719967659073,16.796420794867498,16.796420794867498,6.591753514215515
GLPIKLATQFKKIDIKKRISLRFCGFSG,6,3,3,1.2989062808844776,1936,Rank,0.1636494806333351,0.1636494806333351,False,,33.902927,36.297916,28.761768,29.148699,13.312802,19.327942,21.09888,31.993105,5.8416033,9.23835,28.508104,14.875747396872951,19.793908485767936,19.793908485767936,19.793908485767936,22.59531137835479,27.15141525319992,15.192159976306556,15.192159976306556,21.11460369102276
WGPWGKILGHLIKKG,6,2,4,1.2344850768974456,1937,Rank,0.1650884068992083,0.1650884068992083,False,,22.171803,22.299248,16.763245,20.426598,49.39815,33.427982,21.374443,9.404701,29.98722,16.535648,15.71835,20.565840912024175,7.80092300290326,7.80092300290326,7.80092300290326,21.16559811400472,39.2629722765792,16.44713292298052,16.44713292298052,5.091579805261276
GKWKSLLKIGGLAGLAINK,6,2,4,1.315055495441722,1938,Rank,0.1292235900058445,0.1292235900058445,False,,19.692636,23.514229,28.25339,24.983778,10.5875225,55.82801,44.96526,11.336983,18.957737,42.1472,52.347107,24.614789815568656,7.718979557073099,7.718979557073099,7.718979557073099,24.06557121382125,25.321502422716936,26.824802573592834,26.824802573592834,9.782348044865573
AKWLSKIKSLIK,6,2,4,1.3446309739869764,1939,Rank,0.128539513708092,0.128539513708092,False,,18.504936,22.300251,17.916876,36.823708,46.26821,52.93601,29.586756,6.150006,32.153667,4.2727337,61.947346,26.667386093021626,11.515976091122873,11.515976091122873,11.515976091122873,46.08994255555277,29.320978800096324,30.423488718758513,30.423488718758513,14.845032376054963
GKRMSKIKSLIKHL,6,2,4,1.3589802413443814,1940,Rank,0.1497759733143828,0.1497759733143828,False,,33.35498,35.38151,32.269707,41.43945,33.268726,5.864932,13.523633,23.628672,41.54923,37.051937,88.02276,16.663326482913504,11.896443901368794,11.896443901368794,11.896443901368794,25.416149895670646,32.00372317886104,19.58162722810501,19.58162722810501,12.96095620073147
GILSSLWGKVIKVGKKI,5,5,0,1.244433264748982,1941,Rank,0.0454354510918654,0.0454354510918654,False,,3.4417875,3.6646304,12.564926,28.345587,20.801973,19.45027,16.980762,9.218559,5.82747,17.165585,18.160322,28.43036525304476,25.66478555459011,25.66478555459011,25.66478555459011,41.488539544532294,32.10970103179324,32.27047768947596,32.27047768947596,22.45548976640601
GIGSALSVLGKGLPHLLSKIR,5,5,0,1.2828364502914802,1942,Rank,0.1580789078688698,0.1580789078688698,False,,12.309503,17.408281,11.697998,24.298155,11.608582,28.006615,26.035467,17.14261,6.22765,7.530472,50.258144,20.02839340567342,24.44406674845839,24.44406674845839,24.44406674845839,24.184490077307352,25.87528070279272,24.76067440099889,24.76067440099889,19.404362308671672
PRFKLFWRRL,5,5,0,1.2891969329639197,1943,Rank,0.164003764080017,0.164003764080017,False,,20.900393,8.572565,5.9387155,5.23417,27.297644,27.407951,17.663902,5.6711607,28.165163,8.553811,28.879158,34.648336480341946,25.828375783759068,25.828375783759068,25.828375783759068,46.21948284764567,27.344889817746587,38.54270128717769,38.54270128717769,18.679147842093823
GKSFKLLPKIICKKFKCK,5,5,0,1.3315147725540923,1944,Rank,0.1480653674751607,0.1480653674751607,False,,19.961971,23.20294,4.7147713,5.456814,51.845856,48.53318,21.011564,2.7093887,15.3949375,5.6195726,33.79858,35.858550367586766,35.99052863957871,35.99052863957871,35.99052863957871,50.602421513035615,31.744697650400166,40.24992334151381,40.24992334151381,19.658801967581685
WSFIHHHRGLCRGGVRCY,5,5,0,1.3426303260392423,1945,Rank,0.1733919640959566,0.1733919640959566,False,,7.0877295,7.249122,26.620098,15.067025,28.274002,33.951984,43.500786,2.962048,15.854764,22.06255,30.94645,25.399683792975086,33.45757110127418,33.45757110127418,33.45757110127418,36.47804103034765,33.495990414423815,31.240464224876607,31.240464224876607,22.752966169671684
FVKLIASHVLKKFRK,5,5,0,1.358405704089637,1946,Rank,0.1521559195845066,0.1521559195845066,False,,4.919387,8.468944,7.1213603,12.748357,18.3058,31.520102,24.792599,5.3566413,24.904655,46.197895,41.812263,32.954014975955545,29.575851163690555,29.575851163690555,29.575851163690555,47.750281890035986,82.49291400950274,38.38755819726841,38.38755819726841,21.34350369889092
GVLSGILKAGVKGLLKNLA,5,5,0,1.3748046265583311,1947,Rank,0.153818374422188,0.153818374422188,False,,8.477587,7.541674,4.260857,8.186132,25.008684,17.746243,17.919733,5.9005547,16.11658,32.433155,93.91401,40.05603222149012,36.9368775203933,36.9368775203933,36.9368775203933,46.58775469071937,66.69598025521147,52.28002032124467,52.28002032124467,35.58535636648131
NWLSKLRKIKIFRREKVTKSI,5,5,0,1.3817760251766669,1948,Rank,0.119785786156421,0.119785786156421,False,,27.451998,20.998056,3.2536106,3.5486605,50.50261,13.588725,13.176504,26.634554,35.559784,4.6186414,31.494207,41.1280958705247,40.404451849297324,40.404451849297324,40.404451849297324,42.450234769391194,38.78252138948198,46.887889118212655,46.887889118212655,53.06784621224791
GIAGKILGGGLKFALKGLAKV,5,5,0,1.4063686324859406,1949,Rank,0.1659920683677807,0.1659920683677807,False,,11.697982,8.835469,14.709644,19.630798,44.11985,21.91626,21.974232,6.871704,4.729848,18.443907,29.086605,43.91171407921288,41.30423401845268,41.30423401845268,41.30423401845268,53.979457748755124,66.98715160799449,54.00904017696252,54.00904017696252,37.153792552509145
RLGRHLVHHRKVLLH,5,5,0,1.4279826796013846,1950,Rank,0.1755593818075553,0.1755593818075553,False,,8.984177,9.454103,29.737879,44.485786,32.162514,58.284138,49.196354,4.9230747,11.530551,10.672475,46.05375,33.81210161538563,37.37180704775962,37.37180704775962,37.37180704775962,37.89127789886017,39.57962854372655,38.6449294515798,38.6449294515798,31.744854495357874
AFWGKIWQIRRNFK,5,5,0,1.4283982091339782,1951,Rank,0.156364151081239,0.156364151081239,False,,7.2689066,7.4294133,13.038087,29.824858,41.99696,67.60138,45.21866,3.992454,21.477688,6.3097076,56.88626,50.65210204511895,26.712837555922437,26.712837555922437,26.712837555922437,67.43641831436678,64.215354378347,54.5350829067922,54.5350829067922,35.84018841173228
GFLGKIMGAGKKFLPKLF,5,5,0,1.433096901327741,1952,Rank,0.0984804208065458,0.0984804208065458,False,,18.082796,19.233067,10.148729,10.542234,37.51789,18.20667,11.813868,18.749851,7.6313,10.647013,18.932327,61.615522678328794,45.043466539043685,45.043466539043685,45.043466539043685,70.02069337986332,91.6754843030759,71.11976978317684,71.11976978317684,28.996429718572838
GIIHSIISSFFKAGKKIIPGVKSANLS,5,5,0,1.4350907718234356,1953,Rank,0.1217512602279368,0.1217512602279368,False,,22.504465,32.706657,13.800543,15.173423,5.638243,9.815661,19.675348,36.228817,7.3389225,17.70161,39.051907,53.29636187105803,44.575270318853725,44.575270318853725,44.575270318853725,64.40457044128621,48.08466531034318,68.49859709070552,68.49859709070552,23.786876022001188
GLLSGILGHLKKRIF,5,4,1,1.2623195448274374,1954,Rank,0.1130593818075554,0.1130593818075554,False,,11.977943,16.28734,21.331398,26.986141,7.5246353,20.693674,20.541891,4.6970673,17.548994,7.7310343,26.632998,31.091407013440364,23.03478696602804,23.03478696602804,23.03478696602804,29.609894375611958,27.36801772185161,31.55148045770071,31.55148045770071,9.435948596130531
GPVSIGGKFLKKIIKGLGK,5,4,1,1.2722634163496687,1955,Rank,0.1333093685245204,0.1333093685245204,False,,6.946737,6.0330415,16.422106,19.436512,18.441628,5.406416,10.711796,31.84182,47.920925,37.47416,33.98165,22.665355462572016,17.739409392124593,17.739409392124593,17.739409392124593,27.519068361014178,23.201958711563666,29.392599435898834,29.392599435898834,14.388621389430273
GILGKLIKGGIHIGKLI,5,4,1,1.2996796182468124,1956,Rank,0.1611636851787896,0.1611636851787896,False,,17.736366,22.561455,16.122646,13.798463,15.253337,38.129253,30.442175,7.330155,6.3393693,37.099464,69.81436,17.66871717485937,16.779481358755987,16.779481358755987,16.779481358755987,24.58173219903189,34.59904007044564,24.87281230548717,24.87281230548717,11.826498684588525
GKHFKFLKAALPKLL,5,4,1,1.3665725775346278,1957,Rank,0.139018582965836,0.139018582965836,False,,17.776304,31.553135,6.7299323,15.223405,58.150368,23.605236,12.587734,11.170113,17.942015,45.018906,66.435814,24.804510100225798,19.019736144664293,19.019736144664293,19.019736144664293,37.387248782731355,38.569963891904344,32.597080588449636,32.597080588449636,13.782768662847337
GMWSKILGHLKSL,5,4,1,1.3957179440927128,1958,Rank,0.1642868587614898,0.1642868587614898,False,,10.860044,10.841604,23.769365,39.0493,48.560085,34.723053,22.054903,7.443932,12.931756,17.25996,57.418682,44.56953226443873,24.359978886162686,24.359978886162686,24.359978886162686,48.79545892496196,66.90225625255519,36.2047282600834,36.2047282600834,7.681180165711266
GFLGKILGLGKSLL,5,1,4,1.355891630984178,1959,Rank,0.162057799466022,0.162057799466022,False,,25.533464,20.529,20.337257,48.858116,52.525986,35.904545,24.957314,46.001846,3.470239,35.306618,39.74836,31.392148915520465,13.158866128727823,13.158866128727823,13.158866128727823,22.180549420131022,34.922023751646265,27.372442785616382,27.372442785616382,5.753330009721389
GLWLKVKEKLKSVGKAAGKAAVNKVA,4,4,0,1.2675157082983977,1960,Rank,0.1130957026061314,0.1130957026061314,False,,33.612785,29.618479,2.585104,1.692257,52.23168,20.447824,8.481601,6.13652,25.555088,20.168625,61.35644,23.8829056511131,18.862815333079997,18.862815333079997,18.862815333079997,23.827581499961163,26.89172839412276,31.584841204041897,31.584841204041897,28.55912271464218
GIIGSKFKGGMKFAKKFIPEAIPSLSKQ,4,4,0,1.2821636905815172,1961,Rank,0.1556738483608735,0.1556738483608735,False,,7.5339036,10.5875225,8.543585,24.788004,11.773309,18.04947,17.571306,40.182816,16.567924,41.809948,29.162104,17.37236657880579,20.23197410401104,20.23197410401104,20.23197410401104,31.938230164170257,27.133080156902906,17.930803982290076,17.930803982290076,21.42991628206567
FKWQLKKLNSKKKLKAGKLL,4,4,0,1.3015489615065903,1962,Rank,0.1468041018011795,0.1468041018011795,False,,17.430563,12.632919,6.225855,17.591671,56.33242,17.308058,6.9411473,10.968107,34.506443,26.597164,64.50063,17.83014111563553,21.912992962585317,21.912992962585317,21.912992962585317,21.983244934363793,26.978497338400587,18.99291014606961,18.99291014606961,25.248544208089406
GVLFSLLRKKKKFFPKIVK,4,4,0,1.3571581700482187,1963,Rank,0.1411185477657935,0.1411185477657935,False,,25.85961,22.87911,17.751518,16.769743,32.881756,10.259555,5.1433315,17.903513,14.483607,5.8392577,30.1042,36.986641760066895,28.550516591680832,28.550516591680832,28.550516591680832,44.20515158701969,41.368125294996204,46.72912103923862,46.72912103923862,29.041019661793086
GLGAWWGKVKSLL,4,4,0,1.3762906223354576,1964,Rank,0.1064249209659422,0.1064249209659422,False,,14.056285,15.9735985,33.524017,46.69017,50.483166,37.71236,24.45614,25.3234,5.375163,6.232405,31.747252,34.15866662766191,23.47538592013081,23.47538592013081,23.47538592013081,39.472554908884824,39.214859692004545,25.772782192566307,25.772782192566307,16.759315511525173
VIPIAWGKILGHLKK,4,4,0,1.387887780065028,1965,Rank,0.167643108097338,0.167643108097338,False,,12.729307,24.35657,7.648327,16.522215,4.5023704,25.431042,26.219643,10.233525,17.1627,19.859165,28.744625,48.50748720656348,39.73229252910786,39.73229252910786,39.73229252910786,53.2647427216081,55.22070001257374,48.14314485121167,48.14314485121167,23.40394347660512
GIGGVLKKVSGVLKKVL,4,4,0,1.4151473405378243,1966,Rank,0.1202948999787471,0.1202948999787471,False,,14.475313,12.935775,5.0042872,6.59767,28.476828,17.249432,17.489105,30.546604,16.502665,29.74753,73.9044,39.88211873179156,30.598709513295724,30.598709513295724,30.598709513295724,47.77515225359964,49.40689653193466,52.499523096956885,52.499523096956885,45.91276225772663
GILGKILGAGKKLLPHLS,4,4,0,1.4167416989640036,1967,Rank,0.1269115117422028,0.1269115117422028,False,,18.955317,14.624207,3.8562691,3.6711135,51.10217,22.460064,18.775412,10.56565,31.523226,23.135044,83.777596,42.880076767845814,31.83385806194372,31.83385806194372,31.83385806194372,58.39506386284679,81.83427834748628,50.13440061398709,50.13440061398709,23.833848047861597
EWLKKSALKAGMKIIGGVKAIGGAGKSS,4,4,0,1.4171527507783817,1968,Rank,0.1327421414244726,0.1327421414244726,False,,11.628887,11.252927,11.001929,13.05413,47.936714,23.83621,16.190979,36.546593,35.859398,36.956043,21.886915,33.998252084251426,26.431453607535325,26.431453607535325,26.431453607535325,42.729941466195946,47.45831639733183,43.44650352065937,43.44650352065937,24.87494252261291
GIILSKIKESFKKIAKGAVKKGRGPEE,4,4,0,1.4907094740573075,1969,Rank,0.1380914686387546,0.1380914686387546,False,,22.14067,23.127317,12.7048855,15.831503,28.853146,11.23193,12.169278,22.944674,48.561058,39.189583,30.530132,55.68923972149778,51.384427588294166,51.384427588294166,51.384427588294166,48.010835516454314,40.047907768923174,52.25958946108744,52.25958946108744,30.344633054309618
FPIVGRLAGGIMRARKK,4,4,0,1.4972870413970938,1970,Rank,0.1558409240343233,0.1558409240343233,False,,11.667787,9.754031,64.772675,66.10523,94.78771,27.879936,22.919502,7.6749964,12.575737,36.02276,61.41516,34.70467551020992,36.43183102706953,36.43183102706953,36.43183102706953,36.062519835402874,34.37503905835473,37.64411265227529,37.64411265227529,47.50102446245242
GFFGKILGAGKKFLPKL,4,4,0,1.5075439849204924,1971,Rank,0.1584971159210456,0.1584971159210456,False,,18.716824,18.959885,14.4590435,22.086163,24.900288,35.974873,12.200517,64.700516,10.598688,14.987231,23.569439,58.53093783012144,40.16355306557292,40.16355306557292,40.16355306557292,82.0831153100618,91.71693871638305,68.254735899578,68.254735899578,35.47225920287424
GVWGKLLSVIRK,4,4,0,1.5513848751595576,1972,Rank,0.1179390292093937,0.1179390292093937,False,,15.058586,13.590486,34.34711,53.29658,53.70172,49.616146,24.215073,23.483288,8.251511,7.7612457,34.457245,76.34830274993399,40.64077113241799,40.64077113241799,40.64077113241799,68.75850216249174,95.70762534292862,85.94897440976776,85.94897440976776,34.15449447505533
GAWGRIIGRIKNFF,4,3,1,1.2837213739542075,1973,Rank,0.1512628430343764,0.1512628430343764,False,,19.502693,16.241268,11.081136,11.883804,49.741425,16.916883,21.451834,34.73371,18.37438,6.696895,85.00686,24.42638653325487,18.541005496853224,18.541005496853224,18.541005496853224,18.67750207358743,19.38860288044513,17.519667625679453,17.519667625679453,9.981658980273075
GRLSKILGRIKRLG,4,3,1,1.3058613149236087,1974,Rank,0.0852218764943414,0.0852218764943414,False,,20.509207,19.990522,32.242924,23.566217,36.06535,4.3505406,9.770784,32.178223,18.160229,10.466707,43.309376,18.125820790004155,17.84258158305158,17.84258158305158,17.84258158305158,28.923948323836715,31.15903771084239,28.056035311313025,28.056035311313025,14.175090981887006
GFFPILGKVLSGIFK,4,3,1,1.329569879721515,1975,Rank,0.1565237550475532,0.1565237550475532,False,,18.67301,18.59506,36.775063,46.240154,21.898539,27.99537,27.927048,18.85729,6.018141,5.0052066,14.65702,32.37881419488526,25.142468248547686,25.142468248547686,25.142468248547686,30.26201926731275,23.004893176153228,31.23325333046237,31.23325333046237,13.269056608519339
GILGKILRAGLNAGKNL,4,3,1,1.3813588378664763,1976,Rank,0.1379227325859412,0.1379227325859412,False,,24.836128,19.194088,7.559531,18.908365,44.941223,54.83737,35.0258,8.225223,4.0478115,24.83313,47.76815,24.45203238930233,28.993278040150486,28.993278040150486,28.993278040150486,42.85467258061348,44.42532077375123,34.00463588392288,34.00463588392288,13.906479694575754
GINGKYKQAIVKLLSKVIKL,4,3,1,1.4235705186649978,1977,Rank,0.1664501255246799,0.1664501255246799,False,,8.836798,12.947867,30.917446,49.24106,61.095245,18.174656,18.873909,14.001849,20.596464,19.656702,25.546244,36.38431130198775,35.17142011915828,35.17142011915828,35.17142011915828,51.981627935638066,57.430284581222494,31.892684545626775,31.892684545626775,11.651400120363459
GFRAKIFQRIKRF,4,3,1,1.5496828856114566,1978,Rank,0.1616383461293236,0.1616383461293236,False,,33.954586,35.68424,12.156418,14.3066225,55.719837,50.55054,21.50565,39.575455,23.140905,8.300228,140.85391,44.67382550202827,42.17975664011553,42.17975664011553,42.17975664011553,55.389128862850846,66.6137029002919,61.634907814304476,61.634907814304476,15.345453372321472
GILGSLLGLGSKVGKHLPHLLPK,4,1,3,1.344509418575916,1979,Rank,0.1262486052813347,0.1262486052813347,False,,20.702639,18.670847,17.714418,26.688402,39.375584,20.835705,20.453932,7.2487516,27.03566,45.205666,110.1903,19.072727029436937,11.557374271137917,11.557374271137917,11.557374271137917,23.195705496068324,28.018263819738568,23.863711993083797,23.863711993083797,23.805955604676658
GLLSGILKAAGKGLPKLLEQVRK,3,3,0,1.3653555355798617,1980,Rank,0.1401463956484777,0.1401463956484777,False,,20.042824,20.737999,12.113356,24.862068,53.25198,14.523498,16.555412,7.905496,16.692837,17.537975,47.65852,30.39914715210865,21.183674104600087,21.183674104600087,21.183674104600087,41.72564428876609,37.47464281353921,39.59626511983132,39.59626511983132,16.193574294649867
GLLPKILGGIKSLF,3,3,0,1.4343062708176966,1981,Rank,0.1707513382657669,0.1707513382657669,False,,28.965517,27.468702,10.676319,34.33249,66.53452,38.24623,23.290308,180.10562,15.556032,13.458277,30.529848,31.53007883701557,18.54274612323692,18.54274612323692,18.54274612323692,32.17876945414736,26.303254910933187,28.206322677081634,28.206322677081634,18.022247495779673
GLNGKILRGAINLIKIKGK,3,3,0,1.446603822741523,1982,Rank,0.1449976090537166,0.1449976090537166,False,,14.389064,16.5825,6.6739693,6.2466393,52.87352,53.691242,47.662376,20.544834,20.610292,36.663223,80.51108,24.541456094417985,39.95580680522389,39.95580680522389,39.95580680522389,36.84955415106734,40.64231061592352,32.43806005169619,32.43806005169619,20.60688788505381
GILGKLWPKVIKSAAK,3,3,0,1.5346844388144583,1983,Rank,0.1095568115403007,0.1095568115403007,False,,11.592714,9.802307,17.782764,17.293806,61.31142,48.6779,27.291119,8.3661585,29.556643,52.214565,24.11048,61.11349259046897,53.511670672596765,53.511670672596765,53.511670672596765,62.968854167175984,41.441646805185876,71.59205615759052,71.59205615759052,44.50790397268353
GLWGKILNGVKSL,3,2,1,1.402387680784549,1984,Rank,0.1365495988523458,0.1365495988523458,False,,21.599329,22.727373,10.019909,34.8565,49.767944,32.186058,20.931723,40.294106,5.3537936,16.101532,41.326485,39.370655322695434,25.7799282856314,25.7799282856314,25.7799282856314,37.50261167311181,44.740657003183564,28.45543442202855,28.45543442202855,14.759893969045558
GSLSSIWRKYLQIGKNF,3,2,1,1.4192386631169218,1985,Rank,0.1639172168056957,0.1639172168056957,False,,21.86543,23.486498,40.654728,47.848385,36.12568,62.687714,43.401783,24.001541,11.056596,3.6609807,34.17308,32.01482894975784,20.049977548698816,20.049977548698816,20.049977548698816,48.50454472556256,32.88468164662157,37.46631175798425,37.46631175798425,12.877146917196113
GLNKKLLGLAKKLL,3,2,1,1.4227046351527455,1986,Rank,0.1505328987567079,0.1505328987567079,False,,62.136208,55.5718,15.465673,41.127903,46.950184,19.398935,16.21694,8.854764,67.39385,89.16357,36.482094,19.924161989024004,16.26851148982721,16.26851148982721,16.26851148982721,31.444220391200453,15.508183706720368,24.273235173344858,24.273235173344858,18.3298502719779
GELKKFFSKIRRF,3,0,3,1.4343278873612646,1987,Rank,0.159679721122682,0.159679721122682,False,,40.46032,34.941795,24.333956,33.65042,40.981968,30.62738,21.30989,48.997845,45.620083,20.627481,57.50294,19.397812072436288,15.07631266049104,15.07631266049104,15.07631266049104,35.83480756284782,19.957890322412325,22.835850258560583,22.835850258560583,23.874515947292217
GALEKGKLKGKIKGIISRVVPRIPVGVP,2,2,0,1.3323088483821046,1988,Rank,0.1668073146352479,0.1668073146352479,False,,21.796165,23.122955,31.025625,25.437912,38.488644,4.7794046,7.4002314,65.1054,33.12174,29.874453,40.08346,17.84517260255992,16.650126839208422,16.650126839208422,16.650126839208422,25.07906974954262,23.907042475666465,18.04942655080784,18.04942655080784,19.68190019378541
FFPIVGKQLFRKLF,2,2,0,1.4134363553614366,1989,Rank,0.1615131950348015,0.1615131950348015,False,,22.360006,22.894922,15.414477,23.95952,61.97228,84.24168,54.850437,45.487328,11.148747,16.19715,32.8287,18.263591689335065,23.919244779683076,23.919244779683076,23.919244779683076,26.70996341198543,24.756107543324617,20.35854308897709,20.35854308897709,18.56599048042171
GIFSPLLAGVKKFIPKKI,2,2,0,1.4135916210110084,1990,Rank,0.1717759998804526,0.1717759998804526,False,,33.737385,41.268093,19.403984,16.03671,35.956364,11.293978,11.932166,50.405334,24.493143,24.15101,45.064774,29.53699835119916,21.178081104738688,21.178081104738688,21.178081104738688,28.587373405521333,37.58548805804058,29.88426154882057,29.88426154882057,24.62403444610616
GWFSKIKGKVLEVVKA,2,2,0,1.4749034614053975,1991,Rank,0.1676090703203868,0.1676090703203868,False,,11.859719,9.42098,22.407963,40.570606,55.495796,35.842205,23.374989,29.9427,16.071974,34.074486,32.440002,44.393895025864616,16.95416086302005,16.95416086302005,16.95416086302005,58.39669882678342,56.74995180199064,55.44185008723921,55.44185008723921,56.86262484328167
GRQVKIWFKNARLKWK,2,1,1,1.4126426346085101,1992,Rank,0.1746355882392009,0.1746355882392009,False,,22.574785,24.285233,20.131794,23.847971,16.806387,34.454323,19.746853,38.79816,18.120548,14.543927,31.716478,27.846673089751118,32.51934756503141,32.51934756503141,32.51934756503141,41.91092137454946,40.67850527080834,28.53986050835671,28.53986050835671,13.79091635516201
GMWGKILGGLKHL,2,1,1,1.428053347802467,1993,Rank,0.1565853966314223,0.1565853966314223,False,,25.606642,26.249052,29.62191,44.906967,57.156048,16.572172,20.077364,37.78711,13.032566,28.89442,37.628265,35.77036908402059,18.86633646053777,18.86633646053777,18.86633646053777,39.16301118808245,35.62863451531571,34.6333034748843,34.6333034748843,9.944308017643332
RKLHSKIKIYRVL,1,1,0,1.581047884520371,1994,Rank,0.171390791868126,0.171390791868126,False,,25.36053,24.623894,15.505055,30.767212,40.081833,40.65765,33.961483,25.742537,19.673706,25.213722,88.69475,55.425705920010756,47.06984025634357,47.06984025634357,47.06984025634357,63.89579157119037,65.23684372031218,59.43754257625084,59.43754257625084,26.284879293652512
GLFSKILGRGKIFF,1,0,1,1.4124572861704539,1995,Rank,0.0970456454890813,0.0970456454890813,False,,41.67526,50.985878,46.53063,43.479527,18.812029,43.96653,16.80081,57.724514,23.121592,17.199354,32.366356,19.903079318755662,17.93290079935413,17.93290079935413,17.93290079935413,21.82230821091633,22.048837484192855,23.621642319716585,23.621642319716585,12.976074337082322
GLFSKIAGRFKVL,0,0,0,1.516867193468055,1996,Rank,0.1563199434806864,0.1563199434806864,False,,43.5568,46.547516,36.263786,47.212994,78.37026,69.55896,48.518566,35.33648,16.898148,32.285397,65.617775,26.15804489836534,19.11727872582875,19.11727872582875,19.11727872582875,19.339468965254472,27.58877135192348,30.73992804105364,30.73992804105364,20.31834215412298
GKIISKISGIKKILR,0,0,0,1.5322020407867578,1997,Rank,0.109014490130705,0.109014490130705,False,,34.806133,41.4911,22.211517,30.448084,71.701164,24.897327,21.111671,60.08518,51.39134,49.97416,128.87183,25.779164054347643,23.30179200283794,23.30179200283794,23.30179200283794,29.91697626955119,31.143509642568187,32.62005706220172,32.62005706220172,18.613930786476807
GLFGKILGAGKKIF,0,0,0,1.54930405702906,1998,Rank,0.1260283974682535,0.1260283974682535,False,,24.859577,23.393019,16.53855,36.44129,118.618774,102.809944,55.35197,111.52258,27.6926,23.530447,82.33605,32.775174345196554,18.899145568740472,18.899145568740472,18.899145568740472,37.68757729981298,45.2671897836025,29.82758398935803,29.82758398935803,20.372865110610878
GVGSKIKGIAKKLF,0,0,0,1.566045188099367,1999,Rank,0.1579846813399925,0.1579846813399925,False,,21.969835,23.365898,30.636133,41.811726,122.2675,82.777374,39.87429,63.154465,63.171925,51.627754,91.79698,30.77477052554636,16.445385878795538,16.445385878795538,16.445385878795538,30.340576964032422,29.58474199619044,40.09616192968154,40.09616192968154,21.124319582120975
GVWPILKAKKKLF,0,0,0,1.5846584634969094,2000,Rank,0.1277680599463365,0.1277680599463365,False,,31.394545,34.785023,26.422909,24.936874,79.50347,42.17316,19.600313,27.411127,24.794756,42.491703,99.80925,45.74217645691033,33.58848380751834,33.58848380751834,33.58848380751834,47.50987845212585,58.4508227219129,44.258499895568704,44.258499895568704,38.3881588099937
